#
# There is insufficient memory for the Java Runtime Environment to continue.
# Native memory allocation (mmap) failed to map 65536 bytes. Error detail: Failed to commit metaspace.
# Possible reasons:
#   The system is out of physical RAM or swap space
#   This process is running with CompressedOops enabled, and the Java Heap may be blocking the growth of the native heap
# Possible solutions:
#   Reduce memory load on the system
#   Increase physical memory or swap space
#   Check if swap backing store is full
#   Decrease Java heap size (-Xmx/-Xms)
#   Decrease number of Java threads
#   Decrease Java thread stack sizes (-Xss)
#   Set larger code cache with -XX:ReservedCodeCacheSize=
#   JVM is running with Unscaled Compressed Oops mode in which the Java heap is
#     placed in the first 4GB address space. The Java Heap base address is the
#     maximum limit for the native heap growth. Please use -XX:HeapBaseMinAddress
#     to set the Java Heap base and to place the Java Heap above 4GB virtual address.
# This output file may be truncated or incomplete.
#
#  Out of Memory Error (virtualSpaceNode.cpp:113), pid=15444, tid=13504
#
# JRE version: OpenJDK Runtime Environment (21.0.9) (build 21.0.9+-14649483-b1163.86)
# Java VM: OpenJDK 64-Bit Server VM (21.0.9+-14649483-b1163.86, mixed mode, tiered, compressed oops, compressed class ptrs, g1 gc, windows-amd64)
# No core dump will be written. Minidumps are not enabled by default on client versions of Windows
#

---------------  S U M M A R Y ------------

Command Line: --add-opens=java.base/java.lang=ALL-UNNAMED --add-opens=java.base/java.lang.invoke=ALL-UNNAMED --add-opens=java.base/java.util=ALL-UNNAMED --add-opens=java.prefs/java.util.prefs=ALL-UNNAMED --add-exports=jdk.compiler/com.sun.tools.javac.api=ALL-UNNAMED --add-exports=jdk.compiler/com.sun.tools.javac.util=ALL-UNNAMED --add-opens=java.base/java.util=ALL-UNNAMED --add-opens=java.prefs/java.util.prefs=ALL-UNNAMED --add-opens=java.base/java.nio.charset=ALL-UNNAMED --add-opens=java.base/java.net=ALL-UNNAMED --add-opens=java.base/java.util.concurrent.atomic=ALL-UNNAMED --add-opens=java.xml/javax.xml.namespace=ALL-UNNAMED -Xmx2048m -Dfile.encoding=UTF-8 -Duser.country=PE -Duser.language=es -Duser.variant -javaagent:C:\Users\thepe\.gradle\wrapper\dists\gradle-8.13-bin\5xuhj0ry160q40clulazy9h7d\gradle-8.13\lib\agents\gradle-instrumentation-agent-8.13.jar org.gradle.launcher.daemon.bootstrap.GradleDaemon 8.13

Host: Intel(R) Core(TM) i5-10300H CPU @ 2.50GHz, 8 cores, 15G,  Windows 11 , 64 bit Build 26100 (10.0.26100.7705)
Time: Fri Mar 13 00:26:47 2026 Hora est. Pacífico, Sudamérica elapsed time: 11.064728 seconds (0d 0h 0m 11s)

---------------  T H R E A D  ---------------

Current thread (0x000002ebc23e4060):  JavaThread "Daemon worker"        [_thread_in_vm, id=13504, stack(0x000000f170500000,0x000000f170600000) (1024K)]

Stack: [0x000000f170500000,0x000000f170600000]
Native frames: (J=compiled Java code, j=interpreted, Vv=VM code, C=native code)
V  [jvm.dll+0x6d6c99]
V  [jvm.dll+0x866b83]
V  [jvm.dll+0x86919e]
V  [jvm.dll+0x869883]
V  [jvm.dll+0x280776]
V  [jvm.dll+0x861a3e]
V  [jvm.dll+0x67a1b5]
V  [jvm.dll+0x1e4571]
V  [jvm.dll+0x1e433e]
V  [jvm.dll+0x67cb08]
V  [jvm.dll+0x67c942]
V  [jvm.dll+0x67abae]
V  [jvm.dll+0x26b30f]
V  [jvm.dll+0x684d25]
V  [jvm.dll+0x2164dc]
V  [jvm.dll+0x216a25]
V  [jvm.dll+0x217406]
V  [jvm.dll+0x20c3ba]
V  [jvm.dll+0x5b7535]
V  [jvm.dll+0x7decf3]
V  [jvm.dll+0x7dee3b]
V  [jvm.dll+0x472707]
V  [jvm.dll+0x478058]
C  [java.dll+0x17ec]

Java frames: (J=compiled Java code, j=interpreted, Vv=VM code)
J 1053  java.lang.ClassLoader.defineClass1(Ljava/lang/ClassLoader;Ljava/lang/String;[BIILjava/security/ProtectionDomain;Ljava/lang/String;)Ljava/lang/Class; java.base@21.0.9 (0 bytes) @ 0x000002ebaf46f189 [0x000002ebaf46f0c0+0x00000000000000c9]
J 9558 c2 java.security.SecureClassLoader.defineClass(Ljava/lang/String;[BIILjava/security/CodeSource;)Ljava/lang/Class; java.base@21.0.9 (16 bytes) @ 0x000002ebaf5cd944 [0x000002ebaf5cd200+0x0000000000000744]
J 3742 c1 java.net.URLClassLoader.defineClass(Ljava/lang/String;Ljdk/internal/loader/Resource;)Ljava/lang/Class; java.base@21.0.9 (224 bytes) @ 0x000002eba794809c [0x000002eba7946e40+0x000000000000125c]
J 8879 c1 java.net.URLClassLoader$1.run()Ljava/lang/Class; java.base@21.0.9 (81 bytes) @ 0x000002eba820eeec [0x000002eba820e2e0+0x0000000000000c0c]
J 1148 c1 java.net.URLClassLoader$1.run()Ljava/lang/Object; java.base@21.0.9 (5 bytes) @ 0x000002eba7b1bd54 [0x000002eba7b1bcc0+0x0000000000000094]
J 8865 c1 java.security.AccessController.doPrivileged(Ljava/security/PrivilegedExceptionAction;Ljava/security/AccessControlContext;)Ljava/lang/Object; java.base@21.0.9 (26 bytes) @ 0x000002eba7e91884 [0x000002eba7e916a0+0x00000000000001e4]
J 8875 c1 java.net.URLClassLoader.findClass(Ljava/lang/String;)Ljava/lang/Class; java.base@21.0.9 (47 bytes) @ 0x000002eba7b41844 [0x000002eba7b416a0+0x00000000000001a4]
J 8947 c1 org.gradle.internal.classloader.VisitableURLClassLoader$InstrumentingVisitableURLClassLoader.findClass(Ljava/lang/String;)Ljava/lang/Class; (36 bytes) @ 0x000002eba79bdf9c [0x000002eba79bdec0+0x00000000000000dc]
J 10022 c1 java.lang.ClassLoader.loadClass(Ljava/lang/String;Z)Ljava/lang/Class; java.base@21.0.9 (121 bytes) @ 0x000002eba882fa8c [0x000002eba882f4e0+0x00000000000005ac]
J 3662 c2 java.lang.ClassLoader.loadClass(Ljava/lang/String;)Ljava/lang/Class; java.base@21.0.9 (7 bytes) @ 0x000002ebaf4291ec [0x000002ebaf4291a0+0x000000000000004c]
v  ~StubRoutines::call_stub 0x000002ebaee5100d
j  org.jetbrains.kotlin.gradle.plugin.KotlinPluginWrapperKt.getKotlinPluginVersion(Lorg/gradle/api/logging/Logger;)Ljava/lang/String;+20
j  org.jetbrains.kotlin.gradle.plugin.DefaultKotlinBasePlugin.<init>()V+24
j  org.jetbrains.kotlin.gradle.plugin.KotlinBasePluginWrapper.<init>()V+1
j  org.jetbrains.kotlin.gradle.plugin.AbstractKotlinAndroidPluginWrapper.<init>(Lorg/gradle/tooling/provider/model/ToolingModelBuilderRegistry;)V+7
j  org.jetbrains.kotlin.gradle.plugin.KotlinAndroidPluginWrapper.<init>(Lorg/gradle/tooling/provider/model/ToolingModelBuilderRegistry;)V+8
J 4930 c2 java.lang.invoke.DirectMethodHandle$Holder.newInvokeSpecial(Ljava/lang/Object;Ljava/lang/Object;)Ljava/lang/Object; java.base@21.0.9 (21 bytes) @ 0x000002ebaf6dd078 [0x000002ebaf6dcf40+0x0000000000000138]
J 1876 c1 java.lang.invoke.LambdaForm$MH+0x00000001000d8000.invoke(Ljava/lang/Object;Ljava/lang/Object;)Ljava/lang/Object; java.base@21.0.9 (35 bytes) @ 0x000002eba7cbc20c [0x000002eba7cbbd00+0x000000000000050c]
J 9822 c2 jdk.internal.reflect.DirectConstructorHandleAccessor.newInstance([Ljava/lang/Object;)Ljava/lang/Object; java.base@21.0.9 (130 bytes) @ 0x000002ebaf91ab0c [0x000002ebaf91a8c0+0x000000000000024c]
J 1814 c1 java.lang.reflect.Constructor.newInstanceWithCaller([Ljava/lang/Object;ZLjava/lang/Class;)Ljava/lang/Object; java.base@21.0.9 (51 bytes) @ 0x000002eba7c97dc4 [0x000002eba7c97be0+0x00000000000001e4]
J 6424 c1 org.gradle.internal.instantiation.generator.AsmBackedClassGenerator$InvokeConstructorStrategy.newInstance(Lorg/gradle/internal/service/ServiceLookup;Lorg/gradle/internal/instantiation/InstanceGenerator;Lorg/gradle/api/Describable;[Ljava/lang/Object;)Ljava/lang/Object; (66 bytes) @ 0x000002eba7a15c7c [0x000002eba7a153a0+0x00000000000008dc]
J 6423 c1 org.gradle.internal.instantiation.generator.AbstractClassGenerator$GeneratedClassImpl$GeneratedConstructorImpl.newInstance(Lorg/gradle/internal/service/ServiceLookup;Lorg/gradle/internal/instantiation/InstanceGenerator;Lorg/gradle/api/Describable;[Ljava/lang/Object;)Ljava/lang/Object; (15 bytes) @ 0x000002eba7a018c4 [0x000002eba7a017c0+0x0000000000000104]
J 6425 c1 org.gradle.internal.instantiation.generator.DependencyInjectingInstantiator.doCreate(Ljava/lang/Class;Lorg/gradle/api/Describable;[Ljava/lang/Object;)Ljava/lang/Object; (64 bytes) @ 0x000002eba7d34afc [0x000002eba7d34920+0x00000000000001dc]
J 5969 c1 org.gradle.internal.instantiation.generator.DependencyInjectingInstantiator.newInstance(Ljava/lang/Class;[Ljava/lang/Object;)Ljava/lang/Object; (8 bytes) @ 0x000002eba835d0cc [0x000002eba835d040+0x000000000000008c]
j  org.gradle.api.internal.plugins.PluginInstantiator.newInstance(Ljava/lang/Class;[Ljava/lang/Object;)Ljava/lang/Object;+28
j  org.gradle.api.internal.plugins.DefaultPluginManager.instantiatePlugin(Ljava/lang/Class;)Ljava/lang/Object;+9
j  org.gradle.api.internal.plugins.DefaultPluginManager.producePluginInstance(Ljava/lang/Class;)Lorg/gradle/api/Plugin;+16
j  org.gradle.api.internal.plugins.DefaultPluginManager.addPlugin(Ljava/lang/Runnable;Lorg/gradle/api/internal/plugins/PluginImplementation;Ljava/lang/String;Ljava/lang/Class;)V+16
j  org.gradle.api.internal.plugins.DefaultPluginManager.access$100(Lorg/gradle/api/internal/plugins/DefaultPluginManager;Ljava/lang/Runnable;Lorg/gradle/api/internal/plugins/PluginImplementation;Ljava/lang/String;Ljava/lang/Class;)V+6
j  org.gradle.api.internal.plugins.DefaultPluginManager$AddPluginBuildOperation.run(Lorg/gradle/internal/operations/BuildOperationContext;)V+20
j  org.gradle.internal.operations.DefaultBuildOperationRunner$1.execute(Lorg/gradle/internal/operations/RunnableBuildOperation;Lorg/gradle/internal/operations/BuildOperationContext;)V+2
j  org.gradle.internal.operations.DefaultBuildOperationRunner$1.execute(Lorg/gradle/internal/operations/BuildOperation;Lorg/gradle/internal/operations/BuildOperationContext;)V+6
J 7430 c1 org.gradle.internal.operations.DefaultBuildOperationRunner$2.execute(Lorg/gradle/internal/operations/BuildOperationDescriptor;Lorg/gradle/internal/operations/BuildOperationState;Lorg/gradle/internal/operations/BuildOperationState;Lorg/gradle/internal/operations/DefaultBuildOperationRunner$ReadableBuildOperationContext;Lorg/gradle/internal/operations/DefaultBuildOperationRunner$BuildOperationExecutionListener;)Lorg/gradle/internal/operations/BuildOperation; (110 bytes) @ 0x000002eba85694b4 [0x000002eba85692c0+0x00000000000001f4]
J 7601 c1 org.gradle.internal.operations.DefaultBuildOperationRunner$2.execute(Lorg/gradle/internal/operations/BuildOperationDescriptor;Lorg/gradle/internal/operations/BuildOperationState;Lorg/gradle/internal/operations/BuildOperationState;Lorg/gradle/internal/operations/DefaultBuildOperationRunner$ReadableBuildOperationContext;Lorg/gradle/internal/operations/DefaultBuildOperationRunner$BuildOperationExecutionListener;)Ljava/lang/Object; (12 bytes) @ 0x000002eba85bd3bc [0x000002eba85bd340+0x000000000000007c]
J 7433 c1 org.gradle.internal.operations.DefaultBuildOperationRunner.execute(Lorg/gradle/internal/operations/BuildOperationDescriptor$Builder;Lorg/gradle/internal/operations/BuildOperationState;Lorg/gradle/internal/operations/DefaultBuildOperationRunner$BuildOperationExecution;)Ljava/lang/Object; (147 bytes) @ 0x000002eba856b8ec [0x000002eba856ae00+0x0000000000000aec]
J 7458 c1 org.gradle.internal.operations.DefaultBuildOperationRunner.execute(Lorg/gradle/internal/operations/BuildOperation;Lorg/gradle/internal/operations/BuildOperationWorker;Lorg/gradle/internal/operations/BuildOperationState;)V (23 bytes) @ 0x000002eba85769fc [0x000002eba8576760+0x000000000000029c]
j  org.gradle.internal.operations.DefaultBuildOperationRunner.run(Lorg/gradle/internal/operations/RunnableBuildOperation;)V+9
j  org.gradle.api.internal.plugins.DefaultPluginManager.lambda$doApply$0(Ljava/lang/Runnable;Lorg/gradle/api/internal/plugins/PluginImplementation;Ljava/lang/String;Ljava/lang/Class;Lorg/gradle/internal/code/UserCodeApplicationId;)V+20
j  org.gradle.api.internal.plugins.DefaultPluginManager$$Lambda+0x000000010094f720.execute(Ljava/lang/Object;)V+24
j  org.gradle.internal.code.DefaultUserCodeApplicationContext.apply(Lorg/gradle/internal/code/UserCodeSource;Lorg/gradle/api/Action;)V+37
j  org.gradle.api.internal.plugins.DefaultPluginManager.doApply(Lorg/gradle/api/internal/plugins/PluginImplementation;)V+144
j  org.gradle.api.internal.plugins.DefaultPluginManager.apply(Lorg/gradle/api/internal/plugins/PluginImplementation;)V+2
j  org.gradle.plugin.use.resolve.internal.ClassPathPluginResolution.applyTo(Lorg/gradle/api/internal/plugins/PluginManagerInternal;)V+5
j  org.gradle.plugin.use.internal.DefaultPluginRequestApplicator$ApplyAction.apply(Lorg/gradle/api/internal/plugins/PluginManagerInternal;)V+21
j  org.gradle.plugin.use.internal.DefaultPluginRequestApplicator.lambda$applyPlugins$1(Lorg/gradle/api/internal/plugins/PluginManagerInternal;Lorg/gradle/plugin/use/internal/DefaultPluginRequestApplicator$ApplyAction;)V+2
j  org.gradle.plugin.use.internal.DefaultPluginRequestApplicator$$Lambda+0x00000001009dd2f0.accept(Ljava/lang/Object;)V+8
j  java.util.ArrayList.forEach(Ljava/util/function/Consumer;)V+46 java.base@21.0.9
j  org.gradle.plugin.use.internal.DefaultPluginRequestApplicator.applyPlugins(Lorg/gradle/plugin/management/internal/PluginRequests;Lorg/gradle/api/internal/initialization/ScriptHandlerInternal;Lorg/gradle/api/internal/plugins/PluginManagerInternal;Lorg/gradle/api/internal/initialization/ClassLoaderScope;)V+375
j  org.gradle.configuration.DefaultScriptPluginFactory$ScriptPluginImpl.apply(Ljava/lang/Object;)V+174
j  org.gradle.configuration.BuildOperationScriptPlugin$1.run(Lorg/gradle/internal/operations/BuildOperationContext;)V+11
j  org.gradle.internal.operations.DefaultBuildOperationRunner$1.execute(Lorg/gradle/internal/operations/RunnableBuildOperation;Lorg/gradle/internal/operations/BuildOperationContext;)V+2
j  org.gradle.internal.operations.DefaultBuildOperationRunner$1.execute(Lorg/gradle/internal/operations/BuildOperation;Lorg/gradle/internal/operations/BuildOperationContext;)V+6
J 7430 c1 org.gradle.internal.operations.DefaultBuildOperationRunner$2.execute(Lorg/gradle/internal/operations/BuildOperationDescriptor;Lorg/gradle/internal/operations/BuildOperationState;Lorg/gradle/internal/operations/BuildOperationState;Lorg/gradle/internal/operations/DefaultBuildOperationRunner$ReadableBuildOperationContext;Lorg/gradle/internal/operations/DefaultBuildOperationRunner$BuildOperationExecutionListener;)Lorg/gradle/internal/operations/BuildOperation; (110 bytes) @ 0x000002eba85694b4 [0x000002eba85692c0+0x00000000000001f4]
J 7601 c1 org.gradle.internal.operations.DefaultBuildOperationRunner$2.execute(Lorg/gradle/internal/operations/BuildOperationDescriptor;Lorg/gradle/internal/operations/BuildOperationState;Lorg/gradle/internal/operations/BuildOperationState;Lorg/gradle/internal/operations/DefaultBuildOperationRunner$ReadableBuildOperationContext;Lorg/gradle/internal/operations/DefaultBuildOperationRunner$BuildOperationExecutionListener;)Ljava/lang/Object; (12 bytes) @ 0x000002eba85bd3bc [0x000002eba85bd340+0x000000000000007c]
J 7433 c1 org.gradle.internal.operations.DefaultBuildOperationRunner.execute(Lorg/gradle/internal/operations/BuildOperationDescriptor$Builder;Lorg/gradle/internal/operations/BuildOperationState;Lorg/gradle/internal/operations/DefaultBuildOperationRunner$BuildOperationExecution;)Ljava/lang/Object; (147 bytes) @ 0x000002eba856b8ec [0x000002eba856ae00+0x0000000000000aec]
J 7458 c1 org.gradle.internal.operations.DefaultBuildOperationRunner.execute(Lorg/gradle/internal/operations/BuildOperation;Lorg/gradle/internal/operations/BuildOperationWorker;Lorg/gradle/internal/operations/BuildOperationState;)V (23 bytes) @ 0x000002eba85769fc [0x000002eba8576760+0x000000000000029c]
j  org.gradle.internal.operations.DefaultBuildOperationRunner.run(Lorg/gradle/internal/operations/RunnableBuildOperation;)V+9
j  org.gradle.configuration.BuildOperationScriptPlugin.lambda$apply$0(Ljava/lang/Object;Lorg/gradle/internal/code/UserCodeApplicationId;)V+14
j  org.gradle.configuration.BuildOperationScriptPlugin$$Lambda+0x00000001005549b0.execute(Ljava/lang/Object;)V+12
j  org.gradle.internal.code.DefaultUserCodeApplicationContext.apply(Lorg/gradle/internal/code/UserCodeSource;Lorg/gradle/api/Action;)V+37
j  org.gradle.configuration.BuildOperationScriptPlugin.apply(Ljava/lang/Object;)V+71
j  org.gradle.configuration.project.BuildScriptProcessor$$Lambda+0x0000000100990bc0.accept(Ljava/lang/Object;)V+8
j  org.gradle.api.internal.project.DefaultProjectStateRegistry$ProjectStateImpl.lambda$applyToMutableState$1(Ljava/util/function/Consumer;Lorg/gradle/api/internal/project/ProjectInternal;)Ljava/lang/Object;+2
j  org.gradle.api.internal.project.DefaultProjectStateRegistry$ProjectStateImpl$$Lambda+0x00000001009244f8.apply(Ljava/lang/Object;)Ljava/lang/Object;+8
j  org.gradle.api.internal.project.DefaultProjectStateRegistry$ProjectStateImpl.fromMutableState(Ljava/util/function/Function;)Ljava/lang/Object;+97
j  org.gradle.api.internal.project.DefaultProjectStateRegistry$ProjectStateImpl.applyToMutableState(Ljava/util/function/Consumer;)V+7
j  org.gradle.configuration.project.BuildScriptProcessor.execute(Lorg/gradle/api/internal/project/ProjectInternal;)V+88
j  org.gradle.configuration.project.BuildScriptProcessor.execute(Ljava/lang/Object;)V+5
j  org.gradle.configuration.project.ConfigureActionsProjectEvaluator.evaluate(Lorg/gradle/api/internal/project/ProjectInternal;Lorg/gradle/api/internal/project/ProjectStateInternal;)V+33
j  org.gradle.configuration.project.LifecycleProjectEvaluator$EvaluateProject.lambda$run$0(Lorg/gradle/internal/operations/BuildOperationContext;Lorg/gradle/api/internal/project/ProjectInternal;)V+67
j  org.gradle.configuration.project.LifecycleProjectEvaluator$EvaluateProject$$Lambda+0x0000000100924290.accept(Ljava/lang/Object;)V+12
j  org.gradle.api.internal.project.DefaultProjectStateRegistry$ProjectStateImpl.lambda$applyToMutableState$1(Ljava/util/function/Consumer;Lorg/gradle/api/internal/project/ProjectInternal;)Ljava/lang/Object;+2
j  org.gradle.api.internal.project.DefaultProjectStateRegistry$ProjectStateImpl$$Lambda+0x00000001009244f8.apply(Ljava/lang/Object;)Ljava/lang/Object;+8
j  org.gradle.api.internal.project.DefaultProjectStateRegistry$ProjectStateImpl.lambda$fromMutableState$2(Ljava/util/function/Function;)Ljava/lang/Object;+5
j  org.gradle.api.internal.project.DefaultProjectStateRegistry$ProjectStateImpl$$Lambda+0x0000000100924770.create()Ljava/lang/Object;+8
j  org.gradle.internal.work.DefaultWorkerLeaseService.withReplacedLocks(Ljava/util/Collection;Lorg/gradle/internal/resources/ResourceLock;Lorg/gradle/internal/Factory;)Ljava/lang/Object;+40
j  org.gradle.api.internal.project.DefaultProjectStateRegistry$ProjectStateImpl.fromMutableState(Ljava/util/function/Function;)Ljava/lang/Object;+133
j  org.gradle.api.internal.project.DefaultProjectStateRegistry$ProjectStateImpl.applyToMutableState(Ljava/util/function/Consumer;)V+7
j  org.gradle.configuration.project.LifecycleProjectEvaluator$EvaluateProject.run(Lorg/gradle/internal/operations/BuildOperationContext;)V+16
j  org.gradle.internal.operations.DefaultBuildOperationRunner$1.execute(Lorg/gradle/internal/operations/RunnableBuildOperation;Lorg/gradle/internal/operations/BuildOperationContext;)V+2
j  org.gradle.internal.operations.DefaultBuildOperationRunner$1.execute(Lorg/gradle/internal/operations/BuildOperation;Lorg/gradle/internal/operations/BuildOperationContext;)V+6
J 7430 c1 org.gradle.internal.operations.DefaultBuildOperationRunner$2.execute(Lorg/gradle/internal/operations/BuildOperationDescriptor;Lorg/gradle/internal/operations/BuildOperationState;Lorg/gradle/internal/operations/BuildOperationState;Lorg/gradle/internal/operations/DefaultBuildOperationRunner$ReadableBuildOperationContext;Lorg/gradle/internal/operations/DefaultBuildOperationRunner$BuildOperationExecutionListener;)Lorg/gradle/internal/operations/BuildOperation; (110 bytes) @ 0x000002eba85694b4 [0x000002eba85692c0+0x00000000000001f4]
J 7601 c1 org.gradle.internal.operations.DefaultBuildOperationRunner$2.execute(Lorg/gradle/internal/operations/BuildOperationDescriptor;Lorg/gradle/internal/operations/BuildOperationState;Lorg/gradle/internal/operations/BuildOperationState;Lorg/gradle/internal/operations/DefaultBuildOperationRunner$ReadableBuildOperationContext;Lorg/gradle/internal/operations/DefaultBuildOperationRunner$BuildOperationExecutionListener;)Ljava/lang/Object; (12 bytes) @ 0x000002eba85bd3bc [0x000002eba85bd340+0x000000000000007c]
J 7433 c1 org.gradle.internal.operations.DefaultBuildOperationRunner.execute(Lorg/gradle/internal/operations/BuildOperationDescriptor$Builder;Lorg/gradle/internal/operations/BuildOperationState;Lorg/gradle/internal/operations/DefaultBuildOperationRunner$BuildOperationExecution;)Ljava/lang/Object; (147 bytes) @ 0x000002eba856b8ec [0x000002eba856ae00+0x0000000000000aec]
J 7458 c1 org.gradle.internal.operations.DefaultBuildOperationRunner.execute(Lorg/gradle/internal/operations/BuildOperation;Lorg/gradle/internal/operations/BuildOperationWorker;Lorg/gradle/internal/operations/BuildOperationState;)V (23 bytes) @ 0x000002eba85769fc [0x000002eba8576760+0x000000000000029c]
j  org.gradle.internal.operations.DefaultBuildOperationRunner.run(Lorg/gradle/internal/operations/RunnableBuildOperation;)V+9
j  org.gradle.configuration.project.LifecycleProjectEvaluator.evaluate(Lorg/gradle/api/internal/project/ProjectInternal;Lorg/gradle/api/internal/project/ProjectStateInternal;)V+42
j  org.gradle.api.internal.project.DefaultProject.evaluateUnchecked()Lorg/gradle/api/internal/project/ProjectInternal;+20
j  org.gradle.api.internal.project.ProjectLifecycleController.lambda$ensureSelfConfigured$2()V+4
j  org.gradle.api.internal.project.ProjectLifecycleController$$Lambda+0x000000010091a0c0.run()V+4
j  org.gradle.internal.model.StateTransitionController.lambda$doTransition$14(Ljava/lang/Runnable;)Lorg/gradle/internal/build/ExecutionResult;+1
j  org.gradle.internal.model.StateTransitionController$$Lambda+0x0000000100523a90.get()Ljava/lang/Object;+4
j  org.gradle.internal.model.StateTransitionController.doTransition(Lorg/gradle/internal/model/StateTransitionController$State;Lorg/gradle/internal/model/StateTransitionController$State;Ljava/util/function/Supplier;)Lorg/gradle/internal/build/ExecutionResult;+24
j  org.gradle.internal.model.StateTransitionController.doTransition(Lorg/gradle/internal/model/StateTransitionController$State;Lorg/gradle/internal/model/StateTransitionController$State;Ljava/lang/Runnable;)V+9
j  org.gradle.internal.model.StateTransitionController.lambda$maybeTransitionIfNotCurrentlyTransitioning$10(Lorg/gradle/internal/model/StateTransitionController$State;Lorg/gradle/internal/model/StateTransitionController$State;Ljava/lang/Runnable;)V+16
j  org.gradle.internal.model.StateTransitionController$$Lambda+0x000000010091a318.run()V+16
j  org.gradle.internal.work.DefaultSynchronizer.withLock(Ljava/lang/Runnable;)V+6
j  org.gradle.internal.model.StateTransitionController.maybeTransitionIfNotCurrentlyTransitioning(Lorg/gradle/internal/model/StateTransitionController$State;Lorg/gradle/internal/model/StateTransitionController$State;Ljava/lang/Runnable;)V+13
j  org.gradle.api.internal.project.ProjectLifecycleController.ensureSelfConfigured()V+16
j  org.gradle.api.internal.project.DefaultProjectStateRegistry$ProjectStateImpl.ensureConfigured()V+19
j  org.gradle.execution.TaskPathProjectEvaluator.configure(Lorg/gradle/api/internal/project/ProjectInternal;)V+6
j  org.gradle.execution.TaskPathProjectEvaluator.configureHierarchy(Lorg/gradle/api/internal/project/ProjectInternal;)V+41
j  org.gradle.configuration.DefaultProjectsPreparer.prepareProjects(Lorg/gradle/api/internal/GradleInternal;)V+52
j  org.gradle.configuration.BuildTreePreparingProjectsPreparer.prepareProjects(Lorg/gradle/api/internal/GradleInternal;)V+114
j  org.gradle.configuration.BuildOperationFiringProjectsPreparer$ConfigureBuild.run(Lorg/gradle/internal/operations/BuildOperationContext;)V+11
j  org.gradle.internal.operations.DefaultBuildOperationRunner$1.execute(Lorg/gradle/internal/operations/RunnableBuildOperation;Lorg/gradle/internal/operations/BuildOperationContext;)V+2
j  org.gradle.internal.operations.DefaultBuildOperationRunner$1.execute(Lorg/gradle/internal/operations/BuildOperation;Lorg/gradle/internal/operations/BuildOperationContext;)V+6
j  org.gradle.internal.operations.DefaultBuildOperationRunner$2.execute(Lorg/gradle/internal/operations/BuildOperationDescriptor;Lorg/gradle/internal/operations/BuildOperationState;Lorg/gradle/internal/operations/BuildOperationState;Lorg/gradle/internal/operations/DefaultBuildOperationRunner$ReadableBuildOperationContext;Lorg/gradle/internal/operations/DefaultBuildOperationRunner$BuildOperationExecutionListener;)Lorg/gradle/internal/operations/BuildOperation;+22
j  org.gradle.internal.operations.DefaultBuildOperationRunner$2.execute(Lorg/gradle/internal/operations/BuildOperationDescriptor;Lorg/gradle/internal/operations/BuildOperationState;Lorg/gradle/internal/operations/BuildOperationState;Lorg/gradle/internal/operations/DefaultBuildOperationRunner$ReadableBuildOperationContext;Lorg/gradle/internal/operations/DefaultBuildOperationRunner$BuildOperationExecutionListener;)Ljava/lang/Object;+8
j  org.gradle.internal.operations.DefaultBuildOperationRunner.execute(Lorg/gradle/internal/operations/BuildOperationDescriptor$Builder;Lorg/gradle/internal/operations/BuildOperationState;Lorg/gradle/internal/operations/DefaultBuildOperationRunner$BuildOperationExecution;)Ljava/lang/Object;+141
j  org.gradle.internal.operations.DefaultBuildOperationRunner.execute(Lorg/gradle/internal/operations/BuildOperation;Lorg/gradle/internal/operations/BuildOperationWorker;Lorg/gradle/internal/operations/BuildOperationState;)V+18
j  org.gradle.internal.operations.DefaultBuildOperationRunner.run(Lorg/gradle/internal/operations/RunnableBuildOperation;)V+9
j  org.gradle.configuration.BuildOperationFiringProjectsPreparer.prepareProjects(Lorg/gradle/api/internal/GradleInternal;)V+13
j  org.gradle.initialization.VintageBuildModelController.lambda$prepareProjects$2()V+8
j  org.gradle.initialization.VintageBuildModelController$$Lambda+0x00000001008a5428.run()V+4
j  org.gradle.internal.model.StateTransitionController.lambda$doTransition$14(Ljava/lang/Runnable;)Lorg/gradle/internal/build/ExecutionResult;+1
j  org.gradle.internal.model.StateTransitionController$$Lambda+0x0000000100523a90.get()Ljava/lang/Object;+4
j  org.gradle.internal.model.StateTransitionController.doTransition(Lorg/gradle/internal/model/StateTransitionController$State;Lorg/gradle/internal/model/StateTransitionController$State;Ljava/util/function/Supplier;)Lorg/gradle/internal/build/ExecutionResult;+24
j  org.gradle.internal.model.StateTransitionController.doTransition(Lorg/gradle/internal/model/StateTransitionController$State;Lorg/gradle/internal/model/StateTransitionController$State;Ljava/lang/Runnable;)V+9
j  org.gradle.internal.model.StateTransitionController.lambda$transitionIfNotPreviously$11(Lorg/gradle/internal/model/StateTransitionController$State;Lorg/gradle/internal/model/StateTransitionController$State;Ljava/lang/Runnable;)V+16
j  org.gradle.internal.model.StateTransitionController$$Lambda+0x0000000100528000.run()V+16
j  org.gradle.internal.work.DefaultSynchronizer.withLock(Ljava/lang/Runnable;)V+6
j  org.gradle.internal.model.StateTransitionController.transitionIfNotPreviously(Lorg/gradle/internal/model/StateTransitionController$State;Lorg/gradle/internal/model/StateTransitionController$State;Ljava/lang/Runnable;)V+13
j  org.gradle.initialization.VintageBuildModelController.prepareProjects()V+16
j  org.gradle.initialization.VintageBuildModelController.prepareToScheduleTasks()V+5
j  org.gradle.internal.build.DefaultBuildLifecycleController.lambda$prepareToScheduleTasks$6()V+9
j  org.gradle.internal.build.DefaultBuildLifecycleController$$Lambda+0x00000001005235e0.run()V+4
j  org.gradle.internal.model.StateTransitionController.lambda$doTransition$14(Ljava/lang/Runnable;)Lorg/gradle/internal/build/ExecutionResult;+1
j  org.gradle.internal.model.StateTransitionController$$Lambda+0x0000000100523a90.get()Ljava/lang/Object;+4
j  org.gradle.internal.model.StateTransitionController.doTransition(Lorg/gradle/internal/model/StateTransitionController$State;Lorg/gradle/internal/model/StateTransitionController$State;Ljava/util/function/Supplier;)Lorg/gradle/internal/build/ExecutionResult;+24
j  org.gradle.internal.model.StateTransitionController.doTransition(Lorg/gradle/internal/model/StateTransitionController$State;Lorg/gradle/internal/model/StateTransitionController$State;Ljava/lang/Runnable;)V+9
j  org.gradle.internal.model.StateTransitionController.lambda$maybeTransition$9(Lorg/gradle/internal/model/StateTransitionController$State;Lorg/gradle/internal/model/StateTransitionController$State;Ljava/lang/Runnable;)V+16
j  org.gradle.internal.model.StateTransitionController$$Lambda+0x0000000100523838.run()V+16
j  org.gradle.internal.work.DefaultSynchronizer.withLock(Ljava/lang/Runnable;)V+6
j  org.gradle.internal.model.StateTransitionController.maybeTransition(Lorg/gradle/internal/model/StateTransitionController$State;Lorg/gradle/internal/model/StateTransitionController$State;Ljava/lang/Runnable;)V+13
j  org.gradle.internal.build.DefaultBuildLifecycleController.prepareToScheduleTasks()V+16
j  org.gradle.internal.buildtree.DefaultBuildTreeWorkPreparer.scheduleRequestedTasks(Lorg/gradle/internal/buildtree/BuildTreeWorkGraph;Lorg/gradle/execution/EntryTaskSelector;)Lorg/gradle/internal/buildtree/BuildTreeWorkGraph$FinalizedGraph;+4
j  org.gradle.internal.cc.impl.VintageBuildTreeWorkController$scheduleAndRunRequestedTasks$1.apply(Lorg/gradle/internal/buildtree/BuildTreeWorkGraph;)Lorg/gradle/internal/build/ExecutionResult;+18
j  org.gradle.internal.cc.impl.VintageBuildTreeWorkController$scheduleAndRunRequestedTasks$1.apply(Ljava/lang/Object;)Ljava/lang/Object;+5
j  org.gradle.composite.internal.DefaultIncludedBuildTaskGraph.withNewWorkGraph(Ljava/util/function/Function;)Ljava/lang/Object;+30
j  org.gradle.internal.cc.impl.VintageBuildTreeWorkController.scheduleAndRunRequestedTasks(Lorg/gradle/execution/EntryTaskSelector;)Lorg/gradle/internal/build/ExecutionResult;+16
j  org.gradle.internal.buildtree.DefaultBuildTreeLifecycleController.lambda$scheduleAndRunTasks$1(Lorg/gradle/execution/EntryTaskSelector;)Lorg/gradle/internal/build/ExecutionResult;+5
j  org.gradle.internal.buildtree.DefaultBuildTreeLifecycleController$$Lambda+0x00000001005225f0.get()Ljava/lang/Object;+8
j  org.gradle.internal.buildtree.DefaultBuildTreeLifecycleController.lambda$runBuild$4(Ljava/util/function/Supplier;)Ljava/lang/Object;+1
j  org.gradle.internal.buildtree.DefaultBuildTreeLifecycleController$$Lambda+0x0000000100522848.get()Ljava/lang/Object;+8
j  org.gradle.internal.model.StateTransitionController.lambda$transition$6(Ljava/util/function/Supplier;)Lorg/gradle/internal/build/ExecutionResult;+1
j  org.gradle.internal.model.StateTransitionController$$Lambda+0x0000000100522cf8.get()Ljava/lang/Object;+4
j  org.gradle.internal.model.StateTransitionController.doTransition(Lorg/gradle/internal/model/StateTransitionController$State;Lorg/gradle/internal/model/StateTransitionController$State;Ljava/util/function/Supplier;)Lorg/gradle/internal/build/ExecutionResult;+24
j  org.gradle.internal.model.StateTransitionController.lambda$transition$7(Lorg/gradle/internal/model/StateTransitionController$State;Lorg/gradle/internal/model/StateTransitionController$State;Ljava/util/function/Supplier;)Ljava/lang/Object;+9
j  org.gradle.internal.model.StateTransitionController$$Lambda+0x0000000100522aa0.create()Ljava/lang/Object;+16
j  org.gradle.internal.work.DefaultSynchronizer.withLock(Lorg/gradle/internal/Factory;)Ljava/lang/Object;+6
j  org.gradle.internal.model.StateTransitionController.transition(Lorg/gradle/internal/model/StateTransitionController$State;Lorg/gradle/internal/model/StateTransitionController$State;Ljava/util/function/Supplier;)Ljava/lang/Object;+13
j  org.gradle.internal.buildtree.DefaultBuildTreeLifecycleController.runBuild(Ljava/util/function/Supplier;)Ljava/lang/Object;+17
j  org.gradle.internal.buildtree.DefaultBuildTreeLifecycleController.scheduleAndRunTasks(Lorg/gradle/execution/EntryTaskSelector;)V+8
j  org.gradle.internal.buildtree.DefaultBuildTreeLifecycleController.scheduleAndRunTasks()V+2
j  org.gradle.tooling.internal.provider.runner.BuildModelActionRunner.run(Lorg/gradle/internal/invocation/BuildAction;Lorg/gradle/internal/buildtree/BuildTreeLifecycleController;)Lorg/gradle/internal/buildtree/BuildActionRunner$Result;+65
j  org.gradle.launcher.exec.ChainingBuildActionRunner.run(Lorg/gradle/internal/invocation/BuildAction;Lorg/gradle/internal/buildtree/BuildTreeLifecycleController;)Lorg/gradle/internal/buildtree/BuildActionRunner$Result;+34
j  org.gradle.internal.buildtree.ProblemReportingBuildActionRunner.run(Lorg/gradle/internal/invocation/BuildAction;Lorg/gradle/internal/buildtree/BuildTreeLifecycleController;)Lorg/gradle/internal/buildtree/BuildActionRunner$Result;+12
j  org.gradle.launcher.exec.BuildOutcomeReportingBuildActionRunner.run(Lorg/gradle/internal/invocation/BuildAction;Lorg/gradle/internal/buildtree/BuildTreeLifecycleController;)Lorg/gradle/internal/buildtree/BuildActionRunner$Result;+69
j  org.gradle.tooling.internal.provider.FileSystemWatchingBuildActionRunner.run(Lorg/gradle/internal/invocation/BuildAction;Lorg/gradle/internal/buildtree/BuildTreeLifecycleController;)Lorg/gradle/internal/buildtree/BuildActionRunner$Result;+317
j  org.gradle.launcher.exec.BuildCompletionNotifyingBuildActionRunner.run(Lorg/gradle/internal/invocation/BuildAction;Lorg/gradle/internal/buildtree/BuildTreeLifecycleController;)Lorg/gradle/internal/buildtree/BuildActionRunner$Result;+6
j  org.gradle.launcher.exec.RootBuildLifecycleBuildActionExecutor.lambda$execute$0(Lorg/gradle/internal/invocation/BuildAction;Lorg/gradle/internal/buildtree/BuildTreeLifecycleController;)Lorg/gradle/internal/buildtree/BuildActionRunner$Result;+6
j  org.gradle.launcher.exec.RootBuildLifecycleBuildActionExecutor$$Lambda+0x000000010050e988.apply(Ljava/lang/Object;)Ljava/lang/Object;+12
j  org.gradle.composite.internal.DefaultRootBuildState.run(Ljava/util/function/Function;)Ljava/lang/Object;+87
j  org.gradle.launcher.exec.RootBuildLifecycleBuildActionExecutor.execute(Lorg/gradle/internal/invocation/BuildAction;Lorg/gradle/internal/buildtree/BuildTreeContext;)Lorg/gradle/internal/buildtree/BuildActionRunner$Result;+75
j  org.gradle.internal.buildtree.InitDeprecationLoggingActionExecutor.execute(Lorg/gradle/internal/invocation/BuildAction;Lorg/gradle/internal/buildtree/BuildTreeContext;)Lorg/gradle/internal/buildtree/BuildActionRunner$Result;+83
j  org.gradle.internal.buildtree.InitProblems.execute(Lorg/gradle/internal/invocation/BuildAction;Lorg/gradle/internal/buildtree/BuildTreeContext;)Lorg/gradle/internal/buildtree/BuildActionRunner$Result;+13
j  org.gradle.internal.buildtree.DefaultBuildTreeContext.execute(Lorg/gradle/internal/invocation/BuildAction;)Lorg/gradle/internal/buildtree/BuildActionRunner$Result;+64
j  org.gradle.launcher.exec.BuildTreeLifecycleBuildActionExecutor.lambda$execute$0(Lorg/gradle/internal/invocation/BuildAction;Lorg/gradle/internal/buildtree/BuildTreeContext;)Lorg/gradle/internal/buildtree/BuildActionRunner$Result;+2
j  org.gradle.launcher.exec.BuildTreeLifecycleBuildActionExecutor$$Lambda+0x00000001003d8b70.apply(Ljava/lang/Object;)Ljava/lang/Object;+8
j  org.gradle.internal.buildtree.BuildTreeState.run(Ljava/util/function/Function;)Ljava/lang/Object;+47
j  org.gradle.launcher.exec.BuildTreeLifecycleBuildActionExecutor.execute(Lorg/gradle/internal/invocation/BuildAction;Lorg/gradle/internal/session/BuildSessionContext;)Lorg/gradle/internal/buildtree/BuildActionRunner$Result;+74
j  org.gradle.launcher.exec.RunAsBuildOperationBuildActionExecutor$2.call(Lorg/gradle/internal/operations/BuildOperationContext;)Lorg/gradle/internal/buildtree/BuildActionRunner$Result;+25
j  org.gradle.launcher.exec.RunAsBuildOperationBuildActionExecutor$2.call(Lorg/gradle/internal/operations/BuildOperationContext;)Ljava/lang/Object;+2
j  org.gradle.internal.operations.DefaultBuildOperationRunner$CallableBuildOperationWorker.execute(Lorg/gradle/internal/operations/CallableBuildOperation;Lorg/gradle/internal/operations/BuildOperationContext;)V+3
j  org.gradle.internal.operations.DefaultBuildOperationRunner$CallableBuildOperationWorker.execute(Lorg/gradle/internal/operations/BuildOperation;Lorg/gradle/internal/operations/BuildOperationContext;)V+6
j  org.gradle.internal.operations.DefaultBuildOperationRunner$2.execute(Lorg/gradle/internal/operations/BuildOperationDescriptor;Lorg/gradle/internal/operations/BuildOperationState;Lorg/gradle/internal/operations/BuildOperationState;Lorg/gradle/internal/operations/DefaultBuildOperationRunner$ReadableBuildOperationContext;Lorg/gradle/internal/operations/DefaultBuildOperationRunner$BuildOperationExecutionListener;)Lorg/gradle/internal/operations/BuildOperation;+22
j  org.gradle.internal.operations.DefaultBuildOperationRunner$2.execute(Lorg/gradle/internal/operations/BuildOperationDescriptor;Lorg/gradle/internal/operations/BuildOperationState;Lorg/gradle/internal/operations/BuildOperationState;Lorg/gradle/internal/operations/DefaultBuildOperationRunner$ReadableBuildOperationContext;Lorg/gradle/internal/operations/DefaultBuildOperationRunner$BuildOperationExecutionListener;)Ljava/lang/Object;+8
j  org.gradle.internal.operations.DefaultBuildOperationRunner.execute(Lorg/gradle/internal/operations/BuildOperationDescriptor$Builder;Lorg/gradle/internal/operations/BuildOperationState;Lorg/gradle/internal/operations/DefaultBuildOperationRunner$BuildOperationExecution;)Ljava/lang/Object;+141
j  org.gradle.internal.operations.DefaultBuildOperationRunner.execute(Lorg/gradle/internal/operations/BuildOperation;Lorg/gradle/internal/operations/BuildOperationWorker;Lorg/gradle/internal/operations/BuildOperationState;)V+18
j  org.gradle.internal.operations.DefaultBuildOperationRunner.call(Lorg/gradle/internal/operations/CallableBuildOperation;)Ljava/lang/Object;+16
j  org.gradle.launcher.exec.RunAsBuildOperationBuildActionExecutor.execute(Lorg/gradle/internal/invocation/BuildAction;Lorg/gradle/internal/session/BuildSessionContext;)Lorg/gradle/internal/buildtree/BuildActionRunner$Result;+23
j  org.gradle.launcher.exec.RunAsWorkerThreadBuildActionExecutor.lambda$execute$0(Lorg/gradle/internal/invocation/BuildAction;Lorg/gradle/internal/session/BuildSessionContext;)Lorg/gradle/internal/buildtree/BuildActionRunner$Result;+6
j  org.gradle.launcher.exec.RunAsWorkerThreadBuildActionExecutor$$Lambda+0x00000001003a2730.create()Ljava/lang/Object;+12
j  org.gradle.internal.work.DefaultWorkerLeaseService.withLocks(Ljava/util/Collection;Lorg/gradle/internal/Factory;)Ljava/lang/Object;+28
j  org.gradle.internal.work.DefaultWorkerLeaseService.runAsWorkerThread(Lorg/gradle/internal/Factory;)Ljava/lang/Object;+33
j  org.gradle.launcher.exec.RunAsWorkerThreadBuildActionExecutor.execute(Lorg/gradle/internal/invocation/BuildAction;Lorg/gradle/internal/session/BuildSessionContext;)Lorg/gradle/internal/buildtree/BuildActionRunner$Result;+12
j  org.gradle.tooling.internal.provider.continuous.ContinuousBuildActionExecutor.execute(Lorg/gradle/internal/invocation/BuildAction;Lorg/gradle/internal/session/BuildSessionContext;)Lorg/gradle/internal/buildtree/BuildActionRunner$Result;+58
j  org.gradle.tooling.internal.provider.SubscribableBuildActionExecutor.execute(Lorg/gradle/internal/invocation/BuildAction;Lorg/gradle/internal/session/BuildSessionContext;)Lorg/gradle/internal/buildtree/BuildActionRunner$Result;+30
j  org.gradle.internal.session.DefaultBuildSessionContext.execute(Lorg/gradle/internal/invocation/BuildAction;)Lorg/gradle/internal/buildtree/BuildActionRunner$Result;+64
j  org.gradle.internal.buildprocess.execution.BuildSessionLifecycleBuildActionExecutor$ActionImpl.apply(Lorg/gradle/internal/session/BuildSessionContext;)Lorg/gradle/launcher/exec/BuildActionResult;+6
j  org.gradle.internal.buildprocess.execution.BuildSessionLifecycleBuildActionExecutor$ActionImpl.apply(Ljava/lang/Object;)Ljava/lang/Object;+5
j  org.gradle.internal.session.BuildSessionState.run(Ljava/util/function/Function;)Ljava/lang/Object;+5
j  org.gradle.internal.buildprocess.execution.BuildSessionLifecycleBuildActionExecutor.execute(Lorg/gradle/internal/invocation/BuildAction;Lorg/gradle/launcher/exec/BuildActionParameters;Lorg/gradle/initialization/BuildRequestContext;)Lorg/gradle/launcher/exec/BuildActionResult;+95
j  org.gradle.internal.buildprocess.execution.BuildSessionLifecycleBuildActionExecutor.execute(Lorg/gradle/internal/invocation/BuildAction;Ljava/lang/Object;Ljava/lang/Object;)Lorg/gradle/launcher/exec/BuildActionResult;+10
j  org.gradle.internal.buildprocess.execution.StartParamsValidatingActionExecutor.execute(Lorg/gradle/internal/invocation/BuildAction;Lorg/gradle/launcher/exec/BuildActionParameters;Lorg/gradle/initialization/BuildRequestContext;)Lorg/gradle/launcher/exec/BuildActionResult;+203
j  org.gradle.internal.buildprocess.execution.StartParamsValidatingActionExecutor.execute(Lorg/gradle/internal/invocation/BuildAction;Ljava/lang/Object;Ljava/lang/Object;)Lorg/gradle/launcher/exec/BuildActionResult;+10
j  org.gradle.internal.buildprocess.execution.SessionFailureReportingActionExecutor.execute(Lorg/gradle/internal/invocation/BuildAction;Lorg/gradle/launcher/exec/BuildActionParameters;Lorg/gradle/initialization/BuildRequestContext;)Lorg/gradle/launcher/exec/BuildActionResult;+7
j  org.gradle.internal.buildprocess.execution.SessionFailureReportingActionExecutor.execute(Lorg/gradle/internal/invocation/BuildAction;Ljava/lang/Object;Ljava/lang/Object;)Lorg/gradle/launcher/exec/BuildActionResult;+10
j  org.gradle.internal.buildprocess.execution.SetupLoggingActionExecutor.execute(Lorg/gradle/internal/invocation/BuildAction;Lorg/gradle/launcher/exec/BuildActionParameters;Lorg/gradle/initialization/BuildRequestContext;)Lorg/gradle/launcher/exec/BuildActionResult;+50
j  org.gradle.internal.buildprocess.execution.SetupLoggingActionExecutor.execute(Lorg/gradle/internal/invocation/BuildAction;Ljava/lang/Object;Ljava/lang/Object;)Lorg/gradle/launcher/exec/BuildActionResult;+10
j  org.gradle.launcher.daemon.server.exec.ExecuteBuild.doBuild(Lorg/gradle/launcher/daemon/server/api/DaemonCommandExecution;Lorg/gradle/launcher/daemon/protocol/Build;)V+147
j  org.gradle.launcher.daemon.server.exec.BuildCommandOnly.execute(Lorg/gradle/launcher/daemon/server/api/DaemonCommandExecution;)V+49
j  org.gradle.launcher.daemon.server.api.DaemonCommandExecution.proceed()Z+23
j  org.gradle.launcher.daemon.server.exec.WatchForDisconnection.execute(Lorg/gradle/launcher/daemon/server/api/DaemonCommandExecution;)V+19
j  org.gradle.launcher.daemon.server.api.DaemonCommandExecution.proceed()Z+23
j  org.gradle.launcher.daemon.server.exec.ResetDeprecationLogger.execute(Lorg/gradle/launcher/daemon/server/api/DaemonCommandExecution;)V+7
j  org.gradle.launcher.daemon.server.api.DaemonCommandExecution.proceed()Z+23
j  org.gradle.launcher.daemon.server.exec.RequestStopIfSingleUsedDaemon.execute(Lorg/gradle/launcher/daemon/server/api/DaemonCommandExecution;)V+33
j  org.gradle.launcher.daemon.server.api.DaemonCommandExecution.proceed()Z+23
j  org.gradle.launcher.daemon.server.exec.ForwardClientInput.lambda$execute$0(Lorg/gradle/launcher/daemon/server/api/DaemonCommandExecution;Lorg/gradle/internal/daemon/clientinput/StdinHandler;)Ljava/lang/Object;+11
j  org.gradle.launcher.daemon.server.exec.ForwardClientInput$$Lambda+0x000000010028dc50.apply(Ljava/lang/Object;)Ljava/lang/Object;+8
j  org.gradle.internal.daemon.clientinput.ClientInputForwarder.forwardInput(Ljava/util/function/Function;)Ljava/lang/Object;+46
j  org.gradle.launcher.daemon.server.exec.ForwardClientInput.execute(Lorg/gradle/launcher/daemon/server/api/DaemonCommandExecution;)V+10
j  org.gradle.launcher.daemon.server.api.DaemonCommandExecution.proceed()Z+23
j  org.gradle.launcher.daemon.server.exec.LogAndCheckHealth.execute(Lorg/gradle/launcher/daemon/server/api/DaemonCommandExecution;)V+51
j  org.gradle.launcher.daemon.server.api.DaemonCommandExecution.proceed()Z+23
j  org.gradle.launcher.daemon.server.exec.LogToClient.doBuild(Lorg/gradle/launcher/daemon/server/api/DaemonCommandExecution;Lorg/gradle/launcher/daemon/protocol/Build;)V+87
j  org.gradle.launcher.daemon.server.exec.BuildCommandOnly.execute(Lorg/gradle/launcher/daemon/server/api/DaemonCommandExecution;)V+49
j  org.gradle.launcher.daemon.server.api.DaemonCommandExecution.proceed()Z+23
j  org.gradle.launcher.daemon.server.exec.EstablishBuildEnvironment.doBuild(Lorg/gradle/launcher/daemon/server/api/DaemonCommandExecution;Lorg/gradle/launcher/daemon/protocol/Build;)V+356
j  org.gradle.launcher.daemon.server.exec.BuildCommandOnly.execute(Lorg/gradle/launcher/daemon/server/api/DaemonCommandExecution;)V+49
j  org.gradle.launcher.daemon.server.api.DaemonCommandExecution.proceed()Z+23
j  org.gradle.launcher.daemon.server.exec.StartBuildOrRespondWithBusy$1.run()V+44
j  org.gradle.launcher.daemon.server.DaemonStateCoordinator.lambda$runCommand$0(Ljava/lang/Runnable;)V+1
j  org.gradle.launcher.daemon.server.DaemonStateCoordinator$$Lambda+0x000000010028c3f8.run()V+8
j  org.gradle.internal.concurrent.ExecutorPolicy$CatchAndRecordFailures.onExecute(Ljava/lang/Runnable;)V+1
j  org.gradle.internal.concurrent.AbstractManagedExecutor$1.run()V+25
j  java.util.concurrent.ThreadPoolExecutor.runWorker(Ljava/util/concurrent/ThreadPoolExecutor$Worker;)V+92 java.base@21.0.9
j  java.util.concurrent.ThreadPoolExecutor$Worker.run()V+5 java.base@21.0.9
j  java.lang.Thread.runWith(Ljava/lang/Object;Ljava/lang/Runnable;)V+5 java.base@21.0.9
j  java.lang.Thread.run()V+19 java.base@21.0.9
v  ~StubRoutines::call_stub 0x000002ebaee5100d

Compiled method (n/a) 11102 1053     n 0       java.lang.ClassLoader::defineClass1 (native)
 total in heap  [0x000002ebaf46ef10,0x000002ebaf46f4a0] = 1424
 relocation     [0x000002ebaf46f070,0x000002ebaf46f0a8] = 56
 main code      [0x000002ebaf46f0c0,0x000002ebaf46f499] = 985
 stub code      [0x000002ebaf46f499,0x000002ebaf46f4a0] = 7

[Constant Pool (empty)]

[MachCode]
[Entry Point]
  # {method} {0x000002ebbd024ff8} 'defineClass1' '(Ljava/lang/ClassLoader;Ljava/lang/String;[BIILjava/security/ProtectionDomain;Ljava/lang/String;)Ljava/lang/Class;' in 'java/lang/ClassLoader'
  # parm0:    rdx:rdx   = 'java/lang/ClassLoader'
  # parm1:    r8:r8     = 'java/lang/String'
  # parm2:    r9:r9     = '[B'
  # parm3:    rdi       = int
  # parm4:    rsi       = int
  # parm5:    rcx:rcx   = 'java/security/ProtectionDomain'
  # parm6:    [sp+0xa0]   = 'java/lang/String'  (sp of caller)
  0x000002ebaf46f0c0: 448b 5208 | 49c1 e203 | 493b c20f | 8407 0000 

  0x000002ebaf46f0d0: ;   {runtime_call ic_miss_stub}
  0x000002ebaf46f0d0: 00e9 aaf6 | a2ff 6690 
[Verified Entry Point]
  0x000002ebaf46f0d8: 8984 2400 | 80ff ff55 | 488b ec48 | 81ec 9000 | 0000 6690 | 4181 7f20 | 0b00 0000 

  0x000002ebaf46f0f4: ;   {runtime_call StubRoutines (final stubs)}
  0x000002ebaf46f0f4: 7405 e805 | c6a1 ff48 | 837d 1000 | 488d 4510 | 480f 4445 | 1048 8944 | 2440 4889 | 4c24 7048 
  0x000002ebaf46f114: 83f9 0048 | 8d44 2470 | 480f 4444 | 2470 4889 | 4424 3848 | 8974 2430 | 4889 7c24 | 284c 894c 
  0x000002ebaf46f134: 2458 4983 | f900 488d | 4424 5848 | 0f44 4424 | 5848 8944 | 2420 4c89 | 4424 5049 | 83f8 004c 
  0x000002ebaf46f154: 8d4c 2450 | 4c0f 444c | 2450 4889 | 5424 4848 | 83fa 004c | 8d44 2448 | 4c0f 4444 

  0x000002ebaf46f170: ;   {oop(a 'java/lang/Class'{0x00000000ffed4ae0} = 'java/lang/ClassLoader')}
  0x000002ebaf46f170: 2448 49be | e04a edff | 0000 0000 | 4c89 7424 | 784c 8d74 | 2478 498b | d6c5 f877 

  0x000002ebaf46f18c: ;   {internal_word}
  0x000002ebaf46f18c: 49ba 89f1 | 46af eb02 | 0000 4d89 | 97a0 0300 | 0049 89a7 | 9803 0000 

  0x000002ebaf46f1a4: ;   {external_word}
  0x000002ebaf46f1a4: 49ba 78fa | 3ce2 f87f | 0000 4180 | 3a00 0f84 | 4e00 0000 | 5241 5041 

  0x000002ebaf46f1bc: ;   {metadata({method} {0x000002ebbd024ff8} 'defineClass1' '(Ljava/lang/ClassLoader;Ljava/lang/String;[BIILjava/security/ProtectionDomain;Ljava/lang/String;)Ljava/lang/Class;' in 'java/lang/ClassLoader')}
  0x000002ebaf46f1bc: 5148 baf0 | 4f02 bdeb | 0200 0049 | 8bcf 4883 | ec20 40f6 | c40f 0f84 | 1900 0000 | 4883 ec08 
  0x000002ebaf46f1dc: ;   {runtime_call}
  0x000002ebaf46f1dc: 48b8 20dd | f6e1 f87f | 0000 ffd0 | 4883 c408 | e90c 0000 

  0x000002ebaf46f1f0: ;   {runtime_call}
  0x000002ebaf46f1f0: 0048 b820 | ddf6 e1f8 | 7f00 00ff | d048 83c4 | 2041 5941 | 585a 498d | 8fb8 0300 | 0041 c787 
  0x000002ebaf46f210: 4404 0000 | 0400 0000 

  0x000002ebaf46f218: ;   {runtime_call}
  0x000002ebaf46f218: 48b8 ac16 | e85a f97f | 0000 ffd0 | c5f8 7741 | c787 4404 | 0000 0500 | 0000 f083 | 4424 c000 
  0x000002ebaf46f238: 493b af48 | 0400 000f | 870e 0000 | 0041 83bf | 4004 0000 | 000f 842b | 0000 00c5 | f877 4889 
  0x000002ebaf46f258: 45f8 498b | cf4c 8be4 | 4883 ec20 | 4883 e4f0 

  0x000002ebaf46f268: ;   {runtime_call}
  0x000002ebaf46f268: 48b8 3016 | c2e1 f87f | 0000 ffd0 | 498b e44d | 33e4 488b | 45f8 41c7 | 8744 0400 | 0008 0000 
  0x000002ebaf46f288: 0041 83bf | c004 0000 | 020f 84d5 

  0x000002ebaf46f294: ;   {external_word}
  0x000002ebaf46f294: 0100 0049 | ba78 fa3c | e2f8 7f00 | 0041 803a | 000f 844c | 0000 0048 

  0x000002ebaf46f2ac: ;   {metadata({method} {0x000002ebbd024ff8} 'defineClass1' '(Ljava/lang/ClassLoader;Ljava/lang/String;[BIILjava/security/ProtectionDomain;Ljava/lang/String;)Ljava/lang/Class;' in 'java/lang/ClassLoader')}
  0x000002ebaf46f2ac: 8945 f848 | baf0 4f02 | bdeb 0200 | 0049 8bcf | 4883 ec20 | 40f6 c40f | 0f84 1900 | 0000 4883 
  0x000002ebaf46f2cc: ;   {runtime_call}
  0x000002ebaf46f2cc: ec08 48b8 | 20dd f6e1 | f87f 0000 | ffd0 4883 | c408 e90c 

  0x000002ebaf46f2e0: ;   {runtime_call}
  0x000002ebaf46f2e0: 0000 0048 | b820 ddf6 | e1f8 7f00 | 00ff d048 | 83c4 2048 | 8b45 f849 | c787 9803 | 0000 0000 
  0x000002ebaf46f300: 0000 49c7 | 87a0 0300 | 0000 0000 | 00c5 f877 | 4885 c00f | 8430 0100 | 00a8 030f | 8508 0000 
  0x000002ebaf46f320: 0048 8b00 | e920 0100 | 00a8 010f | 8509 0000 | 0048 8b40 | fee9 0f01 | 0000 488b | 40ff 4180 
  0x000002ebaf46f340: 7f40 000f | 8400 0100 | 0048 83f8 | 000f 84f6 | 0000 0049 | 8b4f 2848 | 83f9 000f | 8414 0000 
  0x000002ebaf46f360: 0048 83e9 | 0849 894f | 2849 034f | 3848 8901 | e9d4 0000 | 0048 83ec | 7048 8904 | 2448 894c 
  0x000002ebaf46f380: 2408 4889 | 5424 104c | 8944 2418 | 4c89 4c24 | 204c 8954 | 2428 4c89 | 5c24 30c5 | fb11 4424 
  0x000002ebaf46f3a0: 40c5 fb11 | 4c24 48c5 | fb11 5424 | 50c5 fb11 | 5c24 58c5 | fb11 6424 | 60c5 fb11 | 6c24 6849 
  0x000002ebaf46f3c0: 8bd7 488b | c848 83ec | 2040 f6c4 | 0f0f 8419 | 0000 0048 

  0x000002ebaf46f3d4: ;   {runtime_call}
  0x000002ebaf46f3d4: 83ec 0848 | b8b0 22b5 | e1f8 7f00 | 00ff d048 | 83c4 08e9 | 0c00 0000 

  0x000002ebaf46f3ec: ;   {runtime_call}
  0x000002ebaf46f3ec: 48b8 b022 | b5e1 f87f | 0000 ffd0 | 4883 c420 | c5fb 106c | 2468 c5fb | 1064 2460 | c5fb 105c 
  0x000002ebaf46f40c: 2458 c5fb | 1054 2450 | c5fb 104c | 2448 c5fb | 1044 2440 | 4c8b 5c24 | 304c 8b54 | 2428 4c8b 
  0x000002ebaf46f42c: 4c24 204c | 8b44 2418 | 488b 5424 | 1048 8b4c | 2408 488b | 0424 4883 | c470 c5f8 | 7749 8b8f 
  0x000002ebaf46f44c: 2804 0000 | c781 0001 | 0000 0000 | 0000 c949 | 837f 0800 | 0f85 0100 

  0x000002ebaf46f464: ;   {runtime_call StubRoutines (initial stubs)}
  0x000002ebaf46f464: 0000 c3e9 | 941a 9eff | c5f8 7748 | 8945 f84c | 8be4 4883 | ec20 4883 

  0x000002ebaf46f47c: ;   {runtime_call}
  0x000002ebaf46f47c: e4f0 48b8 | 7014 f7e1 | f87f 0000 | ffd0 498b | e44d 33e4 | 488b 45f8 | e9fe fdff | fff4 f4f4 
  0x000002ebaf46f49c: f4f4 f4f4 
[/MachCode]


Compiled method (c2) 11110 9558       4       java.security.SecureClassLoader::defineClass (16 bytes)
 total in heap  [0x000002ebaf5ccd10,0x000002ebaf5d2a80] = 23920
 relocation     [0x000002ebaf5cce70,0x000002ebaf5cd200] = 912
 main code      [0x000002ebaf5cd200,0x000002ebaf5d0868] = 13928
 stub code      [0x000002ebaf5d0868,0x000002ebaf5d09a8] = 320
 oops           [0x000002ebaf5d09a8,0x000002ebaf5d09c0] = 24
 metadata       [0x000002ebaf5d09c0,0x000002ebaf5d0c90] = 720
 scopes data    [0x000002ebaf5d0c90,0x000002ebaf5d1db8] = 4392
 scopes pcs     [0x000002ebaf5d1db8,0x000002ebaf5d2578] = 1984
 dependencies   [0x000002ebaf5d2578,0x000002ebaf5d2630] = 184
 handler table  [0x000002ebaf5d2630,0x000002ebaf5d29c0] = 912
 nul chk table  [0x000002ebaf5d29c0,0x000002ebaf5d2a80] = 192

[Constant Pool (empty)]

[MachCode]
[Entry Point]
  # {method} {0x000002ebbd03d768} 'defineClass' '(Ljava/lang/String;[BIILjava/security/CodeSource;)Ljava/lang/Class;' in 'java/security/SecureClassLoader'
  # this:     rdx:rdx   = 'java/security/SecureClassLoader'
  # parm0:    r8:r8     = 'java/lang/String'
  # parm1:    r9:r9     = '[B'
  # parm2:    rdi       = int
  # parm3:    rsi       = int
  # parm4:    rcx:rcx   = 'java/security/CodeSource'
  #           [sp+0xe0]  (sp of caller)
  0x000002ebaf5cd200: 448b 5208 | 49c1 e203 

  0x000002ebaf5cd208: ;   {runtime_call ic_miss_stub}
  0x000002ebaf5cd208: 493b c20f | 856f 158d | ff66 6690 | 0f1f 8400 | 0000 0000 | 6666 6690 
[Verified Entry Point]
  0x000002ebaf5cd220: 8984 2400 | 80ff ff55 | 4881 ecd0 | 0000 0090 | 4181 7f20 | 0b00 0000 | 0f85 1f36 | 0000 8974 
  0x000002ebaf5cd240: 2444 897c | 2440 4c89 | 4c24 384c | 8944 2430 | 4889 5424 | 2848 8be9 | 0f1f 8400 | 0000 0000 
  0x000002ebaf5cd260: 4885 c90f | 846f 2600 | 004d 8b87 | b801 0000 | 4d8b d049 | 83c2 1066 | 0f1f 8400 | 0000 0000 
  0x000002ebaf5cd280: 4d3b 97c8 | 0100 000f | 838c 1f00 | 004d 8997 | b801 0000 | 410f 0d8a | c000 0000 | 49c7 0001 
  0x000002ebaf5cd2a0: ;   {metadata('java/security/SecureClassLoader$CodeSourceKey')}
  0x000002ebaf5cd2a0: 0000 0041 | c740 08f3 | 3201 204c | 8bd5 4589 | 500c 4d8b | 8fb8 0100 | 004c 8b54 | 2428 418b 
  0x000002ebaf5cd2c0: 6a50 4d8b | d149 83c2 | 104d 3b97 | c801 0000 | 0f83 151f | 0000 4d89 | 97b8 0100 | 0041 0f0d 
  0x000002ebaf5cd2e0: 8ac0 0000 | 0049 c701 | 0100 0000 

  0x000002ebaf5cd2ec: ;   {metadata('java/security/SecureClassLoader$1')}
  0x000002ebaf5cd2ec: 41c7 4108 | 3b33 0120 | 4c8b 5424 | 2845 8951 | 0c66 6690 

  0x000002ebaf5cd300: ; implicit exception: dispatches to 0x000002ebaf5d03a0
  0x000002ebaf5cd300: 448b 5508 

  0x000002ebaf5cd304: ;   {metadata('java/util/concurrent/ConcurrentHashMap')}
  0x000002ebaf5cd304: 4181 fade | ac00 200f | 854f 2300 | 0048 8bd5 

  0x000002ebaf5cd314: ;   {optimized virtual_call}
  0x000002ebaf5cd314: c5f8 77e8 

  0x000002ebaf5cd318: ; ImmutableOopMap {[40]=Oop [48]=Oop [56]=Oop }
                      ;*invokeinterface computeIfAbsent {reexecute=0 rethrow=0 return_oop=1}
                      ; - java.security.SecureClassLoader::getProtectionDomain@28
                      ; - java.security.SecureClassLoader::defineClass@9
  0x000002ebaf5cd318: e4a5 17f9 

  0x000002ebaf5cd31c: ;   {other}
  0x000002ebaf5cd31c: 0f1f 8400 | 0c06 0000 

  0x000002ebaf5cd324: ; implicit exception: dispatches to 0x000002ebaf5d03c0
  0x000002ebaf5cd324: 448b 5808 

  0x000002ebaf5cd328: ;   {metadata('java/security/ProtectionDomain')}
  0x000002ebaf5cd328: 4181 fbcf | 8800 200f | 85ab 2f00 | 0048 8984 | 2490 0000 | 004c 8b54 | 2430 458b | 5214 458b 
  0x000002ebaf5cd348: 5a0c 4585 | db0f 8661 | 2300 004c | 8b44 2430 | 450f be40 | 1066 6690 | 4585 c00f | 85d3 2400 
  0x000002ebaf5cd368: 00c4 423a | f7c3 453b | c341 8bd8 | 410f 4fdb | 4d8b f24d | 8d4a 1090 | 85db 0f8e | cf00 0000 
  0x000002ebaf5cd388: 443b db0f | 8263 2300 | 00b8 2f00 | 0000 498b | f98b d348 | 8bdf 83fa | 100f 8c79 | 0000 0083 
  0x000002ebaf5cd3a8: fa20 0f8c | 3600 0000 | c5f9 6ed0 | c4e2 7d78 | d2c5 fdef | c08b ca83 | e1e0 83e2 | 1fc5 fe6f 
  0x000002ebaf5cd3c8: 0bc5 f574 | cac4 e27d | 17c1 0f83 | 6900 0000 | 4883 c320 | 83e9 2075 | e4e9 0d00 | 0000 c5f9 
  0x000002ebaf5cd3e8: 6ed0 c5f9 | efc0 c4e2 | 6900 d083 | fa10 0f8c | 2400 0000 | 8bca 83e1 | f083 e20f | c5fa 6f0b 
  0x000002ebaf5cd408: c5f1 74ca | c4e2 7917 | c10f 832a | 0000 0048 | 83c3 1083 | e910 75e4 | 85d2 0f84 

  0x000002ebaf5cd424: ;   {no_reloc}
  0x000002ebaf5cd424: 1200 0000 | 0fb6 0b3b | c174 1c48 | 83c3 0183 | ea01 7402 | ebee bbff | ffff ffeb | 0dc5 fdd7 
  0x000002ebaf5cd444: c90f bcc1 | 4803 d848 | 2bdf 83fb | ff0f 8541 | 2400 0041 | 0fb6 290f | 1f44 0000 | 83fd 5b0f 
  0x000002ebaf5cd464: 84a3 2400 | 0041 8d58 | fb85 db7c | 0d41 0fbe | 0983 f96a | 0f84 c20e | 0000 488b | 5c24 2848 
  0x000002ebaf5cd484: 8b8c 2490 | 0000 008b | 7910 89bc | 2498 0000 | 0041 8bf8 | ffcf 418b | d3ff ca3b | fa0f 4ffa 
  0x000002ebaf5cd4a4: 85ff 0f8c | 2d0f 0000 | 413b fb0f | 8387 2100 | 0085 ff0f | 8e13 2200 | 008b d7ff | ca33 c989 
  0x000002ebaf5cd4c4: 4c24 2041 | 0fbe 4c3a | 1083 f92e | 0f84 e20e | 0000 ffcf | 3bfa 7feb | 0f1f 4000 | 83ff 020f 
  0x000002ebaf5cd4e4: 8ea7 0000 | 008d 57fe | 83ff 020f | 4c54 2420 | 81fa a00f | 0000 b9a0 | 0f00 000f | 47d1 8bc7 
  0x000002ebaf5cd504: 2bc2 6666 | 0f1f 8400 | 0000 0000 | 4863 cf41 | 0fbe 540a | 100f 1f80 | 0000 0000 | 83fa 2e0f 
  0x000002ebaf5cd524: ;   {no_reloc}
  0x000002ebaf5cd524: 848e 0000 | 0041 0fbe | 4c0a 0f83 | f92e 0f84 | 8300 0000 | 8d4f fe41 | 0fbe 540a | 1083 fa2e 
  0x000002ebaf5cd544: 0f84 7500 | 0000 8d4f | fd41 0fbe | 540a 1083 | fa2e 0f84 | 6300 0000 | 83c7 fc90 | 3bf8 7fac 
  0x000002ebaf5cd564: 498b 8750 | 0400 0048 | 8b4c 2428 | 488b 5424 | 3048 8bb4 | 2490 0000 | 0044 8bac | 2498 0000 
  0x000002ebaf5cd584: ; ImmutableOopMap {r10=NarrowOop rcx=Oop rbx=Oop rdx=Oop rsi=Oop r13=NarrowOop r14=Oop r9=Derived_oop_r14 [40]=Oop [48]=Oop [56]=Oop [144]=Oop [152]=NarrowOop }
                      ;*goto {reexecute=1 rethrow=0 return_oop=0}
                      ; - (reexecute) java.lang.StringLatin1::lastIndexOf@35
                      ; - java.lang.String::lastIndexOf@13
                      ; - java.lang.String::lastIndexOf@8
                      ; - java.lang.ClassLoader::checkCerts@3
                      ; - java.lang.ClassLoader::preDefineClass@113
                      ; - java.lang.ClassLoader::defineClass@4
                      ; - java.security.SecureClassLoader::defineClass@12
                      ;   {poll}
  0x000002ebaf5cd584: 0085 0083 | ff02 0f8f | 59ff ffff | 83ff ff0f | 8e46 0e00 | 0066 6690 | 410f be4c | 3a10 83f9 
  0x000002ebaf5cd5a4: 2e0f 8475 | 2400 00ff | cf83 ffff | 7fea e928 | 0e00 008b | cfeb 048b | cfff c990 | 83f9 ff0f 
  0x000002ebaf5cd5c4: 841c 1300 | 0085 c90f | 8c9f 2200 | 0041 3bc8 | 0f8f 4a23 | 0000 660f | 1f44 0000 | 413b c80f 
  0x000002ebaf5cd5e4: 84de 0d00 | 0085 c90f | 84eb 1b00 | 0049 8bb7 | b801 0000 | 4c8b c649 | 83c0 1890 | 4d3b 87c8 
  0x000002ebaf5cd604: 0100 000f | 8352 1c00 | 004d 8987 | b801 0000 | 410f 0d88 | c000 0000 | 48c7 0601 

  0x000002ebaf5cd620: ;   {metadata('java/lang/String')}
  0x000002ebaf5cd620: 0000 00c7 | 4608 1284 | 0020 4489 | 660c 4c89 | 6610 413b | cb0f 859a | 0000 004d | 63c3 6690 
  0x000002ebaf5cd640: 4181 fb00 | 0010 000f | 8704 1e00 | 004d 8baf | b801 0000 | 498d 4817 | 4883 e1f8 | 498b fd48 
  0x000002ebaf5cd660: 03f9 493b | bfc8 0100 | 000f 83e2 | 1d00 0049 | 89bf b801 | 0000 0f0d | 8fc0 0000 | 0049 c745 
  0x000002ebaf5cd680: 0001 0000 | 000f 0d8f | 0001 0000 

  0x000002ebaf5cd68c: ;   {metadata({type array byte})}
  0x000002ebaf5cd68c: 41c7 4508 | 5981 0020 | 4589 5d0c | 0f0d 8f40 | 0100 000f | 0d8f 8001 | 0000 498b | d548 83c2 
  0x000002ebaf5cd6ac: 1049 83c0 | 0749 c1e8 | 0349 8bc9 | c5f8 7749 | bae0 9de8 | aeeb 0200 | 0041 ffd2 

  0x000002ebaf5cd6c8: ;   {other}
  0x000002ebaf5cd6c8: 0f1f 8400 | 0000 0000 | e9f9 0000 | 0066 6666 | 0f1f 8400 | 0000 0000 | 81f9 0000 | 1000 0f87 
  0x000002ebaf5cd6e8: b420 0000 | 4863 d144 | 3bd9 418b | eb0f 4fe9 | 0f1f 8400 | 0000 0000 | 443b dd0f | 820b 2100 
  0x000002ebaf5cd708: 003b cd0f | 8203 2100 | 0048 83c2 | 174c 8bc2 | 4983 e0f8 | 0f1f 4000 | 81f9 0000 | 1000 0f87 
  0x000002ebaf5cd728: 591c 0000 | 4d8b afb8 | 0100 004d | 8bd5 4d03 | d00f 1f80 | 0000 0000 | 4d3b 97c8 | 0100 000f 
  0x000002ebaf5cd748: 8338 1c00 | 004d 8997 | b801 0000 | 410f 0d8a | c000 0000 | 49c7 4500 | 0100 0000 | 410f 0d8a 
  0x000002ebaf5cd768: 0001 0000 

  0x000002ebaf5cd76c: ;   {metadata({type array byte})}
  0x000002ebaf5cd76c: 41c7 4508 | 5981 0020 | 4189 4d0c | 410f 0d8a | 4001 0000 | 410f 0d8a | 8001 0000 | 4d8b d549 
  0x000002ebaf5cd78c: 83c2 1048 | c1ea 0385 | ed0f 840d | 2000 000f | 1f44 0000 | 3be9 0f8c | 6812 0000 | 4983 c0f0 
  0x000002ebaf5cd7ac: 49c1 e803 | 498b c949 | 8bd2 c5f8 | 7749 bae0 | 9de8 aeeb | 0200 0041 

  0x000002ebaf5cd7c4: ;   {other}
  0x000002ebaf5cd7c4: ffd2 0f1f | 8400 0000 | 0000 4180 | 7f40 000f | 8510 0c00 | 004c 8bd6 | 4d8b c544 | 8946 144d 
  0x000002ebaf5cd7e4: 8bdd 4d33 | da49 c1eb | 144d 85db | 741a 49c1 | ea09 48b9 | 0000 c6b6 | eb02 0000 | 4903 ca80 
  0x000002ebaf5cd804: 3902 0f85 | 130c 0000 | 4488 6610 | 488b fe44 | 8b9c 2498 | 0000 0045 | 8b5b 1490 | 4585 db0f 
  0x000002ebaf5cd824: 8547 0c00 | 0044 8b94 | 2498 0000 | 0045 8b5a | 1045 85db | 0f85 e90c 

  0x000002ebaf5cd83c: ;   {oop(""{0x00000000fff02d10})}
  0x000002ebaf5cd83c: 0000 49b8 | 102d f0ff | 0000 0000 | 49b9 0000 | c6b6 eb02 

  0x000002ebaf5cd850: ;   {oop(a 'java/security/cert/Certificate'[0] {0x00000000fff0f528})}
  0x000002ebaf5cd850: 0000 49bb | 28f5 f0ff | 0000 0000 | 448b 532c | 4585 d20f | 8484 1d00 | 004c 895c | 2460 4c8b 
  0x000002ebaf5cd870: df4c 894c | 2458 4c89 | 4424 5048 | 895c 2448 | 498b d2bf | 0100 0000 | 4d8b c34c | 8b4c 2460 
  0x000002ebaf5cd890: ;   {optimized virtual_call}
  0x000002ebaf5cd890: c5f8 77e8 

  0x000002ebaf5cd894: ; ImmutableOopMap {[40]=Oop [48]=Oop [56]=Oop [72]=Oop [80]=Oop [96]=Oop [144]=Oop }
                      ;*invokevirtual putVal {reexecute=0 rethrow=0 return_oop=1}
                      ; - java.util.concurrent.ConcurrentHashMap::putIfAbsent@4
                      ; - java.lang.ClassLoader::checkCerts@62
                      ; - java.lang.ClassLoader::preDefineClass@113
                      ; - java.lang.ClassLoader::defineClass@4
                      ; - java.security.SecureClassLoader::defineClass@12
  0x000002ebaf5cd894: 489a 1f00 

  0x000002ebaf5cd898: ;   {other}
  0x000002ebaf5cd898: 0f1f 8400 | 880b 0002 | 4885 c074 | 3144 8b50 

  0x000002ebaf5cd8a8: ;   {metadata('java/security/cert/Certificate'[])}
  0x000002ebaf5cd8a8: 0841 81fa | b161 0020 | 0f85 5e2a | 0000 488b | d848 8b7c | 2460 448b | 570c 8b4b | 0c45 85d2 
  0x000002ebaf5cd8c8: 0f87 2e17 | 0000 85c9 | 0f87 7a20 | 0000 4c8b | 8c24 9000 | 0000 458b | 5110 418b | 6a0c 448b 
  0x000002ebaf5cd8e8: 5538 4585 | d20f 8419 | 1d00 0048 | ffb4 2490 | 0000 0048 | 8f44 2448 | 498b d24c | 8bc5 6690 
  0x000002ebaf5cd908: ;   {optimized virtual_call}
  0x000002ebaf5cd908: c5f8 77e8 

  0x000002ebaf5cd90c: ; ImmutableOopMap {[40]=Oop [48]=Oop [56]=Oop [72]=Oop [80]=Oop [144]=Oop }
                      ;*invokevirtual toExternalForm {reexecute=0 rethrow=0 return_oop=1}
                      ; - java.net.URL::toExternalForm@5
                      ; - java.net.URL::toString@1
                      ; - java.lang.ClassLoader::defineClassSourceLocation@22
                      ; - java.lang.ClassLoader::defineClass@12
                      ; - java.security.SecureClassLoader::defineClass@12
  0x000002ebaf5cd90c: 909d f2ff 

  0x000002ebaf5cd910: ;   {other}
  0x000002ebaf5cd910: 0f1f 8400 | 000c 0003 | 488b 5424 | 284c 8b44 | 2430 4c8b | 4c24 388b | 7c24 408b | 7424 4448 
  0x000002ebaf5cd930: 8b8c 2490 | 0000 0048 | 8904 2490 

  0x000002ebaf5cd93c: ;   {static_call}
  0x000002ebaf5cd93c: c5f8 77e8 

  0x000002ebaf5cd940: ; ImmutableOopMap {[40]=Oop [72]=Oop [80]=Oop [144]=Oop }
                      ;*invokestatic defineClass1 {reexecute=0 rethrow=0 return_oop=1}
                      ; - java.lang.ClassLoader::defineClass@27
                      ; - java.security.SecureClassLoader::defineClass@12
  0x000002ebaf5cd940: 9417 eaff 

  0x000002ebaf5cd944: ;   {other}
  0x000002ebaf5cd944: 0f1f 8400 | 340c 0004 | 4889 4424 | 6844 8b50 | 3c45 85d2 | 740b 498b | da66 6690 | e933 0400 
  0x000002ebaf5cd964: 004c 8b50 | 1045 8b5a | 0845 85db | 0f8c de1d | 0000 448b | 502c 660f | 1f44 0000 | 4585 d20f 
  0x000002ebaf5cd984: 847b 0900 | 004d 8bc2 | 418b 4814 

  0x000002ebaf5cd990: ; implicit exception: dispatches to 0x000002ebaf5d045c
  0x000002ebaf5cd990: 448b 590c | 410f be58 | 10c4 4262 | f7cb 458b | d141 ffca | 85db 0f85 | 3c21 0000 | 488b d948 
  0x000002ebaf5cd9b0: 899c 2488 | 0000 0041 | 8bdb ffcb | 413b da41 | 0f4f da85 | db0f 8cf2 | 0000 0045 | 85db 0f86 
  0x000002ebaf5cd9d0: 541d 0000 | 413b db0f | 834b 1d00 | 0066 6690 | 85db 0f8e | 8c1d 0000 | 448b d341 | ffca 0fbe 
  0x000002ebaf5cd9f0: 7c19 1083 | ff2e 0f84 | c309 0000 | ffcb 6690 | 413b da7f | e983 fb02 | 0f8e 8e00 | 0000 8d53 
  0x000002ebaf5cda10: fe83 fb02 | 0f4c 5424 | 2081 faa0 | 0f00 0041 | baa0 0f00 | 0041 0f47 | d28b fb2b | fa66 6690 
  0x000002ebaf5cda30: 4863 d344 | 0fbe 5411 | 100f 1f80 | 0000 0000 

  0x000002ebaf5cda40: ;   {no_reloc}
  0x000002ebaf5cda40: 4183 fa2e | 0f84 7b00 | 0000 0fbe | 5411 0f83 | fa2e 0f84 | 7200 0000 | 448d 53fe | 420f be54 
  0x000002ebaf5cda60: 1110 83fa | 2e0f 8465 | 0000 0044 | 8d53 fd42 | 0fbe 7411 | 1083 fe2e | 0f84 5200 | 0000 83c3 
  0x000002ebaf5cda80: fc3b df7f | ab49 8b87 | 5004 0000 | 4c8b 5424 

  0x000002ebaf5cda90: ; ImmutableOopMap {r10=Oop r8=Oop rcx=NarrowOop [40]=Oop [72]=Oop [80]=Oop [104]=Oop [136]=Oop }
                      ;*goto {reexecute=1 rethrow=0 return_oop=0}
                      ; - (reexecute) java.lang.StringLatin1::lastIndexOf@35
                      ; - java.lang.String::lastIndexOf@13
                      ; - java.lang.String::lastIndexOf@8
                      ; - java.lang.Class::getPackageName@47
                      ; - java.lang.ClassLoader::postDefineClass@2
                      ; - java.lang.ClassLoader::defineClass@37
                      ; - java.security.SecureClassLoader::defineClass@12
                      ;   {poll}
  0x000002ebaf5cda90: 6885 0083 | fb02 0f8f | 72ff ffff | 0f1f 4000 | 83fb ff7e | 1866 6690 | 0fbe 7c19 | 1083 ff2e 
  0x000002ebaf5cdab0: 0f84 3e22 | 0000 ffcb | 83fb ff7f | eb41 baff | ffff ffeb | 0b44 8bd3 | eb06 448b | d341 ffca 
  0x000002ebaf5cdad0: 4183 faff | 0f84 6f02 | 0000 660f | 1f44 0000 | 4585 d20f | 8c53 2000 | 0045 3bd1 | 0f8f aa20 
  0x000002ebaf5cdaf0: 0000 453b | d10f 84d6 | 0800 000f | 1f44 0000 | 4585 d20f | 8401 1800 | 0049 8b9f | b801 0000 
  0x000002ebaf5cdb10: 4c8b c349 | 83c0 1866 | 0f1f 8400 | 0000 0000 | 4d3b 87c8 | 0100 000f | 8310 1800 | 004d 8987 
  0x000002ebaf5cdb30: b801 0000 | 410f 0d88 | c000 0000 | 48c7 0301 

  0x000002ebaf5cdb40: ;   {metadata('java/lang/String')}
  0x000002ebaf5cdb40: 0000 00c7 | 4308 1284 | 0020 4489 | 630c 4c89 | 6310 4c8d | 4910 453b | d30f 8599 | 0000 004d 
  0x000002ebaf5cdb60: 63c3 4181 | fb00 0010 | 000f 8722 | 1a00 0049 | 8bbf b801 | 0000 4d8d | 5017 4983 | e2f8 488b 
  0x000002ebaf5cdb80: d749 03d2 | 493b 97c8 | 0100 000f | 8300 1a00 | 0049 8997 | b801 0000 | 0f0d 8ac0 | 0000 0048 
  0x000002ebaf5cdba0: c707 0100 | 0000 0f0d | 8a00 0100 

  0x000002ebaf5cdbac: ;   {metadata({type array byte})}
  0x000002ebaf5cdbac: 00c7 4708 | 5981 0020 | 4489 5f0c | 0f0d 8a40 | 0100 000f | 0d8a 8001 | 0000 488b | d748 83c2 
  0x000002ebaf5cdbcc: 1049 83c0 | 0749 c1e8 | 0349 8bc9 | c5f8 7749 | bae0 9de8 | aeeb 0200 | 0041 ffd2 

  0x000002ebaf5cdbe8: ;   {other}
  0x000002ebaf5cdbe8: 0f1f 8400 | 0000 0000 | 488b f7e9 | f700 0000 | 0f1f 8400 | 0000 0000 | 4181 fa00 | 0010 000f 
  0x000002ebaf5cdc08: 872e 1e00 | 0049 63d2 | 453b da41 | 8beb 410f | 4fea 660f | 1f44 0000 | 443b dd0f | 8288 1e00 
  0x000002ebaf5cdc28: 0044 3bd5 | 0f82 7f1e | 0000 4883 | c217 4c8b | c249 83e0 | f866 6690 | 4181 fa00 | 0010 000f 
  0x000002ebaf5cdc48: 87e0 1800 | 0049 8bb7 | b801 0000 | 4c8b de4d | 03d8 660f | 1f44 0000 | 4d3b 9fc8 | 0100 000f 
  0x000002ebaf5cdc68: 83c0 1800 | 004d 899f | b801 0000 | 410f 0d8b | c000 0000 | 48c7 0601 | 0000 0041 | 0f0d 8b00 
  0x000002ebaf5cdc88: ;   {metadata({type array byte})}
  0x000002ebaf5cdc88: 0100 00c7 | 4608 5981 | 0020 4489 | 560c 410f | 0d8b 4001 | 0000 410f | 0d8b 8001 | 0000 4c8b 
  0x000002ebaf5cdca8: de49 83c3 | 1048 c1ea | 0385 ed0f | 848c 1d00 | 000f 1f80 | 0000 0000 | 413b ea0f | 8c6e 1200 
  0x000002ebaf5cdcc8: 0049 83c0 | f049 c1e8 | 0349 8bc9 | 498b d3c5 | f877 49ba | e09d e8ae | eb02 0000 

  0x000002ebaf5cdce4: ;   {other}
  0x000002ebaf5cdce4: 41ff d20f | 1f84 0000 | 0000 0041 | 807f 4000 | 0f85 8b0c | 0000 4c8b | d34c 8bde | 4489 5b14 
  0x000002ebaf5cdd04: 4c8b de4d | 33da 49c1 | eb14 4d85 | db74 1a49 | c1ea 0948 | b900 00c6 | b6eb 0200 | 0049 03ca 
  0x000002ebaf5cdd24: 8039 020f | 8592 0c00 | 0044 8863 | 1048 8bd3 

  0x000002ebaf5cdd34: ;   {optimized virtual_call}
  0x000002ebaf5cdd34: c5f8 77e8 

  0x000002ebaf5cdd38: ; ImmutableOopMap {[40]=Oop [72]=Oop [104]=Oop }
                      ;*invokevirtual intern {reexecute=0 rethrow=0 return_oop=1}
                      ; - java.lang.Class::getPackageName@65
                      ; - java.lang.ClassLoader::postDefineClass@2
                      ; - java.lang.ClassLoader::defineClass@37
                      ; - java.security.SecureClassLoader::defineClass@12
  0x000002ebaf5cdd38: 9c8c e3ff 

  0x000002ebaf5cdd3c: ;   {other}
  0x000002ebaf5cdd3c: 0f1f 8400 | 2c10 0006 | 4889 4424 | 5041 807f | 4000 0f85 | a00b 0000 | 4c8b 5424 | 6848 8b5c 
  0x000002ebaf5cdd5c: 2450 4c8b | db4c 8b44 | 2468 4589 | 583c 4c8b | db4d 33da | 49c1 eb14 | 4d85 db74 | 1f48 85db 
  0x000002ebaf5cdd7c: 741a 49c1 | ea09 48b9 | 0000 c6b6 | eb02 0000 | 4903 ca80 | 3902 0f85 | 970b 0000 | 4c8b 4c24 
  0x000002ebaf5cdd9c: 2845 8b51 | 3845 85d2 | 0f84 7a18 | 0000 4c8b | eb8b 430c | 4c8b 5c24 | 6845 8b43 | 300f 1f80 
  0x000002ebaf5cddbc: 0000 0000 | 85c0 0f85 | 6400 0000 | 440f b65b | 1145 85db | 0f85 ff11 | 0000 448b | 5b14 498b 
  0x000002ebaf5cdddc: ea49 8bd3 | 807b 1000 | 0f85 2f15 | 0000 4489 | 4424 3844 | 8954 2424 | 4889 5c24 | 3066 6690 
  0x000002ebaf5cddfc: ;   {static_call}
  0x000002ebaf5cddfc: c5f8 77e8 

  0x000002ebaf5cde00: ; ImmutableOopMap {rbp=Oop [36]=NarrowOop [40]=Oop [48]=Oop [56]=NarrowOop [72]=Oop [104]=Oop }
                      ;*invokestatic hashCode {reexecute=0 rethrow=0 return_oop=0}
                      ; - java.lang.String::hashCode@27
                      ; - java.util.concurrent.ConcurrentHashMap::get@1
                      ; - java.lang.ClassLoader::getNamedPackage@5
                      ; - java.lang.ClassLoader::postDefineClass@9
                      ; - java.lang.ClassLoader::defineClass@37
                      ; - java.security.SecureClassLoader::defineClass@12
  0x000002ebaf5cde00: 7c12 8dff 

  0x000002ebaf5cde04: ;   {other}
  0x000002ebaf5cde04: 0f1f 8400 | f410 0007 | 85c0 0f84 | c811 0000 | 4c8b 6c24 | 3041 8945 | 0c4c 8b4c | 2428 448b 
  0x000002ebaf5cde24: 5424 2444 | 8b44 2438 | 458b 5a28 | 4585 db0f | 8405 0300 | 0041 8b6b | 0c66 6690 | 85ed 0f86 
  0x000002ebaf5cde44: 441b 0000 | 448b d041 | c1ea 1044 | 33d0 ffcd | 4181 e2ff | ffff 7f41 | 23ea 4863 | cd45 8b5c 
  0x000002ebaf5cde64: 8b10 4585 | db0f 84cf | 0200 0041 | 8b5b 0c41 | 3bda 0f84 | c900 0000 | 498b fb90 | 85db 0f8c 
  0x000002ebaf5cde84: 5002 0000 | 448b 5f18 | 4585 db0f | 84a9 0200 | 0049 8bfb | 8b4f 0c49 | 8b97 5004 

  0x000002ebaf5cdea0: ; ImmutableOopMap {r8=NarrowOop r9=Oop rdi=Oop r13=Oop [72]=Oop [104]=Oop }
                      ;*if_icmpne {reexecute=1 rethrow=0 return_oop=0}
                      ; - (reexecute) java.util.concurrent.ConcurrentHashMap::get@127
                      ; - java.lang.ClassLoader::getNamedPackage@5
                      ; - java.lang.ClassLoader::postDefineClass@9
                      ; - java.lang.ClassLoader::defineClass@37
                      ; - java.security.SecureClassLoader::defineClass@12
                      ;   {poll}
  0x000002ebaf5cdea0: 0000 8502 | 413b ca74 | 108b 4f18 | 85c9 0f84 | 8a02 0000 | 488b f9eb | df8b 6f10 | 4c8b dd90 
  0x000002ebaf5cdec0: 4d3b dd0f | 846a 0000 | 0085 ed0f | 84ed 2000 | 0048 897c | 2450 4489 | 5424 4044 | 8944 2424 
  0x000002ebaf5cdee0: 4c89 6c24 | 384c 894c | 2428 4c8b | c549 8bd5 | 488b 6c24 | 6866 6690 

  0x000002ebaf5cdef8: ;   {optimized virtual_call}
  0x000002ebaf5cdef8: c5f8 77e8 

  0x000002ebaf5cdefc: ; ImmutableOopMap {rbp=Oop [36]=NarrowOop [40]=Oop [56]=Oop [72]=Oop [80]=Oop }
                      ;*invokevirtual equals {reexecute=0 rethrow=0 return_oop=0}
                      ; - java.util.concurrent.ConcurrentHashMap::get@149
                      ; - java.lang.ClassLoader::getNamedPackage@5
                      ; - java.lang.ClassLoader::postDefineClass@9
                      ; - java.lang.ClassLoader::defineClass@37
                      ; - java.security.SecureClassLoader::defineClass@12
  0x000002ebaf5cdefc: c021 f0ff 

  0x000002ebaf5cdf00: ;   {other}
  0x000002ebaf5cdf00: 0f1f 8400 | f011 0009 | 4d8b 9750 

  0x000002ebaf5cdf0c: ; ImmutableOopMap {rbp=Oop [36]=NarrowOop [40]=Oop [56]=Oop [72]=Oop [80]=Oop }
                      ;*ifeq {reexecute=1 rethrow=0 return_oop=0}
                      ; - (reexecute) java.util.concurrent.ConcurrentHashMap::get@152
                      ; - java.lang.ClassLoader::getNamedPackage@5
                      ; - java.lang.ClassLoader::postDefineClass@9
                      ; - java.lang.ClassLoader::defineClass@37
                      ; - java.security.SecureClassLoader::defineClass@12
                      ;   {poll}
  0x000002ebaf5cdf0c: 0400 0041 | 8502 85c0 | 0f84 2213 | 0000 4c8b | 4c24 2848 | 896c 2468 | 4c8b 6c24 | 3844 8b44 
  0x000002ebaf5cdf2c: 2424 488b | 7c24 508b | 6f14 85ed | 0f85 3701 | 0000 6690 | e9f9 0100 | 0041 8b6b | 1048 8bcd 
  0x000002ebaf5cdf4c: 493b cd0f | 8414 0100 | 008b 5d08 | 488b fd0f | 1f44 0000 | 4c3b ef0f | 8400 0100 

  0x000002ebaf5cdf68: ;   {metadata('java/lang/String')}
  0x000002ebaf5cdf68: 0081 fb12 | 8400 200f | 8504 1d00 | 0041 0fbe | 4d10 0fbe | 6f10 6690 | 3bcd 0f85 | 0b1e 0000 
  0x000002ebaf5cdf88: 8b5f 1441 | 8b45 148b | 530c 8b48 | 0c3b ca0f | 85dc 1c00 | 0048 8bfb | 488d 7310 | 488b d848 
  0x000002ebaf5cdfa8: 8d78 1085 | c90f 849d | 0000 008b | c183 e01f | 83e1 e00f | 844b 0000 | 0048 8d3c | 0f48 8d34 
  0x000002ebaf5cdfc8: 0e48 f7d9 | c5fe 6f0c | 0fc5 fe6f | 040e c5f5 | efc8 c4e2 | 7d17 c90f | 8572 0000 | 0048 83c1 
  0x000002ebaf5cdfe8: 2075 e185 | c00f 845d | 0000 00c5 | fe6f 4c07 | e0c5 fe6f | 4406 e0c5 | f5ef c8c4 | e27d 17c9 
  0x000002ebaf5ce008: 754d eb44 | 8bc8 83e1 | fc74 1948 | 8d3c 0f48 | 8d34 0e48 | f7d9 8b1c | 0f3b 1c0e | 7531 4883 
  0x000002ebaf5ce028: c104 75f2 | a802 7412 | 0fb7 1f0f | b70e 3bd9 | 751d 488d | 7f02 488d | 7602 a801 | 740a 0fb6 
  0x000002ebaf5ce048: 1f0f b60e | 3bd9 7507 | b801 0000 | 00eb 0233 | c0c5 f5ef | c9c5 fdef | c085 c00f | 8410 1c00 
  0x000002ebaf5ce068: ;   {no_reloc}
  0x000002ebaf5ce068: 0041 8b6b | 1485 ed0f | 84c9 0000 | 0044 8b55 | 084d 33db | 4f8d 1cd3 | 4d8b 5338 

  0x000002ebaf5ce084: ;   {metadata('java/lang/NamedPackage')}
  0x000002ebaf5ce084: 49bb 9886 | 0900 0100 | 0000 4d3b | d30f 8579 | 1600 004c | 8b54 2448 | 418b 4a10 

  0x000002ebaf5ce0a0: ; implicit exception: dispatches to 0x000002ebaf5d056c
  0x000002ebaf5ce0a0: 448b 4114 | 4585 c00f | 8501 0a00 | 0044 8b41 | 1045 85c0 | 0f85 9b0a | 0000 488b | 4424 68c5 
  0x000002ebaf5ce0c0: f877 4881 | c4d0 0000 

  0x000002ebaf5ce0c8: ;   {poll_return}
  0x000002ebaf5ce0c8: 005d 493b | a748 0400 | 000f 8770 | 2700 00c3 | 418b 4b08 | 0f1f 4000 

  0x000002ebaf5ce0e0: ;   {metadata('java/util/concurrent/ConcurrentHashMap$ReservationNode')}
  0x000002ebaf5ce0e0: 81f9 c0d6 | 0020 0f84 | 5200 0000 

  0x000002ebaf5ce0ec: ;   {metadata('java/util/concurrent/ConcurrentHashMap$ForwardingNode')}
  0x000002ebaf5ce0ec: 81f9 bb3b | 0120 0f85 | d420 0000 | 4489 4424 | 244c 896c | 2438 4c89 | 4c24 2848 | 8bd7 458b 
  0x000002ebaf5ce10c: c24d 8bcd 

  0x000002ebaf5ce110: ;   {optimized virtual_call}
  0x000002ebaf5ce110: c5f8 77e8 

  0x000002ebaf5ce114: ; ImmutableOopMap {[36]=NarrowOop [40]=Oop [56]=Oop [72]=Oop [104]=Oop }
                      ;*invokevirtual find {reexecute=0 rethrow=0 return_oop=1}
                      ; - java.util.concurrent.ConcurrentHashMap::get@93
                      ; - java.lang.ClassLoader::getNamedPackage@5
                      ; - java.lang.ClassLoader::postDefineClass@9
                      ; - java.lang.ClassLoader::defineClass@37
                      ; - java.security.SecureClassLoader::defineClass@12
  0x000002ebaf5ce114: 6809 8dff 

  0x000002ebaf5ce118: ;   {other}
  0x000002ebaf5ce118: 0f1f 8400 | 0814 000b | 4885 c00f | 84f0 1300 | 008b 6814 | 85ed 0f84 | f318 0000 | 4c8b 4c24 
  0x000002ebaf5ce138: 28e9 37ff | ffff 498b | 87b8 0100 | 004c 8bd0 | 4983 c218 | 4d3b 97c8 | 0100 000f | 838f 1300 
  0x000002ebaf5ce158: 004d 8997 | b801 0000 | 410f 0d8a | c000 0000 | 48c7 0001 

  0x000002ebaf5ce16c: ;   {metadata('java/lang/NamedPackage')}
  0x000002ebaf5ce16c: 0000 00c7 | 4008 d330 | 0120 4489 | 600c 4c89 | 6010 4c89 | 4c24 284c | 896c 2430 | 4489 4424 
  0x000002ebaf5ce18c: 2448 8944 | 2438 488b | 5424 3090 

  0x000002ebaf5ce198: ;   {optimized virtual_call}
  0x000002ebaf5ce198: c5f8 77e8 

  0x000002ebaf5ce19c: ; ImmutableOopMap {[36]=NarrowOop [40]=Oop [48]=Oop [56]=Oop [72]=Oop [104]=Oop }
                      ;*invokevirtual isEmpty {reexecute=0 rethrow=0 return_oop=0}
                      ; - java.lang.NamedPackage::<init>@5
                      ; - java.lang.ClassLoader::getNamedPackage@22
                      ; - java.lang.ClassLoader::postDefineClass@9
                      ; - java.lang.ClassLoader::defineClass@37
                      ; - java.security.SecureClassLoader::defineClass@12
  0x000002ebaf5ce19c: e008 8dff 

  0x000002ebaf5ce1a0: ;   {other}
  0x000002ebaf5ce1a0: 0f1f 8400 | 9014 000c | 85c0 742c | 448b 5424 | 2445 85d2 | 0f84 3618 | 0000 498b | d266 6690 
  0x000002ebaf5ce1c0: ;   {optimized virtual_call}
  0x000002ebaf5ce1c0: c5f8 77e8 

  0x000002ebaf5ce1c4: ; ImmutableOopMap {[36]=NarrowOop [40]=Oop [48]=Oop [56]=Oop [72]=Oop [104]=Oop }
                      ;*invokevirtual isNamed {reexecute=0 rethrow=0 return_oop=0}
                      ; - java.lang.NamedPackage::<init>@12
                      ; - java.lang.ClassLoader::getNamedPackage@22
                      ; - java.lang.ClassLoader::postDefineClass@9
                      ; - java.lang.ClassLoader::defineClass@37
                      ; - java.security.SecureClassLoader::defineClass@12
  0x000002ebaf5ce1c4: b808 8dff 

  0x000002ebaf5ce1c8: ;   {other}
  0x000002ebaf5ce1c8: 0f1f 8400 | b814 000d | 85c0 0f85 | 3018 0000 | 448b 5424 | 2449 8bea | 488b 5424 | 3066 6690 
  0x000002ebaf5ce1e8: ;   {optimized virtual_call}
  0x000002ebaf5ce1e8: c5f8 77e8 

  0x000002ebaf5ce1ec: ; ImmutableOopMap {rbp=Oop [36]=NarrowOop [40]=Oop [48]=Oop [56]=Oop [72]=Oop [104]=Oop }
                      ;*invokevirtual intern {reexecute=0 rethrow=0 return_oop=1}
                      ; - java.lang.NamedPackage::<init>@47
                      ; - java.lang.ClassLoader::getNamedPackage@22
                      ; - java.lang.ClassLoader::postDefineClass@9
                      ; - java.lang.ClassLoader::defineClass@37
                      ; - java.security.SecureClassLoader::defineClass@12
  0x000002ebaf5ce1ec: 9008 8dff 

  0x000002ebaf5ce1f0: ;   {other}
  0x000002ebaf5ce1f0: 0f1f 8400 | e014 000e | 488b d80f | 1f44 0000 | 4180 7f40 | 000f 853a | 0c00 0048 | 8b7c 2438 
  0x000002ebaf5ce210: 4c8b d74c | 8bdb 4d33 | da4c 8bcb | 4489 4f0c | 49c1 eb14 | 4d85 db74 | 2048 85db | 741b 49c1 
  0x000002ebaf5ce230: ea09 48b9 | 0000 c6b6 | eb02 0000 | 4903 ca90 | 8039 020f | 859c 0c00 | 0041 807f | 4000 0f85 
  0x000002ebaf5ce250: bd0b 0000 | 8b5c 2424 | 895f 104c | 8bd5 4c8b | df4d 33d3 | 49c1 ea14 | 4d85 d274 | 1e85 db74 
  0x000002ebaf5ce270: 1a49 c1eb | 0948 b900 | 00c6 b6eb | 0200 0049 | 03cb 8039 | 020f 85fe | 0b00 004c | 8b5c 2428 
  0x000002ebaf5ce290: 458b 5338 | 4585 d20f | 841f 1700 | 0048 897c | 2438 498b | d24c 8b44 | 2430 4c8b | cf66 6690 
  0x000002ebaf5ce2b0: ;   {optimized virtual_call}
  0x000002ebaf5ce2b0: c5f8 77e8 

  0x000002ebaf5ce2b4: ; ImmutableOopMap {[36]=NarrowOop [40]=Oop [56]=Oop [72]=Oop [104]=Oop }
                      ;*invokevirtual putIfAbsent {reexecute=0 rethrow=0 return_oop=1}
                      ; - java.lang.ClassLoader::getNamedPackage@32
                      ; - java.lang.ClassLoader::postDefineClass@9
                      ; - java.lang.ClassLoader::defineClass@37
                      ; - java.security.SecureClassLoader::defineClass@12
  0x000002ebaf5ce2b4: c807 8dff 

  0x000002ebaf5ce2b8: ;   {other}
  0x000002ebaf5ce2b8: 0f1f 8400 | a815 000f | 4885 c00f | 84b6 0b00 | 0044 8b50 | 084d 33db | 4f8d 1cd3 | 4d8b 5338 
  0x000002ebaf5ce2d8: ;   {metadata('java/lang/NamedPackage')}
  0x000002ebaf5ce2d8: 49bb 9886 | 0900 0100 | 0000 4d3b | d30f 84ed | 1600 00ba | deff ffff | 488b e890 

  0x000002ebaf5ce2f4: ;   {runtime_call UncommonTrapBlob}
  0x000002ebaf5ce2f4: c5f8 77e8 

  0x000002ebaf5ce2f8: ; ImmutableOopMap {rbp=Oop }
                      ;*checkcast {reexecute=0 rethrow=0 return_oop=0}
                      ; - java.lang.ClassLoader::getNamedPackage@35
                      ; - java.lang.ClassLoader::postDefineClass@9
                      ; - java.lang.ClassLoader::defineClass@37
                      ; - java.security.SecureClassLoader::defineClass@12
  0x000002ebaf5ce2f8: 0460 8dff 

  0x000002ebaf5ce2fc: ;   {other}
  0x000002ebaf5ce2fc: 0f1f 8400 | ec15 0010 | 4889 4424 | 3048 8bd0 

  0x000002ebaf5ce30c: ;   {optimized virtual_call}
  0x000002ebaf5ce30c: c5f8 77e8 

  0x000002ebaf5ce310: ; ImmutableOopMap {[40]=Oop [48]=Oop [72]=Oop [80]=Oop [104]=Oop [144]=Oop }
                      ;*invokevirtual initClassName {reexecute=0 rethrow=0 return_oop=1}
                      ; - java.lang.Class::getName@14
                      ; - java.lang.Class::getPackageName@40
                      ; - java.lang.ClassLoader::postDefineClass@2
                      ; - java.lang.ClassLoader::defineClass@37
                      ; - java.security.SecureClassLoader::defineClass@12
  0x000002ebaf5ce310: c481 e4ff 

  0x000002ebaf5ce314: ;   {other}
  0x000002ebaf5ce314: 0f1f 8400 | 0416 0011 | 4c8b c090 | 4885 c00f | 8563 f6ff | ffba f6ff | ffff 6690 

  0x000002ebaf5ce330: ;   {runtime_call UncommonTrapBlob}
  0x000002ebaf5ce330: c5f8 77e8 

  0x000002ebaf5ce334: ; ImmutableOopMap {}
                      ;*invokevirtual lastIndexOf {reexecute=0 rethrow=0 return_oop=0}
                      ; - java.lang.Class::getPackageName@47
                      ; - java.lang.ClassLoader::postDefineClass@2
                      ; - java.lang.ClassLoader::defineClass@37
                      ; - java.security.SecureClassLoader::defineClass@12
  0x000002ebaf5ce334: c85f 8dff 

  0x000002ebaf5ce338: ;   {other}
  0x000002ebaf5ce338: 0f1f 8400 | 2816 0012 | 4183 fb04 | 0f86 fb1a | 0000 4180 | 7a11 610f | 8529 f1ff | ff66 6666 
  0x000002ebaf5ce358: 0f1f 8400 | 0000 0000 | 4180 7a12 | 760f 8513 | f1ff ff41 | 807a 1361 | 0f85 08f1 | ffff 6666 
  0x000002ebaf5ce378: 0f1f 8400 | 0000 0000 | 4180 7a14 | 2e0f 85f3 

  0x000002ebaf5ce388: ;   {oop(a 'jdk/internal/loader/ClassLoaders$PlatformClassLoader'{0x00000000fff50ff0})}
  0x000002ebaf5ce388: f0ff ff48 | b9f0 0ff5 | ff00 0000 | 0048 8b5c | 2428 660f | 1f44 0000 | 483b d90f | 85e3 1e00 
  0x000002ebaf5ce3a8: ;   {oop(a 'jdk/internal/loader/ClassLoaders$PlatformClassLoader'{0x00000000fff50ff0})}
  0x000002ebaf5ce3a8: 0048 bbf0 | 0ff5 ff00 | 0000 00e9 | cbf0 ffff | 8bcf e900 | f2ff ff44 | 8bd3 e909 | f7ff ff48 
  0x000002ebaf5ce3c8: 8b74 2430 | e93f f4ff | ff49 8bd8 | e958 f9ff | ff33 c989 | 4c24 20b9 | ffff ffff | e9d6 f1ff 
  0x000002ebaf5ce3e8: ff44 8b56 | 1445 85d2 | 0f84 e3f3 | ffff 4d8b | 5f28 498b | ca66 6690 | 4d85 db0f | 84af 1400 
  0x000002ebaf5ce408: 004d 8b57 | 384b 894c | 1af8 4983 | c3f8 4d89 | 5f28 e9ba | f3ff ff4d | 8b57 484d | 8b5f 58f0 
  0x000002ebaf5ce428: 8344 24c0 | 0080 3900 | 0f84 d6f3 | ffff 4488 | 214d 85d2 | 7520 498b | d7c5 f877 | 49ba 9022 
  0x000002ebaf5ce448: b5e1 f87f | 0000 41ff 

  0x000002ebaf5ce450: ;   {other}
  0x000002ebaf5ce450: d20f 1f84 | 0000 0000 | 00e9 aef3 | ffff 4b89 | 4c13 f849 | 83c2 f84d | 8957 48e9 | 9cf3 ffff 
  0x000002ebaf5ce470: 458b 4b0c | 458b 5308 | 4d63 c149 | 8beb 49c1 | e002 4181 | f900 0004 | 000f 8741 | 1900 0049 
  0x000002ebaf5ce490: 8bb7 b801 | 0000 498d | 4817 4883 | e1f8 488b | d648 03d1 | 493b 97c8 | 0100 000f | 831f 1900 
  0x000002ebaf5ce4b0: 0049 8997 | b801 0000 | 0f0d 8ac0 | 0000 0048 | c706 0100 | 0000 4489 | 5608 4489 | 4e0c 0f0d 
  0x000002ebaf5ce4d0: 8a00 0100 | 000f 0d8a | 4001 0000 | 0f0d 8a80 | 0100 0049 | 8d4b 1048 | 8bd6 4883 | c210 4983 
  0x000002ebaf5ce4f0: c007 49c1 | e803 c5f8 | 7749 bae0 | 9de8 aeeb | 0200 0041 

  0x000002ebaf5ce504: ;   {other}
  0x000002ebaf5ce504: ffd2 0f1f | 8400 0000 

  0x000002ebaf5ce50c: ;   {oop(""{0x00000000fff02d10})}
  0x000002ebaf5ce50c: 0000 49b8 | 102d f0ff | 0000 0000 | 49b9 0000 | c6b6 eb02 | 0000 e9b1 | 0300 0049 | 8b87 b801 
  0x000002ebaf5ce52c: 0000 4c8b | d049 83c2 | 1844 8b8c | 2498 0000 | 004d 8bc1 | 4d3b 97c8 | 0100 000f | 835a 1900 
  0x000002ebaf5ce54c: 004d 8997 | b801 0000 | 410f 0d8a | c000 0000 | 48c7 0001 

  0x000002ebaf5ce560: ;   {metadata('java/util/ArrayList')}
  0x000002ebaf5ce560: 0000 00c7 | 4008 32b0 | 0020 4489 | 600c 4489 

  0x000002ebaf5ce570: ;   {oop(a 'java/lang/Object'[0] {0x00000000fff01308})}
  0x000002ebaf5ce570: 6010 c740 | 1408 13f0 | ff48 8bc8 | 458b 530c | 4585 d276 

  0x000002ebaf5ce584: ;   {oop(""{0x00000000fff02d10})}
  0x000002ebaf5ce584: 2048 ba10 | 2df0 ff00 | 0000 0048 | be00 00c6 | b6eb 0200 | 0045 33c9 | 0f1f 4000 | e962 0000 
  0x000002ebaf5ce5a4: ;   {oop(""{0x00000000fff02d10})}
  0x000002ebaf5ce5a4: 0049 ba10 | 2df0 ff00 | 0000 0049 | b900 00c6 | b6eb 0200 | 00e9 4301 | 0000 6690 | 4889 6c24 
  0x000002ebaf5ce5c4: 284c 8b54 | 2420 4c89 | 5424 304c | 8b54 2448 | 4c89 9424 | 9000 0000 | 448b 5424 | 5044 8954 
  0x000002ebaf5ce5e4: 2420 488b | 5c24 5848 | 8b54 2460 | 488b 7424 | 6848 8b7c | 2470 4c8b | 4424 7848 | 8b8c 2480 
  0x000002ebaf5ce604: 0000 0045 | 8b53 0c45 | 3bca 0f83 | 341b 0000 | 478b 548b | 1045 8b5a | 1066 6690 

  0x000002ebaf5ce620: ; implicit exception: dispatches to 0x000002ebaf5d05f0
  0x000002ebaf5ce620: 458b 5b10 | 4489 8c24 | 8800 0000 | 4889 8c24 | 8000 0000 | 4c89 4424 | 7848 897c | 2470 4889 
  0x000002ebaf5ce640: 7424 6848 | 8954 2460 | 4889 5c24 | 5844 8b44 | 2420 4489 | 4424 504c | 8b94 2490 | 0000 004c 
  0x000002ebaf5ce660: 8954 2448 | 4c8b 5424 | 304c 8954 | 2420 488b | 6c24 284d | 8bc3 488b | d166 6690 

  0x000002ebaf5ce67c: ;   {optimized virtual_call}
  0x000002ebaf5ce67c: c5f8 77e8 

  0x000002ebaf5ce680: ; ImmutableOopMap {rbp=Oop [32]=Oop [56]=Oop [72]=Oop [88]=Oop [96]=Oop [112]=Oop [120]=Oop [128]=Oop [152]=NarrowOop }
                      ;*invokevirtual addAll {reexecute=0 rethrow=0 return_oop=0}
                      ; - java.security.CodeSource::getCertificates@57
                      ; - java.lang.ClassLoader::checkCerts@34
                      ; - java.lang.ClassLoader::preDefineClass@113
                      ; - java.lang.ClassLoader::defineClass@4
                      ; - java.security.SecureClassLoader::defineClass@12
  0x000002ebaf5ce680: fc03 8dff 

  0x000002ebaf5ce684: ;   {other}
  0x000002ebaf5ce684: 0f1f 8400 | 7419 0013 | 4d8b 8750 | 0400 0044 | 8b94 2498 | 0000 0045 | 8b5a 1044 | 8b8c 2488 
  0x000002ebaf5ce6a4: 0000 0041 

  0x000002ebaf5ce6a8: ; ImmutableOopMap {r11=NarrowOop rbp=Oop [32]=Oop [56]=Oop [72]=Oop [88]=Oop [96]=Oop [112]=Oop [120]=Oop [128]=Oop [152]=NarrowOop }
                      ;*goto {reexecute=1 rethrow=0 return_oop=0}
                      ; - (reexecute) java.security.CodeSource::getCertificates@64
                      ; - java.lang.ClassLoader::checkCerts@34
                      ; - java.lang.ClassLoader::preDefineClass@113
                      ; - java.lang.ClassLoader::defineClass@4
                      ; - java.security.SecureClassLoader::defineClass@12
                      ;   {poll}
  0x000002ebaf5ce6a8: ffc1 4185 | 0045 8b53 | 0c45 3bca | 0f8c 06ff | ffff 4889 | 6c24 284c | 8b54 2420 | 4c89 5424 
  0x000002ebaf5ce6c8: 304c 8b54 | 2448 4c89 | 9424 9000 | 0000 448b | 5424 5044 | 8954 2420 | 488b 5c24 | 584c 8b54 
  0x000002ebaf5ce6e8: 2460 4c8b | 4c24 6848 | 8b7c 2470 | 4c8b 4424 | 7848 8b8c | 2480 0000 | 0049 8b87 | b801 0000 
  0x000002ebaf5ce708: 4c8b d849 | 83c3 104d | 3b9f c801 | 0000 0f83 | 0918 0000 | 4d89 9fb8 | 0100 0041 | 0f0d 8bc0 
  0x000002ebaf5ce728: 0000 0048 | c700 0100 | 0000 410f | 0d8b 0001 

  0x000002ebaf5ce738: ;   {metadata('java/security/cert/Certificate'[])}
  0x000002ebaf5ce738: 0000 c740 | 08b1 6100 | 2041 0f0d | 8b40 0100 | 0044 8960 | 0c41 0f0d | 8b80 0100 | 0048 8b6c 
  0x000002ebaf5ce758: 2428 4c8b | 9c24 9000 | 0000 4c89 | 5c24 4848 | 895c 2450 | 448b 9c24 | 9800 0000 | 4489 5c24 
  0x000002ebaf5ce778: 244c 8954 | 2458 4c89 | 4c24 6048 | 897c 2468 | 4c89 4424 | 7048 894c | 2478 4c8b | c048 8b54 
  0x000002ebaf5ce798: 2478 6690 

  0x000002ebaf5ce79c: ;   {optimized virtual_call}
  0x000002ebaf5ce79c: c5f8 77e8 

  0x000002ebaf5ce7a0: ; ImmutableOopMap {rbp=Oop [36]=NarrowOop [48]=Oop [56]=Oop [72]=Oop [80]=Oop [88]=Oop [104]=Oop [112]=Oop }
                      ;*invokevirtual toArray {reexecute=0 rethrow=0 return_oop=1}
                      ; - java.security.CodeSource::getCertificates@73
                      ; - java.lang.ClassLoader::checkCerts@34
                      ; - java.lang.ClassLoader::preDefineClass@113
                      ; - java.lang.ClassLoader::defineClass@4
                      ; - java.security.SecureClassLoader::defineClass@12
  0x000002ebaf5ce7a0: dc02 8dff 

  0x000002ebaf5ce7a4: ;   {other}
  0x000002ebaf5ce7a4: 0f1f 8400 | 941a 0015 | 488b f844 | 8b58 0866 | 0f1f 8400 | 0000 0000 | 6666 6690 

  0x000002ebaf5ce7c0: ;   {metadata('java/security/cert/Certificate'[])}
  0x000002ebaf5ce7c0: 4181 fbb1 | 6100 200f | 85a3 1b00 | 0041 807f | 4000 0f85 | 0814 0000 | 8b5c 2424 | 4c8b 5424 
  0x000002ebaf5ce7e0: 704c 8bdf | 4489 5b14 | 4c8b df4d | 33da 49c1 | eb14 4d85 | db74 1a49 | c1ea 0948 | b900 00c6 
  0x000002ebaf5ce800: b6eb 0200 | 0049 03ca | 8039 020f | 850e 1400 | 0044 8b47 | 0c44 8b5f | 084d 63d0 | 49c1 e202 
  0x000002ebaf5ce820: 4181 f800 | 0004 000f | 875c 1700 | 0049 8bb7 | b801 0000 | 4d8d 4a17 | 4983 e1f8 | 488b ce49 
  0x000002ebaf5ce840: 03c9 493b | 8fc8 0100 | 000f 833a | 1700 0049 | 898f b801 | 0000 0f0d | 89c0 0000 | 0048 c706 
  0x000002ebaf5ce860: 0100 0000 | 4489 5e08 | 4489 460c | 0f0d 8900 | 0100 000f | 0d89 4001 | 0000 0f0d | 8980 0100 
  0x000002ebaf5ce880: 0048 8bcf | 4883 c110 | 488b d648 | 83c2 1049 | 83c2 0749 | c1ea 034d | 8bc2 c5f8 | 7749 bae0 
  0x000002ebaf5ce8a0: 9de8 aeeb | 0200 0041 

  0x000002ebaf5ce8a8: ;   {other}
  0x000002ebaf5ce8a8: ffd2 0f1f | 8400 0000 | 0000 4889 | 6c24 284c | 8b54 2448 | 4c89 9424 | 9000 0000 | 488b 5c24 
  0x000002ebaf5ce8c8: 504c 8b44 | 2458 4c8b | 4c24 6048 | 8b7c 2468 | 4c8b de0f | 1f44 0000 | e977 efff 

  0x000002ebaf5ce8e4: ;   {oop(""{0x00000000fff02d10})}
  0x000002ebaf5ce8e4: ff48 bf10 | 2df0 ff00 | 0000 00e9 | 1fef ffff | 4c8b 5424 | 6845 8b5a | 3c66 6690 | 4585 db0f 
  0x000002ebaf5ce904: 844b f4ff | ff4d 8b57 | 2849 8bcb | 4d85 d20f | 8403 1200 | 004d 8b5f | 384b 894c | 13f8 4983 
  0x000002ebaf5ce924: c2f8 4d89 | 5728 e925 | f4ff ff4d | 8b57 484d | 8b5f 58f0 | 8344 24c0 | 0066 6690 | 8039 000f 
  0x000002ebaf5ce944: 844f f4ff | ff44 8821 | 4d85 d275 | 2049 8bd7 | c5f8 7749 | ba90 22b5 | e1f8 7f00 | 0041 ffd2 
  0x000002ebaf5ce964: ;   {other}
  0x000002ebaf5ce964: 0f1f 8400 | 0000 0000 | e927 f4ff | ff4b 894c | 13f8 4983 | c2f8 4d89 | 5748 6690 | e913 f4ff 
  0x000002ebaf5ce984: ff44 8b5b | 1445 85db | 0f84 68f3 | ffff 4d8b | 5728 498b | cb0f 1f80 | 0000 0000 | 4d85 d20f 
  0x000002ebaf5ce9a4: 84d3 1100 | 004d 8b5f | 384b 894c | 13f8 4983 | c2f8 4d89 | 5728 e93b | f3ff ff4d | 8b57 484d 
  0x000002ebaf5ce9c4: 8b5f 58f0 | 8344 24c0 | 0080 3900 | 0f84 57f3 | ffff 4488 | 214d 85d2 | 7520 498b | d7c5 f877 
  0x000002ebaf5ce9e4: 49ba 9022 | b5e1 f87f | 0000 41ff 

  0x000002ebaf5ce9f0: ;   {other}
  0x000002ebaf5ce9f0: d20f 1f84 | 0000 0000 | 00e9 2ff3 | ffff 4b89 | 4c13 f849 | 83c2 f84d | 8957 48e9 | 1df3 ffff 
  0x000002ebaf5cea10: 4c63 c54d | 8d58 1049 | 8bcb 4883 | e1f8 498b | fd48 03f9 | 49c1 eb03 | 492b d348 | 8bca 4833 
  0x000002ebaf5cea30: c048 83f9 | 087f 1048 | ffc9 784f | 4889 04cf | 48ff c97d | f7eb 44c5 | fdef c0e9 | 0d00 0000 
  0x000002ebaf5cea50: c5fe 7f07 | c5fe 7f47 | 2048 83c7 | 4048 83e9 | 087d ed48 | 83c1 047c | 0cc5 fe7f | 0748 83c7 
  0x000002ebaf5cea70: 2048 83e9 | 0448 83c1 | 047e 1048 | ffc9 c5f9 | d607 4883 | c708 48ff | c97d f349 | 8bc9 498b 
  0x000002ebaf5cea90: d2c5 f877 | 49ba 4097 | e8ae eb02 | 0000 41ff 

  0x000002ebaf5ceaa0: ;   {other}
  0x000002ebaf5ceaa0: d20f 1f84 | 0000 0000 | 00e9 20ed | ffff 418b | 500c 458b | 5808 498b | e848 63fa | 48c1 e702 
  0x000002ebaf5ceac0: 81fa 0000 | 0400 0f87 | a013 0000 | 498b 87b8 | 0100 004c | 8d57 1749 | 83e2 f848 | 8bc8 4903 
  0x000002ebaf5ceae0: ca49 3b8f | c801 0000 | 0f83 7e13 | 0000 4989 | 8fb8 0100 | 000f 0d89 | c000 0000 | 48c7 0001 
  0x000002ebaf5ceb00: 0000 0044 | 8958 0889 | 500c 0f0d | 8900 0100 | 000f 0d89 | 4001 0000 | 0f0d 8980 | 0100 0048 
  0x000002ebaf5ceb20: 8bd8 498d | 4810 488b | d348 83c2 | 1048 83c7 | 0748 c1ef | 034c 8bc7 | c5f8 7749 | bae0 9de8 
  0x000002ebaf5ceb40: aeeb 0200 | 0041 ffd2 

  0x000002ebaf5ceb48: ;   {other}
  0x000002ebaf5ceb48: 0f1f 8400 | 0000 0000 | e99f 0200 | 0049 8b87 | b801 0000 | 4c8b d049 | 83c2 1848 | 8bf9 4d3b 
  0x000002ebaf5ceb68: 97c8 0100 | 000f 8385 | 1400 004d | 8997 b801 | 0000 410f | 0d8a c000 | 0000 48c7 | 0001 0000 
  0x000002ebaf5ceb88: ;   {metadata('java/util/ArrayList')}
  0x000002ebaf5ceb88: 00c7 4008 | 32b0 0020 | 4489 600c | 4489 6010 | 458b 580c 

  0x000002ebaf5ceb9c: ;   {oop(a 'java/lang/Object'[0] {0x00000000fff01308})}
  0x000002ebaf5ceb9c: c740 1408 | 13f0 ff48 | 8bd8 4585 | db0f 8695 | 0000 0045 | 33db eb19 | 0f1f 8400 | 0000 0000 
  0x000002ebaf5cebbc: 6666 6690 | 4c8b cd48 | 8b7c 2430 | 488b 5c24 | 3845 8b50 | 0c45 3bda | 0f83 c215 | 0000 478b 
  0x000002ebaf5cebdc: 5498 1090 

  0x000002ebaf5cebe0: ; implicit exception: dispatches to 0x000002ebaf5d0638
  0x000002ebaf5cebe0: 458b 4210 

  0x000002ebaf5cebe4: ; implicit exception: dispatches to 0x000002ebaf5d0650
  0x000002ebaf5cebe4: 458b 5010 | 4489 5c24 | 4048 895c | 2438 4889 | 7c24 3089 | 4c24 2449 | 8be9 4d8b | c248 8bd3 
  0x000002ebaf5cec04: ;   {optimized virtual_call}
  0x000002ebaf5cec04: c5f8 77e8 

  0x000002ebaf5cec08: ; ImmutableOopMap {rbp=Oop [36]=NarrowOop [48]=Oop [56]=Oop [104]=Oop }
                      ;*invokevirtual addAll {reexecute=0 rethrow=0 return_oop=0}
                      ; - java.security.CodeSource::getCertificates@57
                      ; - java.lang.ClassLoader::postDefineClass@24
                      ; - java.lang.ClassLoader::defineClass@37
                      ; - java.security.SecureClassLoader::defineClass@12
  0x000002ebaf5cec08: 74fe 8cff 

  0x000002ebaf5cec0c: ;   {other}
  0x000002ebaf5cec0c: 0f1f 8400 | fc1e 0016 | 4d8b 8f50 | 0400 008b | 4c24 2444 | 8b41 1044 | 8b5c 2440 

  0x000002ebaf5cec28: ; ImmutableOopMap {r8=NarrowOop rcx=NarrowOop rbp=Oop [48]=Oop [56]=Oop [104]=Oop }
                      ;*goto {reexecute=1 rethrow=0 return_oop=0}
                      ; - (reexecute) java.security.CodeSource::getCertificates@64
                      ; - java.lang.ClassLoader::postDefineClass@24
                      ; - java.lang.ClassLoader::defineClass@37
                      ; - java.security.SecureClassLoader::defineClass@12
                      ;   {poll}
  0x000002ebaf5cec28: 41ff c341 | 8501 458b | 480c 453b | d97c 894c | 8bcd 488b | 7c24 3048 | 8b5c 2438 | 498b 87b8 
  0x000002ebaf5cec48: 0100 004c | 8bd0 4983 | c210 4d3b | 97c8 0100 | 000f 83db | 1300 004d | 8997 b801 | 0000 410f 
  0x000002ebaf5cec68: 0d8a c000 | 0000 48c7 | 0001 0000 | 0041 0f0d | 8a00 0100 

  0x000002ebaf5cec7c: ;   {metadata('java/security/cert/Certificate'[])}
  0x000002ebaf5cec7c: 00c7 4008 | b161 0020 | 410f 0d8a | 4001 0000 | 4489 600c | 410f 0d8a | 8001 0000 | 4c89 4c24 
  0x000002ebaf5cec9c: 284c 8b54 | 2468 4c89 | 5424 308b | e948 897c | 2438 4889 | 5c24 404c | 8bc0 488b | 5424 4090 
  0x000002ebaf5cecbc: ;   {optimized virtual_call}
  0x000002ebaf5cecbc: c5f8 77e8 

  0x000002ebaf5cecc0: ; ImmutableOopMap {rbp=NarrowOop [40]=Oop [48]=Oop [56]=Oop }
                      ;*invokevirtual toArray {reexecute=0 rethrow=0 return_oop=1}
                      ; - java.security.CodeSource::getCertificates@73
                      ; - java.lang.ClassLoader::postDefineClass@24
                      ; - java.lang.ClassLoader::defineClass@37
                      ; - java.security.SecureClassLoader::defineClass@12
  0x000002ebaf5cecc0: bcfd 8cff 

  0x000002ebaf5cecc4: ;   {other}
  0x000002ebaf5cecc4: 0f1f 8400 | b41f 0018 | 488b d844 | 8b50 0866 | 0f1f 8400 | 0000 0000 | 6666 6690 

  0x000002ebaf5cece0: ;   {metadata('java/security/cert/Certificate'[])}
  0x000002ebaf5cece0: 4181 fab1 | 6100 200f | 8567 1600 | 0041 807f | 4000 0f85 | 0410 0000 | 8bfd 4c8b | d34c 8954 
  0x000002ebaf5ced00: 2440 4c8b | 5424 384c | 8b5c 2440 | 4489 5f14 | 4c8b 5c24 | 404d 33da | 49c1 eb14 | 0f1f 4000 
  0x000002ebaf5ced20: 4d85 db74 | 1649 c1ea | 094c 8b44 | 2458 4d03 | c241 8038 | 020f 85f6 | 0f00 004c | 8b54 2440 
  0x000002ebaf5ced40: 458b 420c | 458b 5208 | 4963 e848 | c1e5 0241 | 81f8 0000 | 0400 0f87 | 1d13 0000 | 498b 87b8 
  0x000002ebaf5ced60: 0100 004c | 8d5d 1749 | 83e3 f84c | 8bc8 4d03 | cb4d 3b8f | c801 0000 | 0f83 fb12 | 0000 4d89 
  0x000002ebaf5ced80: 8fb8 0100 | 0041 0f0d | 89c0 0000 | 0048 c700 | 0100 0000 | 4489 5008 | 4489 400c | 410f 0d89 
  0x000002ebaf5ceda0: 0001 0000 | 410f 0d89 | 4001 0000 | 410f 0d89 | 8001 0000 | 488b d848 | 8b4c 2440 | 4883 c110 
  0x000002ebaf5cedc0: 488b d348 | 83c2 1048 | 83c5 0748 | c1ed 034c | 8bc5 c5f8 | 7749 bae0 | 9de8 aeeb 

  0x000002ebaf5ceddc: ;   {no_reloc}
  0x000002ebaf5ceddc: 0200 0041 

  0x000002ebaf5cede0: ;   {other}
  0x000002ebaf5cede0: ffd2 0f1f | 8400 0000 | 0000 4c8b | 5424 304c | 8954 2468 | 488b 5424 | 684c 8bc3 

  0x000002ebaf5cedfc: ;   {optimized virtual_call}
  0x000002ebaf5cedfc: c5f8 77e8 

  0x000002ebaf5cee00: ; ImmutableOopMap {[104]=Oop }
                      ;*invokevirtual setSigners {reexecute=0 rethrow=0 return_oop=0}
                      ; - java.lang.ClassLoader::setSigners@2
                      ; - java.lang.ClassLoader::postDefineClass@35
                      ; - java.lang.ClassLoader::defineClass@37
                      ; - java.security.SecureClassLoader::defineClass@12
  0x000002ebaf5cee00: 7cfc 8cff 

  0x000002ebaf5cee04: ;   {other}
  0x000002ebaf5cee04: 0f1f 8400 | f420 0019 | e9a9 f2ff | ff44 8b57 | 1045 85d2 | 0f84 36f4 | ffff 4d8b | 5f28 498b 
  0x000002ebaf5cee24: ca4d 85db | 0f84 a60e | 0000 4d8b | 5738 4b89 | 4c1a f849 | 83c3 f84d | 895f 2890 | e90f f4ff 
  0x000002ebaf5cee44: ff48 8b7c | 2438 448b | 5f0c 4585 | db0f 84b9 | f3ff ff4d | 8b57 2849 | 8bcb 6690 | 4d85 d20f 
  0x000002ebaf5cee64: 844b 0e00 | 004d 8b5f | 384b 894c | 13f8 4983 | c2f8 4d89 | 5728 e991 | f3ff ff4c | 8b4c 2428 
  0x000002ebaf5cee84: e90e f2ff | ff4d 8b57 | 584d 8b5f | 48f0 8344 | 24c0 0066 | 0f1f 8400 | 0000 0000 | 8039 000f 
  0x000002ebaf5ceea4: 84e2 f3ff | ff44 8821 | 4d85 db75 | 2049 8bd7 | c5f8 7749 | ba90 22b5 | e1f8 7f00 | 0041 ffd2 
  0x000002ebaf5ceec4: ;   {other}
  0x000002ebaf5ceec4: 0f1f 8400 | 0000 0000 | e9ba f3ff | ff4b 894c | 1af8 4983 | c3f8 4d89 | 5f48 6690 | e9a6 f3ff 
  0x000002ebaf5ceee4: ff4d 8b57 | 584d 8b5f | 48f0 8344 | 24c0 0080 | 3900 0f84 | 4df3 ffff | 4488 2190 | 4d85 db75 
  0x000002ebaf5cef04: 2049 8bd7 | c5f8 7749 | ba90 22b5 | e1f8 7f00 | 0041 ffd2 

  0x000002ebaf5cef18: ;   {other}
  0x000002ebaf5cef18: 0f1f 8400 | 0000 0000 | e924 f3ff | ff4b 894c | 1af8 4983 | c3f8 4d89 | 5f48 e912 | f3ff ff4c 
  0x000002ebaf5cef38: 63c5 4d8d | 5010 498b | ca48 83e1 | f848 8bfe | 4803 f949 | c1ea 0349 | 2bd2 488b | ca48 33c0 
  0x000002ebaf5cef58: 4883 f908 | 7f10 48ff | c978 4f48 | 8904 cf48 | ffc9 7df7 | eb44 c5fd | efc0 e90d | 0000 00c5 
  0x000002ebaf5cef78: fe7f 07c5 | fe7f 4720 | 4883 c740 | 4883 e908 | 7ded 4883 | c104 7c0c | c5fe 7f07 | 4883 c720 
  0x000002ebaf5cef98: 4883 e904 | 4883 c104 | 7e10 48ff | c9c5 f9d6 | 0748 83c7 | 0848 ffc9 | 7df3 498b | c949 8bd3 
  0x000002ebaf5cefb8: c5f8 7749 | ba40 97e8 | aeeb 0200 | 0041 ffd2 

  0x000002ebaf5cefc8: ;   {other}
  0x000002ebaf5cefc8: 0f1f 8400 | 0000 0000 | e91a edff | ff33 c0e9 | 50ee ffff | 4c8b 6c24 | 3041 c645 | 1101 33c0 
  0x000002ebaf5cefe8: 4c8b 4c24 | 2844 8b54 | 2424 448b | 4424 38e9 | 30ee ffff | 0f1f 4000 | 443b d10f | 850a 0100 
  0x000002ebaf5cf008: 0045 8bc2 | 41ff c845 | 3bc2 0f83 | ec11 0000 | 0f1f 8400 | 0000 0000 | 85c9 0f86 | dc11 0000 
  0x000002ebaf5cf028: 8bd1 ffca | 4533 c9eb | 3d44 8b8c | 2484 0000 | 0041 ffc1 | 0f1f 4000 | 443b 8c24 | a000 0000 
  0x000002ebaf5cf048: 0f8d fe00 | 0000 488b | 7c24 7048 | 8b5c 2448 | 448b 9424 | a000 0000 | 8b8c 24a4 | 0000 008b 
  0x000002ebaf5cf068: 9424 a800 | 0000 428b | 448f 103b | d10f 831a | 1000 000f | 1f44 0000 | 85c0 0f84 | 0d10 0000 
  0x000002ebaf5cf088: 4c8b d833 | ed48 897c | 2470 4489 | 9424 a000 | 0000 898c | 24a4 0000 | 0089 9424 | a800 0000 
  0x000002ebaf5cf0a8: 4489 8c24 | 8400 0000 | 8984 2488 | 0000 004c | 899c 24b0 | 0000 0090 | eb13 6666 

  0x000002ebaf5cf0c4: ;   {no_reloc}
  0x000002ebaf5cf0c4: 0f1f 8400 | 0000 0000 | 6666 6690 | 488b 5c24 | 4844 8b5c | ab10 4889 | 5c24 484d | 8bc3 488b 
  0x000002ebaf5cf0e4: 9424 b000 | 0000 6690 

  0x000002ebaf5cf0ec: ;   {optimized virtual_call}
  0x000002ebaf5cf0ec: c5f8 77e8 

  0x000002ebaf5cf0f0: ; ImmutableOopMap {[40]=Oop [48]=Oop [56]=Oop [72]=Oop [80]=Oop [112]=Oop [136]=NarrowOop [144]=Oop [176]=Oop }
                      ;*invokevirtual equals {reexecute=0 rethrow=0 return_oop=0}
                      ; - java.lang.ClassLoader::compareCerts@81
                      ; - java.lang.ClassLoader::checkCerts@80
                      ; - java.lang.ClassLoader::preDefineClass@113
                      ; - java.lang.ClassLoader::defineClass@4
                      ; - java.security.SecureClassLoader::defineClass@12
  0x000002ebaf5cf0f0: 8cf9 8cff 

  0x000002ebaf5cf0f4: ;   {other}
  0x000002ebaf5cf0f4: 0f1f 8400 | e423 001a | 0f1f 4000 | 85c0 0f85 | 29ff ffff | ffc5 3bac | 24a4 0000 | 007c bdba 
  0x000002ebaf5cf114: 45ff ffff | 488b 6c24 | 284c 8b54 | 2438 4c89 | 5424 2844 | 8b54 2440 | 4489 5424 | 3844 8b5c 
  0x000002ebaf5cf134: 2444 4489 | 5c24 3c90 

  0x000002ebaf5cf13c: ;   {runtime_call UncommonTrapBlob}
  0x000002ebaf5cf13c: c5f8 77e8 

  0x000002ebaf5cf140: ; ImmutableOopMap {rbp=Oop [40]=Oop [48]=Oop [144]=Oop }
                      ;*ifne {reexecute=1 rethrow=0 return_oop=0}
                      ; - (reexecute) java.lang.ClassLoader::checkCerts@83
                      ; - java.lang.ClassLoader::preDefineClass@113
                      ; - java.lang.ClassLoader::defineClass@4
                      ; - java.security.SecureClassLoader::defineClass@12
  0x000002ebaf5cf140: bc51 8dff 

  0x000002ebaf5cf144: ;   {other}
  0x000002ebaf5cf144: 0f1f 8400 | 3424 001b | 4533 c0eb | 1d44 8b44 | 247c 41ff | c00f 1f80 | 0000 0000 | 443b 8424 
  0x000002ebaf5cf164: a400 0000 | 0f8d 68e7 | ffff 4c8b | 5c24 4847 | 8b54 8310 | 0f1f 8400 | 0000 0000 | 4585 d20f 
  0x000002ebaf5cf184: 8463 0f00 | 004d 8bca | 33ed 4489 | 4424 7c44 | 8994 2480 | 0000 004c | 898c 2498 | 0000 004c 
  0x000002ebaf5cf1a4: 8b54 2470 | 458b 54aa | 104d 8bc2 | 488b 9424 | 9800 0000 

  0x000002ebaf5cf1b8: ;   {optimized virtual_call}
  0x000002ebaf5cf1b8: c5f8 77e8 

  0x000002ebaf5cf1bc: ; ImmutableOopMap {[40]=Oop [48]=Oop [56]=Oop [72]=Oop [80]=Oop [112]=Oop [128]=NarrowOop [144]=Oop [152]=Oop }
                      ;*invokevirtual equals {reexecute=0 rethrow=0 return_oop=0}
                      ; - java.lang.ClassLoader::compareCerts@166
                      ; - java.lang.ClassLoader::checkCerts@80
                      ; - java.lang.ClassLoader::preDefineClass@113
                      ; - java.lang.ClassLoader::defineClass@4
                      ; - java.security.SecureClassLoader::defineClass@12
  0x000002ebaf5cf1bc: c0f8 8cff 

  0x000002ebaf5cf1c0: ;   {other}
  0x000002ebaf5cf1c0: 0f1f 8400 | b024 001c | 85c0 7585 | ffc5 3bac | 24a0 0000 | 007c cce9 | 37ff ffff 

  0x000002ebaf5cf1dc: ;   {oop(""{0x00000000fff02d10})}
  0x000002ebaf5cf1dc: 48be 102d | f0ff 0000 | 0000 e925 

  0x000002ebaf5cf1e8: ;   {metadata('java/security/SecureClassLoader$1')}
  0x000002ebaf5cf1e8: e6ff ff48 | bad8 9909 | 0001 0000 | 004c 8944 | 2450 6690 

  0x000002ebaf5cf1fc: ;   {runtime_call _new_instance_Java}
  0x000002ebaf5cf1fc: c5f8 77e8 

  0x000002ebaf5cf200: ; ImmutableOopMap {rbp=NarrowOop [40]=Oop [48]=Oop [56]=Oop [80]=Oop }
                      ;*new {reexecute=0 rethrow=0 return_oop=1}
                      ; - java.security.SecureClassLoader::getProtectionDomain@20
                      ; - java.security.SecureClassLoader::defineClass@9
  0x000002ebaf5cf200: 7cf8 98ff 

  0x000002ebaf5cf204: ;   {other}
  0x000002ebaf5cf204: 0f1f 8400 | f424 001d | 4c8b c84c | 8b44 2450 | e9db e0ff 

  0x000002ebaf5cf218: ;   {metadata('java/security/SecureClassLoader$CodeSourceKey')}
  0x000002ebaf5cf218: ff48 ba98 | 9709 0001 | 0000 0090 

  0x000002ebaf5cf224: ;   {runtime_call _new_instance_Java}
  0x000002ebaf5cf224: c5f8 77e8 

  0x000002ebaf5cf228: ; ImmutableOopMap {rbp=Oop [40]=Oop [48]=Oop [56]=Oop }
                      ;*new {reexecute=0 rethrow=0 return_oop=1}
                      ; - java.security.SecureClassLoader::getProtectionDomain@6
                      ; - java.security.SecureClassLoader::defineClass@9
  0x000002ebaf5cf228: 54f8 98ff 

  0x000002ebaf5cf22c: ;   {other}
  0x000002ebaf5cf22c: 0f1f 8400 | 1c25 001e | 4c8b c0e9 | 6fe0 ffff | 4c8b 4c24 | 2848 896c | 2468 4c8b | 6c24 3844 
  0x000002ebaf5cf24c: 8b44 2424 | 448b 5424 | 4048 8b7c | 2450 e929 | ecff ff89 | 4c24 7844 | 8b84 2498 | 0000 0044 
  0x000002ebaf5cf26c: 8944 245c | 4889 5c24 | 704c 894c | 2468 4c89 | 7424 6044 | 8b4c 2420 | 4489 4c24 | 5844 895c 
  0x000002ebaf5cf28c: 2454 4489 | 5424 504c | 8b94 2490 | 0000 004c | 8954 2448 | 4c8b 5424 | 304c 8954 | 2420 488b 
  0x000002ebaf5cf2ac: ;   {metadata('java/lang/String')}
  0x000002ebaf5cf2ac: 6c24 2848 | ba90 2004 | 0001 0000 | 0066 6690 

  0x000002ebaf5cf2bc: ;   {runtime_call _new_instance_Java}
  0x000002ebaf5cf2bc: c5f8 77e8 

  0x000002ebaf5cf2c0: ; ImmutableOopMap {rbp=Oop [32]=Oop [56]=Oop [72]=Oop [80]=NarrowOop [92]=NarrowOop [96]=Oop [104]=Derived_oop_[96] [112]=Oop [144]=Oop [152]=NarrowOop }
                      ;*new {reexecute=0 rethrow=0 return_oop=1}
                      ; - java.lang.StringLatin1::newString@7
                      ; - java.lang.String::substring@41
                      ; - java.lang.ClassLoader::checkCerts@21
                      ; - java.lang.ClassLoader::preDefineClass@113
                      ; - java.lang.ClassLoader::defineClass@4
                      ; - java.security.SecureClassLoader::defineClass@12
  0x000002ebaf5cf2c0: bcf7 98ff 

  0x000002ebaf5cf2c4: ;   {other}
  0x000002ebaf5cf2c4: 0f1f 8400 | b425 001f | 4889 6c24 | 284c 8b54 | 2420 4c89 | 5424 3044 | 8b54 2450 | 448b 5c24 
  0x000002ebaf5cf2e4: 5444 8b4c | 2458 4489 | 4c24 204c | 8b74 2460 | 4c8b 4c24 | 6848 8b5c | 2470 8b4c | 2478 488b 
  0x000002ebaf5cf304: f0e9 28e3 

  0x000002ebaf5cf308: ;   {oop(""{0x00000000fff02d10})}
  0x000002ebaf5cf308: ffff 48bb | 102d f0ff | 0000 0000 | e918 eaff | ff44 8944 | 2438 4489 | 5424 2448 | 895c 2430 
  0x000002ebaf5cf328: ;   {static_call}
  0x000002ebaf5cf328: c5f8 77e8 

  0x000002ebaf5cf32c: ; ImmutableOopMap {rbp=Oop [36]=NarrowOop [40]=Oop [48]=Oop [56]=NarrowOop [72]=Oop [104]=Oop }
                      ;*invokestatic hashCode {reexecute=0 rethrow=0 return_oop=0}
                      ; - java.lang.String::hashCode@37
                      ; - java.util.concurrent.ConcurrentHashMap::get@1
                      ; - java.lang.ClassLoader::getNamedPackage@5
                      ; - java.lang.ClassLoader::postDefineClass@9
                      ; - java.lang.ClassLoader::defineClass@37
                      ; - java.security.SecureClassLoader::defineClass@12
  0x000002ebaf5cf32c: 50fd 8cff 

  0x000002ebaf5cf330: ;   {other}
  0x000002ebaf5cf330: 0f1f 8400 | 2026 0020 | e9cf eaff | ff44 8954 | 2434 4489 | 5c24 3089 | 4c24 2448 | 8b6c 2468 
  0x000002ebaf5cf350: ;   {metadata('java/lang/String')}
  0x000002ebaf5cf350: 48ba 9020 | 0400 0100 | 0000 6690 

  0x000002ebaf5cf35c: ;   {runtime_call _new_instance_Java}
  0x000002ebaf5cf35c: c5f8 77e8 

  0x000002ebaf5cf360: ; ImmutableOopMap {rbp=Oop [36]=NarrowOop [40]=Oop [72]=Oop [104]=Oop [136]=Oop }
                      ;*new {reexecute=0 rethrow=0 return_oop=1}
                      ; - java.lang.StringLatin1::newString@7
                      ; - java.lang.String::substring@41
                      ; - java.lang.Class::getPackageName@62
                      ; - java.lang.ClassLoader::postDefineClass@2
                      ; - java.lang.ClassLoader::defineClass@37
                      ; - java.security.SecureClassLoader::defineClass@12
  0x000002ebaf5cf360: 1cf7 98ff 

  0x000002ebaf5cf364: ;   {other}
  0x000002ebaf5cf364: 0f1f 8400 | 5426 0021 | 8b4c 2424 | 448b 5c24 | 3044 8b54 | 2434 488b | d866 6690 | e9cd e7ff 
  0x000002ebaf5cf384: ff4c 8984 | 2488 0000 | 0048 8994 | 2480 0000 | 0048 8974 | 2478 894c | 2470 448b | 9424 9800 
  0x000002ebaf5cf3a4: 0000 4489 | 5424 5448 | 895c 2468 | 4c89 4c24 | 604c 8974 | 2458 448b | 5c24 2044 | 895c 2450 
  0x000002ebaf5cf3c4: 4c8b 9424 | 9000 0000 | 4c89 5424 | 484c 8b54 | 2428 4c89 

  0x000002ebaf5cf3d8: ;   {metadata({type array byte})}
  0x000002ebaf5cf3d8: 5424 2048 | bac8 0a04 | 0001 0000 | 0044 8bc1 

  0x000002ebaf5cf3e8: ;   {runtime_call _new_array_nozero_Java}
  0x000002ebaf5cf3e8: c5f8 77e8 

  0x000002ebaf5cf3ec: ; ImmutableOopMap {[32]=Oop [48]=Oop [56]=Oop [72]=Oop [84]=NarrowOop [88]=Oop [96]=Derived_oop_[88] [104]=Oop [120]=Oop }
                      ;*newarray {reexecute=0 rethrow=0 return_oop=1}
                      ; - java.util.Arrays::copyOfRangeByte@10
                      ; - java.util.Arrays::copyOfRange@13
                      ; - java.lang.StringLatin1::newString@16
                      ; - java.lang.String::substring@41
                      ; - java.lang.ClassLoader::checkCerts@21
                      ; - java.lang.ClassLoader::preDefineClass@113
                      ; - java.lang.ClassLoader::defineClass@4
                      ; - java.security.SecureClassLoader::defineClass@12
  0x000002ebaf5cf3ec: 90fc 98ff 

  0x000002ebaf5cf3f0: ;   {other}
  0x000002ebaf5cf3f0: 0f1f 8400 | e026 0022 | 4c8b 5424 | 204c 8954 | 2428 4c8b | 5424 484c | 8994 2490 | 0000 0044 
  0x000002ebaf5cf410: 8b54 2450 | 4489 5424 | 204c 8b4c | 2460 488b | 5c24 6844 | 8b5c 2454 | 4489 9c24 | 9800 0000 
  0x000002ebaf5cf430: 8b4c 2470 | 488b 7424 | 7848 8b94 | 2480 0000 | 004c 8b84 | 2488 0000 | 004c 8be8 | e937 e3ff 
  0x000002ebaf5cf450: ff4c 8944 | 2478 4889 | 7424 7044 | 8b84 2498 | 0000 0044 | 8944 2454 | 4889 5c24 | 684c 894c 
  0x000002ebaf5cf470: 2460 4c89 | 7424 5844 | 8b4c 2420 | 4489 4c24 | 5041 8bea | 4c8b 9424 | 9000 0000 | 4c89 5424 
  0x000002ebaf5cf490: 484c 8b54 | 2428 4c89 

  0x000002ebaf5cf498: ;   {metadata({type array byte})}
  0x000002ebaf5cf498: 5424 2048 | bac8 0a04 | 0001 0000 | 0045 8bc3 

  0x000002ebaf5cf4a8: ;   {runtime_call _new_array_nozero_Java}
  0x000002ebaf5cf4a8: c5f8 77e8 

  0x000002ebaf5cf4ac: ; ImmutableOopMap {rbp=NarrowOop [32]=Oop [48]=Oop [56]=Oop [72]=Oop [84]=NarrowOop [88]=Oop [96]=Derived_oop_[88] [104]=Oop [112]=Oop [144]=Oop [152]=NarrowOop }
                      ;*invokevirtual clone {reexecute=1 rethrow=0 return_oop=1}
                      ; - (reexecute) java.util.Arrays::copyOfRange@18
                      ; - java.lang.StringLatin1::newString@16
                      ; - java.lang.String::substring@41
                      ; - java.lang.ClassLoader::checkCerts@21
                      ; - java.lang.ClassLoader::preDefineClass@113
                      ; - java.lang.ClassLoader::defineClass@4
                      ; - java.security.SecureClassLoader::defineClass@12
  0x000002ebaf5cf4ac: d0fb 98ff 

  0x000002ebaf5cf4b0: ;   {other}
  0x000002ebaf5cf4b0: 0f1f 8400 | a027 0023 | 4c8b 5c24 | 204c 895c | 2428 448b | 5c24 5044 | 895c 2420 | 4c8b 4c24 
  0x000002ebaf5cf4d0: 6048 8b5c | 2468 488b | 7424 704c | 8b44 2478 | 4c8b e8e9 | bee1 ffff | 4489 4424 | 244c 896c 
  0x000002ebaf5cf4f0: 2430 4c89 

  0x000002ebaf5cf4f4: ;   {metadata('java/lang/NamedPackage')}
  0x000002ebaf5cf4f4: 4c24 2848 | ba98 8609 | 0001 0000 | 0066 6690 

  0x000002ebaf5cf504: ;   {runtime_call _new_instance_Java}
  0x000002ebaf5cf504: c5f8 77e8 

  0x000002ebaf5cf508: ; ImmutableOopMap {[36]=NarrowOop [40]=Oop [48]=Oop [72]=Oop [104]=Oop }
                      ;*new {reexecute=0 rethrow=0 return_oop=1}
                      ; - java.lang.ClassLoader::getNamedPackage@16
                      ; - java.lang.ClassLoader::postDefineClass@9
                      ; - java.lang.ClassLoader::defineClass@37
                      ; - java.security.SecureClassLoader::defineClass@12
  0x000002ebaf5cf508: 74f5 98ff 

  0x000002ebaf5cf50c: ;   {other}
  0x000002ebaf5cf50c: 0f1f 8400 | fc27 0024 | e974 ecff | ff4c 8b4c | 2428 4c8b | 6c24 3844 | 8b44 2424 | e911 ecff 
  0x000002ebaf5cf52c: ff4c 8944 | 2460 4889 | 5424 504c | 894c 2440 | 4889 5c24 | 3844 8954 | 2424 4c8b | 5424 684c 
  0x000002ebaf5cf54c: 8954 2430 

  0x000002ebaf5cf550: ;   {metadata({type array byte})}
  0x000002ebaf5cf550: 48ba c80a | 0400 0100 | 0000 448b | 4424 2490 

  0x000002ebaf5cf560: ;   {runtime_call _new_array_nozero_Java}
  0x000002ebaf5cf560: c5f8 77e8 

  0x000002ebaf5cf564: ; ImmutableOopMap {[40]=Oop [48]=Oop [56]=Oop [72]=Oop [104]=Oop [136]=Oop [64]=Derived_oop_[136] }
                      ;*newarray {reexecute=0 rethrow=0 return_oop=1}
                      ; - java.util.Arrays::copyOfRangeByte@10
                      ; - java.util.Arrays::copyOfRange@13
                      ; - java.lang.StringLatin1::newString@16
                      ; - java.lang.String::substring@41
                      ; - java.lang.Class::getPackageName@62
                      ; - java.lang.ClassLoader::postDefineClass@2
                      ; - java.lang.ClassLoader::defineClass@37
                      ; - java.security.SecureClassLoader::defineClass@12
  0x000002ebaf5cf564: 18fb 98ff 

  0x000002ebaf5cf568: ;   {other}
  0x000002ebaf5cf568: 0f1f 8400 | 5828 0025 | 448b 5424 | 2448 8b5c | 2438 4c8b | 4c24 4048 | 8b54 2450 | 4c8b 4424 
  0x000002ebaf5cf588: 6048 8bf0 | e915 e7ff | ff4c 8944 | 2450 4c89 | 4c24 4048 | 895c 2438 | 8be9 4c8b | 5424 684c 
  0x000002ebaf5cf5a8: 8954 2430 

  0x000002ebaf5cf5ac: ;   {metadata({type array byte})}
  0x000002ebaf5cf5ac: 48ba c80a | 0400 0100 | 0000 458b | c366 6690 

  0x000002ebaf5cf5bc: ;   {runtime_call _new_array_nozero_Java}
  0x000002ebaf5cf5bc: c5f8 77e8 

  0x000002ebaf5cf5c0: ; ImmutableOopMap {rbp=NarrowOop [40]=Oop [48]=Oop [56]=Oop [72]=Oop [136]=Oop [64]=Derived_oop_[136] }
                      ;*invokevirtual clone {reexecute=1 rethrow=0 return_oop=1}
                      ; - (reexecute) java.util.Arrays::copyOfRange@18
                      ; - java.lang.StringLatin1::newString@16
                      ; - java.lang.String::substring@41
                      ; - java.lang.Class::getPackageName@62
                      ; - java.lang.ClassLoader::postDefineClass@2
                      ; - java.lang.ClassLoader::defineClass@37
                      ; - java.security.SecureClassLoader::defineClass@12
  0x000002ebaf5cf5c0: bcfa 98ff 

  0x000002ebaf5cf5c4: ;   {other}
  0x000002ebaf5cf5c4: 0f1f 8400 | b428 0026 | 4c8b 5c24 | 304c 895c | 2468 488b | 5c24 384c | 8b4c 2440 | 4c8b 4424 
  0x000002ebaf5cf5e4: 5048 8bf8 | e9d9 e5ff | ffba f6ff | ffff 488b | ef4c 895c | 2420 6690 

  0x000002ebaf5cf5fc: ;   {runtime_call UncommonTrapBlob}
  0x000002ebaf5cf5fc: c5f8 77e8 

  0x000002ebaf5cf600: ; ImmutableOopMap {rbp=Oop [32]=Oop }
                      ;*invokevirtual putIfAbsent {reexecute=0 rethrow=0 return_oop=0}
                      ; - java.lang.ClassLoader::checkCerts@62
                      ; - java.lang.ClassLoader::preDefineClass@113
                      ; - java.lang.ClassLoader::defineClass@4
                      ; - java.security.SecureClassLoader::defineClass@12
  0x000002ebaf5cf600: fc4c 8dff 

  0x000002ebaf5cf604: ;   {other}
  0x000002ebaf5cf604: 0f1f 8400 | f428 0027 | baf6 ffff | ff66 6690 

  0x000002ebaf5cf614: ;   {runtime_call UncommonTrapBlob}
  0x000002ebaf5cf614: c5f8 77e8 

  0x000002ebaf5cf618: ; ImmutableOopMap {rbp=NarrowOop }
                      ;*invokevirtual toExternalForm {reexecute=0 rethrow=0 return_oop=0}
                      ; - java.net.URL::toExternalForm@5
                      ; - java.net.URL::toString@1
                      ; - java.lang.ClassLoader::defineClassSourceLocation@22
                      ; - java.lang.ClassLoader::defineClass@12
                      ; - java.security.SecureClassLoader::defineClass@12
  0x000002ebaf5cf618: e44c 8dff 

  0x000002ebaf5cf61c: ;   {other}
  0x000002ebaf5cf61c: 0f1f 8400 | 0c29 0028 | baf6 ffff | ff48 8beb 

  0x000002ebaf5cf62c: ;   {runtime_call UncommonTrapBlob}
  0x000002ebaf5cf62c: c5f8 77e8 

  0x000002ebaf5cf630: ; ImmutableOopMap {rbp=Oop }
                      ;*invokevirtual get {reexecute=0 rethrow=0 return_oop=0}
                      ; - java.lang.ClassLoader::getNamedPackage@5
                      ; - java.lang.ClassLoader::postDefineClass@9
                      ; - java.lang.ClassLoader::defineClass@37
                      ; - java.security.SecureClassLoader::defineClass@12
  0x000002ebaf5cf630: cc4c 8dff 

  0x000002ebaf5cf634: ;   {other}
  0x000002ebaf5cf634: 0f1f 8400 | 2429 0029 | ba76 ffff | ff41 8bea | 897c 2424 | 4889 5c24 | 5066 6690 

  0x000002ebaf5cf650: ;   {runtime_call UncommonTrapBlob}
  0x000002ebaf5cf650: c5f8 77e8 

  0x000002ebaf5cf654: ; ImmutableOopMap {rbp=NarrowOop [40]=Oop [48]=Oop [56]=Oop [80]=Oop [144]=Oop [152]=NarrowOop }
                      ;*iflt {reexecute=1 rethrow=0 return_oop=0}
                      ; - (reexecute) java.lang.StringLatin1::lastIndexOf@19
                      ; - java.lang.String::lastIndexOf@13
                      ; - java.lang.String::lastIndexOf@8
                      ; - java.lang.ClassLoader::checkCerts@3
                      ; - java.lang.ClassLoader::preDefineClass@113
                      ; - java.lang.ClassLoader::defineClass@4
                      ; - java.security.SecureClassLoader::defineClass@12
  0x000002ebaf5cf654: a84c 8dff 

  0x000002ebaf5cf658: ;   {other}
  0x000002ebaf5cf658: 0f1f 8400 | 4829 002a | bade ffff | ff4c 8b54 | 2428 4c89 | 5424 204c | 8b54 2430 | 4c89 5424 
  0x000002ebaf5cf678: 284c 8b54 | 2438 4c89 | 5424 3044 | 8b5c 2440 | 4489 5c24 | 3844 8b54 | 2444 4489 | 5424 3c4c 
  0x000002ebaf5cf698: 8944 2440 | 4c89 4c24 | 4866 6690 

  0x000002ebaf5cf6a4: ;   {runtime_call UncommonTrapBlob}
  0x000002ebaf5cf6a4: c5f8 77e8 

  0x000002ebaf5cf6a8: ; ImmutableOopMap {rbp=NarrowOop [32]=Oop [40]=Oop [48]=Oop [64]=Oop [72]=Oop }
                      ;*invokeinterface computeIfAbsent {reexecute=0 rethrow=0 return_oop=0}
                      ; - java.security.SecureClassLoader::getProtectionDomain@28
                      ; - java.security.SecureClassLoader::defineClass@9
  0x000002ebaf5cf6a8: 544c 8dff 

  0x000002ebaf5cf6ac: ;   {other}
  0x000002ebaf5cf6ac: 0f1f 8400 | 9c29 002b | ba45 ffff | ff48 8b6c | 2428 6690 

  0x000002ebaf5cf6c0: ;   {runtime_call UncommonTrapBlob}
  0x000002ebaf5cf6c0: c5f8 77e8 

  0x000002ebaf5cf6c4: ; ImmutableOopMap {rbp=Oop [48]=Oop [56]=Oop [144]=Oop }
                      ;*ifeq {reexecute=1 rethrow=0 return_oop=0}
                      ; - (reexecute) java.lang.ClassLoader::checkName@8
                      ; - java.lang.ClassLoader::preDefineClass@1
                      ; - java.lang.ClassLoader::defineClass@4
                      ; - java.security.SecureClassLoader::defineClass@12
  0x000002ebaf5cf6c4: 384c 8dff 

  0x000002ebaf5cf6c8: ;   {other}
  0x000002ebaf5cf6c8: 0f1f 8400 | b829 002c | ba6e ffff | ff41 8bea | 897c 2424 | 4889 5c24 | 5066 6690 

  0x000002ebaf5cf6e4: ;   {runtime_call UncommonTrapBlob}
  0x000002ebaf5cf6e4: c5f8 77e8 

  0x000002ebaf5cf6e8: ; ImmutableOopMap {rbp=NarrowOop [40]=Oop [48]=Oop [56]=Oop [80]=Oop [144]=Oop [152]=NarrowOop }
                      ;*iflt {reexecute=1 rethrow=0 return_oop=0}
                      ; - (reexecute) java.lang.StringLatin1::lastIndexOf@19
                      ; - java.lang.String::lastIndexOf@13
                      ; - java.lang.String::lastIndexOf@8
                      ; - java.lang.ClassLoader::checkCerts@3
                      ; - java.lang.ClassLoader::preDefineClass@113
                      ; - java.lang.ClassLoader::defineClass@4
                      ; - java.security.SecureClassLoader::defineClass@12
  0x000002ebaf5cf6e8: 144c 8dff 

  0x000002ebaf5cf6ec: ;   {other}
  0x000002ebaf5cf6ec: 0f1f 8400 | dc29 002d | bace ffff | ff41 8bea | 895c 2460 

  0x000002ebaf5cf700: ;   {runtime_call UncommonTrapBlob}
  0x000002ebaf5cf700: c5f8 77e8 

  0x000002ebaf5cf704: ; ImmutableOopMap {rbp=NarrowOop [40]=Oop [48]=Oop [56]=Oop [144]=Oop }
                      ;*invokestatic indexOfChar {reexecute=0 rethrow=0 return_oop=0}
                      ; - java.lang.StringLatin1::indexOf@33
                      ; - java.lang.String::indexOf@17
                      ; - java.lang.String::indexOf@3
                      ; - java.lang.ClassLoader::checkName@16
                      ; - java.lang.ClassLoader::preDefineClass@1
                      ; - java.lang.ClassLoader::defineClass@4
                      ; - java.security.SecureClassLoader::defineClass@12
  0x000002ebaf5cf704: f84b 8dff 

  0x000002ebaf5cf708: ;   {other}
  0x000002ebaf5cf708: 0f1f 8400 | f829 002e | bade ffff | ff66 6690 

  0x000002ebaf5cf718: ;   {runtime_call UncommonTrapBlob}
  0x000002ebaf5cf718: c5f8 77e8 

  0x000002ebaf5cf71c: ; ImmutableOopMap {rbp=NarrowOop }
                      ;*checkcast {reexecute=0 rethrow=0 return_oop=0}
                      ; - java.lang.ClassLoader::getNamedPackage@8
                      ; - java.lang.ClassLoader::postDefineClass@9
                      ; - java.lang.ClassLoader::defineClass@37
                      ; - java.security.SecureClassLoader::defineClass@12
  0x000002ebaf5cf71c: e04b 8dff 

  0x000002ebaf5cf720: ;   {other}
  0x000002ebaf5cf720: 0f1f 8400 | 102a 002f | ba76 ffff | ff8b e989 | 5c24 244c | 8b54 2468 | 4c89 5424 | 304c 8944 
  0x000002ebaf5cf740: 2458 6690 

  0x000002ebaf5cf744: ;   {runtime_call UncommonTrapBlob}
  0x000002ebaf5cf744: c5f8 77e8 

  0x000002ebaf5cf748: ; ImmutableOopMap {rbp=NarrowOop [40]=Oop [48]=Oop [88]=Oop [144]=Oop }
                      ;*iflt {reexecute=1 rethrow=0 return_oop=0}
                      ; - (reexecute) java.lang.StringLatin1::lastIndexOf@19
                      ; - java.lang.String::lastIndexOf@13
                      ; - java.lang.String::lastIndexOf@8
                      ; - java.lang.Class::getPackageName@47
                      ; - java.lang.ClassLoader::postDefineClass@2
                      ; - java.lang.ClassLoader::defineClass@37
                      ; - java.security.SecureClassLoader::defineClass@12
  0x000002ebaf5cf748: b44b 8dff 

  0x000002ebaf5cf74c: ;   {other}
  0x000002ebaf5cf74c: 0f1f 8400 | 3c2a 0030 | ba45 ffff | ff48 8944 | 2430 4889 | 4424 4090 

  0x000002ebaf5cf764: ;   {runtime_call UncommonTrapBlob}
  0x000002ebaf5cf764: c5f8 77e8 

  0x000002ebaf5cf768: ; ImmutableOopMap {[40]=Oop [48]=Oop [64]=Oop [144]=Oop }
                      ;*ifeq {reexecute=1 rethrow=0 return_oop=0}
                      ; - (reexecute) java.lang.Class::getPackageName@13
                      ; - java.lang.ClassLoader::postDefineClass@2
                      ; - java.lang.ClassLoader::defineClass@37
                      ; - java.security.SecureClassLoader::defineClass@12
  0x000002ebaf5cf768: 944b 8dff 

  0x000002ebaf5cf76c: ;   {other}
  0x000002ebaf5cf76c: 0f1f 8400 | 5c2a 0031 | ba6e ffff | ff8b e989 | 5c24 244c | 8b54 2468 | 4c89 5424 | 304c 8944 
  0x000002ebaf5cf78c: 2458 6690 

  0x000002ebaf5cf790: ;   {runtime_call UncommonTrapBlob}
  0x000002ebaf5cf790: c5f8 77e8 

  0x000002ebaf5cf794: ; ImmutableOopMap {rbp=NarrowOop [40]=Oop [48]=Oop [88]=Oop [144]=Oop }
                      ;*iflt {reexecute=1 rethrow=0 return_oop=0}
                      ; - (reexecute) java.lang.StringLatin1::lastIndexOf@19
                      ; - java.lang.String::lastIndexOf@13
                      ; - java.lang.String::lastIndexOf@8
                      ; - java.lang.Class::getPackageName@47
                      ; - java.lang.ClassLoader::postDefineClass@2
                      ; - java.lang.ClassLoader::defineClass@37
                      ; - java.security.SecureClassLoader::defineClass@12
  0x000002ebaf5cf794: 684b 8dff 

  0x000002ebaf5cf798: ;   {other}
  0x000002ebaf5cf798: 0f1f 8400 | 882a 0032 | 4863 d1e9 | 47df ffff | 4883 c2fe | 488b ca49 | 8bfa 4833 | c048 83f9 
  0x000002ebaf5cf7b8: 087f 1048 | ffc9 784f | 4889 04cf | 48ff c97d | f7eb 44c5 | fdef c0e9 | 0d00 0000 | c5fe 7f07 
  0x000002ebaf5cf7d8: c5fe 7f47 | 2048 83c7 | 4048 83e9 | 087d ed48 | 83c1 047c | 0cc5 fe7f | 0748 83c7 | 2048 83e9 
  0x000002ebaf5cf7f8: 0448 83c1 | 047e 1048 | ffc9 c5f9 | d607 4883 | c708 48ff | c97d f3e9 | badf ffff | bacc ffff 
  0x000002ebaf5cf818: ff41 8bea | 894c 2424 | 4889 5c24 | 5048 8974 | 2470 6690 

  0x000002ebaf5cf82c: ;   {runtime_call UncommonTrapBlob}
  0x000002ebaf5cf82c: c5f8 77e8 

  0x000002ebaf5cf830: ; ImmutableOopMap {rbp=NarrowOop [40]=Oop [48]=Oop [56]=Oop [80]=Oop [112]=Oop [144]=Oop [152]=NarrowOop }
                      ;*newarray {reexecute=1 rethrow=0 return_oop=0}
                      ; - (reexecute) java.util.Arrays::copyOfRangeByte@10
                      ; - java.util.Arrays::copyOfRange@13
                      ; - java.lang.StringLatin1::newString@16
                      ; - java.lang.String::substring@41
                      ; - java.lang.ClassLoader::checkCerts@21
                      ; - java.lang.ClassLoader::preDefineClass@113
                      ; - java.lang.ClassLoader::defineClass@4
                      ; - java.security.SecureClassLoader::defineClass@12
  0x000002ebaf5cf830: cc4a 8dff 

  0x000002ebaf5cf834: ;   {other}
  0x000002ebaf5cf834: 0f1f 8400 | 242b 0033 | 4533 db45 | 85c0 410f | 94c3 ba45 | ffff ff48 | 8b6c 2428 | 4c8b 5424 
  0x000002ebaf5cf854: 304c 8954 | 2420 4489 | 5c24 6090 

  0x000002ebaf5cf860: ;   {runtime_call UncommonTrapBlob}
  0x000002ebaf5cf860: c5f8 77e8 

  0x000002ebaf5cf864: ; ImmutableOopMap {rbp=Oop [32]=Oop [56]=Oop [144]=Oop }
                      ;*ifeq {reexecute=1 rethrow=0 return_oop=0}
                      ; - (reexecute) java.lang.String::indexOf@4
                      ; - java.lang.String::indexOf@3
                      ; - java.lang.ClassLoader::checkName@16
                      ; - java.lang.ClassLoader::preDefineClass@1
                      ; - java.lang.ClassLoader::defineClass@4
                      ; - java.security.SecureClassLoader::defineClass@12
  0x000002ebaf5cf864: 984a 8dff 

  0x000002ebaf5cf868: ;   {other}
  0x000002ebaf5cf868: 0f1f 8400 | 582b 0034 | ba45 ffff | ff89 4c24 | 2089 4c24 | 2448 895c | 2450 4489 | 4424 7090 
  0x000002ebaf5cf888: ;   {runtime_call UncommonTrapBlob}
  0x000002ebaf5cf888: c5f8 77e8 

  0x000002ebaf5cf88c: ; ImmutableOopMap {[40]=Oop [48]=Oop [56]=Oop [80]=Oop [144]=Oop [152]=NarrowOop }
                      ;*if_icmpgt {reexecute=1 rethrow=0 return_oop=0}
                      ; - (reexecute) jdk.internal.util.Preconditions::checkFromToIndex@6
                      ; - java.lang.String::checkBoundsBeginEnd@6
                      ; - java.lang.String::substring@8
                      ; - java.lang.ClassLoader::checkCerts@21
                      ; - java.lang.ClassLoader::preDefineClass@113
                      ; - java.lang.ClassLoader::defineClass@4
                      ; - java.security.SecureClassLoader::defineClass@12
  0x000002ebaf5cf88c: 704a 8dff 

  0x000002ebaf5cf890: ;   {other}
  0x000002ebaf5cf890: 0f1f 8400 | 802b 0035 | ba45 ffff | ff48 8b6c | 2428 895c | 2450 6690 

  0x000002ebaf5cf8a8: ;   {runtime_call UncommonTrapBlob}
  0x000002ebaf5cf8a8: c5f8 77e8 

  0x000002ebaf5cf8ac: ; ImmutableOopMap {rbp=Oop [48]=Oop [56]=Oop [144]=Oop }
                      ;*if_icmpne {reexecute=1 rethrow=0 return_oop=0}
                      ; - (reexecute) java.lang.ClassLoader::checkName@20
                      ; - java.lang.ClassLoader::preDefineClass@1
                      ; - java.lang.ClassLoader::defineClass@4
                      ; - java.security.SecureClassLoader::defineClass@12
  0x000002ebaf5cf8ac: 504a 8dff 

  0x000002ebaf5cf8b0: ;   {other}
  0x000002ebaf5cf8b0: 0f1f 8400 | a02b 0036 | 498b d7c5 | f877 49ba | b022 b5e1 | f87f 0000 

  0x000002ebaf5cf8c8: ;   {other}
  0x000002ebaf5cf8c8: 41ff d20f | 1f84 0000 | 0000 00e9 | 01df ffff | ba45 ffff | ff4c 8b54 | 2428 4c89 | 5424 204c 
  0x000002ebaf5cf8e8: 8944 2428 | 4c89 4c24 | 3089 7c24 | 3889 7424 | 3c66 6690 

  0x000002ebaf5cf8fc: ;   {runtime_call UncommonTrapBlob}
  0x000002ebaf5cf8fc: c5f8 77e8 

  0x000002ebaf5cf900: ; ImmutableOopMap {rbp=Oop [32]=Oop [40]=Oop [48]=Oop }
                      ;*ifnonnull {reexecute=1 rethrow=0 return_oop=0}
                      ; - (reexecute) java.security.SecureClassLoader::getProtectionDomain@1
                      ; - java.security.SecureClassLoader::defineClass@9
  0x000002ebaf5cf900: fc49 8dff 

  0x000002ebaf5cf904: ;   {other}
  0x000002ebaf5cf904: 0f1f 8400 | f42b 0037 | ba45 ffff | ff66 6690 

  0x000002ebaf5cf914: ;   {runtime_call UncommonTrapBlob}
  0x000002ebaf5cf914: c5f8 77e8 

  0x000002ebaf5cf918: ; ImmutableOopMap {[40]=Oop [48]=Oop [56]=Oop [144]=Oop }
                      ;*if_icmpne {reexecute=1 rethrow=0 return_oop=0}
                      ; - (reexecute) java.lang.ClassLoader::checkName@30
                      ; - java.lang.ClassLoader::preDefineClass@1
                      ; - java.lang.ClassLoader::defineClass@4
                      ; - java.security.SecureClassLoader::defineClass@12
  0x000002ebaf5cf918: e449 8dff 

  0x000002ebaf5cf91c: ;   {other}
  0x000002ebaf5cf91c: 0f1f 8400 | 0c2c 0038 | ba45 ffff | ff89 4c24 | 2089 4c24 | 2448 895c | 2450 4489 | 4424 7044 
  0x000002ebaf5cf93c: 8944 2474 

  0x000002ebaf5cf940: ;   {runtime_call UncommonTrapBlob}
  0x000002ebaf5cf940: c5f8 77e8 

  0x000002ebaf5cf944: ; ImmutableOopMap {[40]=Oop [48]=Oop [56]=Oop [80]=Oop [144]=Oop [152]=NarrowOop }
                      ;*if_icmple {reexecute=1 rethrow=0 return_oop=0}
                      ; - (reexecute) jdk.internal.util.Preconditions::checkFromToIndex@11
                      ; - java.lang.String::checkBoundsBeginEnd@6
                      ; - java.lang.String::substring@8
                      ; - java.lang.ClassLoader::checkCerts@21
                      ; - java.lang.ClassLoader::preDefineClass@113
                      ; - java.lang.ClassLoader::defineClass@4
                      ; - java.security.SecureClassLoader::defineClass@12
  0x000002ebaf5cf944: b849 8dff 

  0x000002ebaf5cf948: ;   {other}
  0x000002ebaf5cf948: 0f1f 8400 | 382c 0039 | ba45 ffff | ff48 8b6c | 2428 4c8b | 5424 384c | 8954 2428 | 448b 5c24 
  0x000002ebaf5cf968: 4044 895c | 2438 448b | 5424 4444 | 8954 243c | 894c 2448 

  0x000002ebaf5cf97c: ;   {runtime_call UncommonTrapBlob}
  0x000002ebaf5cf97c: c5f8 77e8 

  0x000002ebaf5cf980: ; ImmutableOopMap {rbp=Oop [40]=Oop [48]=Oop [144]=Oop }
                      ;*ifne {reexecute=1 rethrow=0 return_oop=0}
                      ; - (reexecute) java.lang.ClassLoader::compareCerts@7
                      ; - java.lang.ClassLoader::checkCerts@80
                      ; - java.lang.ClassLoader::preDefineClass@113
                      ; - java.lang.ClassLoader::defineClass@4
                      ; - java.security.SecureClassLoader::defineClass@12
  0x000002ebaf5cf980: 7c49 8dff 

  0x000002ebaf5cf984: ;   {other}
  0x000002ebaf5cf984: 0f1f 8400 | 742c 003a | ba45 ffff | ff4c 8b54 | 2448 4c89 | 5424 384c | 894c 2440 | 4c89 6c24 
  0x000002ebaf5cf9a4: 4844 8944 | 2450 6690 

  0x000002ebaf5cf9ac: ;   {runtime_call UncommonTrapBlob}
  0x000002ebaf5cf9ac: c5f8 77e8 

  0x000002ebaf5cf9b0: ; ImmutableOopMap {[56]=Oop [64]=Oop [72]=Oop [80]=NarrowOop [104]=Oop }
                      ;*ifle {reexecute=1 rethrow=0 return_oop=0}
                      ; - (reexecute) java.util.concurrent.ConcurrentHashMap::get@23
                      ; - java.lang.ClassLoader::getNamedPackage@5
                      ; - java.lang.ClassLoader::postDefineClass@9
                      ; - java.lang.ClassLoader::defineClass@37
                      ; - java.security.SecureClassLoader::defineClass@12
  0x000002ebaf5cf9b0: 4c49 8dff 

  0x000002ebaf5cf9b4: ;   {other}
  0x000002ebaf5cf9b4: 0f1f 8400 | a42c 003b | baf6 ffff | ff48 897c | 2420 6690 

  0x000002ebaf5cf9c8: ;   {runtime_call UncommonTrapBlob}
  0x000002ebaf5cf9c8: c5f8 77e8 

  0x000002ebaf5cf9cc: ; ImmutableOopMap {[32]=Oop [48]=Oop }
                      ;*invokevirtual putIfAbsent {reexecute=0 rethrow=0 return_oop=0}
                      ; - java.lang.ClassLoader::getNamedPackage@32
                      ; - java.lang.ClassLoader::postDefineClass@9
                      ; - java.lang.ClassLoader::defineClass@37
                      ; - java.security.SecureClassLoader::defineClass@12
  0x000002ebaf5cf9cc: 3049 8dff 

  0x000002ebaf5cf9d0: ;   {other}
  0x000002ebaf5cf9d0: 0f1f 8400 | c02c 003c | 488b e8ba | 54ff ffff 

  0x000002ebaf5cf9e0: ;   {runtime_call UncommonTrapBlob}
  0x000002ebaf5cf9e0: c5f8 77e8 

  0x000002ebaf5cf9e4: ; ImmutableOopMap {rbp=Oop [36]=NarrowOop [40]=Oop [56]=Oop [72]=Oop [104]=Oop }
                      ;*ifnull {reexecute=1 rethrow=0 return_oop=0}
                      ; - (reexecute) java.lang.ClassLoader::getNamedPackage@42
                      ; - java.lang.ClassLoader::postDefineClass@9
                      ; - java.lang.ClassLoader::defineClass@37
                      ; - java.security.SecureClassLoader::defineClass@12
  0x000002ebaf5cf9e4: 1849 8dff 

  0x000002ebaf5cf9e8: ;   {other}
  0x000002ebaf5cf9e8: 0f1f 8400 | d82c 003d | baf6 ffff | ff66 6690 

  0x000002ebaf5cf9f8: ;   {runtime_call UncommonTrapBlob}
  0x000002ebaf5cf9f8: c5f8 77e8 

  0x000002ebaf5cf9fc: ; ImmutableOopMap {}
                      ;*invokevirtual isNamed {reexecute=0 rethrow=0 return_oop=0}
                      ; - java.lang.NamedPackage::<init>@12
                      ; - java.lang.ClassLoader::getNamedPackage@22
                      ; - java.lang.ClassLoader::postDefineClass@9
                      ; - java.lang.ClassLoader::defineClass@37
                      ; - java.security.SecureClassLoader::defineClass@12
  0x000002ebaf5cf9fc: 0049 8dff 

  0x000002ebaf5cfa00: ;   {other}
  0x000002ebaf5cfa00: 0f1f 8400 | f02c 003e | ba12 0000 | 0066 6690 

  0x000002ebaf5cfa10: ;   {runtime_call UncommonTrapBlob}
  0x000002ebaf5cfa10: c5f8 77e8 

  0x000002ebaf5cfa14: ; ImmutableOopMap {[36]=NarrowOop [40]=Oop [48]=Oop [56]=Oop [72]=Oop [104]=Oop }
                      ;*new {reexecute=0 rethrow=0 return_oop=0}
                      ; - java.lang.NamedPackage::<init>@18
                      ; - java.lang.ClassLoader::getNamedPackage@22
                      ; - java.lang.ClassLoader::postDefineClass@9
                      ; - java.lang.ClassLoader::defineClass@37
                      ; - java.security.SecureClassLoader::defineClass@12
  0x000002ebaf5cfa14: e848 8dff 

  0x000002ebaf5cfa18: ;   {other}
  0x000002ebaf5cfa18: 0f1f 8400 | 082d 003f | 8bcf e998 | dbff ff4c | 8b4c 2428 | 4c8b 6c24 | 3844 8b44 | 2424 e903 
  0x000002ebaf5cfa38: e7ff ff49 | 63d2 6690 | e9cb e1ff | ff48 83c2 | fe48 8bca | 498b fb48 | 33c0 4883 | f908 7f10 
  0x000002ebaf5cfa58: 48ff c978 | 4f48 8904 | cf48 ffc9 | 7df7 eb44 | c5fd efc0 | e90d 0000 | 00c5 fe7f | 07c5 fe7f 
  0x000002ebaf5cfa78: 4720 4883 | c740 4883 | e908 7ded | 4883 c104 | 7c0c c5fe | 7f07 4883 | c720 4883 | e904 4883 
  0x000002ebaf5cfa98: c104 7e10 | 48ff c9c5 | f9d6 0748 | 83c7 0848 | ffc9 7df3 | e93e e2ff | ffba ccff | ffff 8be9 
  0x000002ebaf5cfab8: 4489 5424 | 244c 8b54 | 2468 4c89 | 5424 304c | 8b54 2448 | 4c89 5424 | 4048 895c | 2460 6690 
  0x000002ebaf5cfad8: ;   {runtime_call UncommonTrapBlob}
  0x000002ebaf5cfad8: c5f8 77e8 

  0x000002ebaf5cfadc: ; ImmutableOopMap {rbp=NarrowOop [40]=Oop [48]=Oop [64]=Oop [96]=Oop }
                      ;*newarray {reexecute=1 rethrow=0 return_oop=0}
                      ; - (reexecute) java.util.Arrays::copyOfRangeByte@10
                      ; - java.util.Arrays::copyOfRange@13
                      ; - java.lang.StringLatin1::newString@16
                      ; - java.lang.String::substring@41
                      ; - java.lang.Class::getPackageName@62
                      ; - java.lang.ClassLoader::postDefineClass@2
                      ; - java.lang.ClassLoader::defineClass@37
                      ; - java.security.SecureClassLoader::defineClass@12
  0x000002ebaf5cfadc: 2048 8dff 

  0x000002ebaf5cfae0: ;   {other}
  0x000002ebaf5cfae0: 0f1f 8400 | d02d 0040 | 85db 448b | 5c24 2041 | 0f94 c3ba | 45ff ffff | 488b 6c24 | 684c 8944 
  0x000002ebaf5cfb00: 2450 4489 | 5424 5844 | 895c 245c 

  0x000002ebaf5cfb0c: ;   {runtime_call UncommonTrapBlob}
  0x000002ebaf5cfb0c: c5f8 77e8 

  0x000002ebaf5cfb10: ; ImmutableOopMap {rbp=Oop [40]=Oop [80]=Oop [144]=Oop }
                      ;*ifeq {reexecute=1 rethrow=0 return_oop=0}
                      ; - (reexecute) java.lang.String::lastIndexOf@4
                      ; - java.lang.String::lastIndexOf@8
                      ; - java.lang.Class::getPackageName@47
                      ; - java.lang.ClassLoader::postDefineClass@2
                      ; - java.lang.ClassLoader::defineClass@37
                      ; - java.security.SecureClassLoader::defineClass@12
  0x000002ebaf5cfb10: ec47 8dff 

  0x000002ebaf5cfb14: ;   {other}
  0x000002ebaf5cfb14: 0f1f 8400 | 042e 0041 | 498b d7c5 | f877 49ba | b022 b5e1 | f87f 0000 

  0x000002ebaf5cfb2c: ;   {other}
  0x000002ebaf5cfb2c: 41ff d20f | 1f84 0000 | 0000 00e9 | 18e2 ffff | ba45 ffff | ff44 8954 | 2420 4489 | 5424 244c 
  0x000002ebaf5cfb4c: 8b54 2468 | 4c89 5424 | 304c 8b54 | 2448 4c89 | 5424 404c | 8944 2458 | 4489 4c24 | 6466 6690 
  0x000002ebaf5cfb6c: ;   {runtime_call UncommonTrapBlob}
  0x000002ebaf5cfb6c: c5f8 77e8 

  0x000002ebaf5cfb70: ; ImmutableOopMap {[40]=Oop [48]=Oop [64]=Oop [88]=Oop }
                      ;*if_icmpgt {reexecute=1 rethrow=0 return_oop=0}
                      ; - (reexecute) jdk.internal.util.Preconditions::checkFromToIndex@6
                      ; - java.lang.String::checkBoundsBeginEnd@6
                      ; - java.lang.String::substring@8
                      ; - java.lang.Class::getPackageName@62
                      ; - java.lang.ClassLoader::postDefineClass@2
                      ; - java.lang.ClassLoader::defineClass@37
                      ; - java.security.SecureClassLoader::defineClass@12
  0x000002ebaf5cfb70: 8c47 8dff 

  0x000002ebaf5cfb74: ;   {other}
  0x000002ebaf5cfb74: 0f1f 8400 | 642e 0042 | 498b d7c5 | f877 49ba | b022 b5e1 | f87f 0000 

  0x000002ebaf5cfb8c: ;   {other}
  0x000002ebaf5cfb8c: 41ff d20f | 1f84 0000 | 0000 00e9 | 5ee1 ffff | ba45 ffff | ff44 8954 | 2420 4489 | 5424 244c 
  0x000002ebaf5cfbac: 8b54 2468 | 4c89 5424 | 304c 8b54 | 2448 4c89 | 5424 404c | 8944 2458 | 4489 4c24 | 6444 894c 
  0x000002ebaf5cfbcc: 2468 6690 

  0x000002ebaf5cfbd0: ;   {runtime_call UncommonTrapBlob}
  0x000002ebaf5cfbd0: c5f8 77e8 

  0x000002ebaf5cfbd4: ; ImmutableOopMap {[40]=Oop [48]=Oop [64]=Oop [88]=Oop }
                      ;*if_icmple {reexecute=1 rethrow=0 return_oop=0}
                      ; - (reexecute) jdk.internal.util.Preconditions::checkFromToIndex@11
                      ; - java.lang.String::checkBoundsBeginEnd@6
                      ; - java.lang.String::substring@8
                      ; - java.lang.Class::getPackageName@62
                      ; - java.lang.ClassLoader::postDefineClass@2
                      ; - java.lang.ClassLoader::defineClass@37
                      ; - java.security.SecureClassLoader::defineClass@12
  0x000002ebaf5cfbd4: 2847 8dff 

  0x000002ebaf5cfbd8: ;   {other}
  0x000002ebaf5cfbd8: 0f1f 8400 | c82e 0043 | 8b5c 2424 | 448b 5314 | 4585 d20f | 84eb ebff | ff4d 8b5f | 2849 8bca 
  0x000002ebaf5cfbf8: 0f1f 8400 | 0000 0000 | 4d85 db0f | 8443 0600 | 004d 8b57 | 384b 894c | 1af8 4983 | c3f8 4d89 
  0x000002ebaf5cfc18: 5f28 e9bd | ebff ff4d | 8b57 484d | 8b5f 58f0 | 8344 24c0 | 0080 3900 | 7432 4488 | 214d 85d2 
  0x000002ebaf5cfc38: 740f 4b89 | 4c13 f849 | 83c2 f84d | 8957 48eb | 1b49 8bd7 | c5f8 7749 | ba90 22b5 | e1f8 7f00 
  0x000002ebaf5cfc58: 0041 ffd2 

  0x000002ebaf5cfc5c: ;   {other}
  0x000002ebaf5cfc5c: 0f1f 8400 | 0000 0000 | 448b 5b14 | 4585 db0f | 843f 0600 | 0049 8bfb | e998 ebff | ffba 45ff 
  0x000002ebaf5cfc7c: ffff 488b | 4c24 4848 | 894c 2430 | 4c89 4c24 | 3844 8944 | 2448 4c89 | 6c24 5044 | 895c 244c 
  0x000002ebaf5cfc9c: 4489 5424 | 5866 6690 

  0x000002ebaf5cfca4: ;   {runtime_call UncommonTrapBlob}
  0x000002ebaf5cfca4: c5f8 77e8 

  0x000002ebaf5cfca8: ; ImmutableOopMap {[48]=Oop [56]=Oop [72]=NarrowOop [76]=NarrowOop [80]=Oop [104]=Oop }
                      ;*ifeq {reexecute=1 rethrow=0 return_oop=0}
                      ; - (reexecute) java.util.concurrent.ConcurrentHashMap::get@76
                      ; - java.lang.ClassLoader::getNamedPackage@5
                      ; - java.lang.ClassLoader::postDefineClass@9
                      ; - java.lang.ClassLoader::defineClass@37
                      ; - java.security.SecureClassLoader::defineClass@12
  0x000002ebaf5cfca8: 5446 8dff 

  0x000002ebaf5cfcac: ;   {other}
  0x000002ebaf5cfcac: 0f1f 8400 | 9c2f 0044 | 498b d7c5 | f877 49ba | b022 b5e1 | f87f 0000 

  0x000002ebaf5cfcc4: ;   {other}
  0x000002ebaf5cfcc4: 41ff d20f | 1f84 0000 | 0000 00e9 | 3ce5 ffff | 498b d7c5 | f877 49ba | b022 b5e1 | f87f 0000 
  0x000002ebaf5cfce4: ;   {other}
  0x000002ebaf5cfce4: 41ff d20f | 1f84 0000 | 0000 00e9 | 60e5 ffff | 448b d3e9 | d4dd ffff | 8bfd 448b | 5d14 4585 
  0x000002ebaf5cfd04: db0f 84ef | efff ff4d | 8b57 2849 | 8bcb 4d85 | d20f 8451 | 0500 004d | 8b5f 384b | 894c 13f8 
  0x000002ebaf5cfd24: 4983 c2f8 | 4d89 5728 | e9c9 efff | ff4d 8b57 | 484d 8b5f | 58f0 8344 | 24c0 0090 | 4180 3800 
  0x000002ebaf5cfd44: 7435 4588 | 204d 85d2 | 740f 4f89 | 4413 f849 | 83c2 f84d | 8957 48eb | 1e49 8bc8 | 498b d7c5 
  0x000002ebaf5cfd64: f877 49ba | 9022 b5e1 | f87f 0000 

  0x000002ebaf5cfd70: ;   {other}
  0x000002ebaf5cfd70: 41ff d20f | 1f84 0000 | 0000 0044 | 8b57 1490 | 4585 d20f | 843f 0500 | 004c 8954 | 2440 e9a8 
  0x000002ebaf5cfd90: efff ffba | 45ff ffff | 488b 5c24 | 4848 895c | 2438 4c89 | 4c24 4044 | 8944 2450 | 4c89 6c24 
  0x000002ebaf5cfdb0: 5844 895c | 2454 4489 | 5424 6089 | 4c24 6490 

  0x000002ebaf5cfdc0: ;   {runtime_call UncommonTrapBlob}
  0x000002ebaf5cfdc0: c5f8 77e8 

  0x000002ebaf5cfdc4: ; ImmutableOopMap {[56]=Oop [64]=Oop [80]=NarrowOop [84]=NarrowOop [88]=Oop [104]=Oop }
                      ;*if_icmpne {reexecute=1 rethrow=0 return_oop=0}
                      ; - (reexecute) java.lang.String::equals@33
                      ; - java.util.concurrent.ConcurrentHashMap::get@73
                      ; - java.lang.ClassLoader::getNamedPackage@5
                      ; - java.lang.ClassLoader::postDefineClass@9
                      ; - java.lang.ClassLoader::defineClass@37
                      ; - java.security.SecureClassLoader::defineClass@12
  0x000002ebaf5cfdc4: 3845 8dff 

  0x000002ebaf5cfdc8: ;   {other}
  0x000002ebaf5cfdc8: 0f1f 8400 | b830 0045 | 4c89 4424 | 6844 895c | 2454 4889 | 7c24 6048 | 895c 2458 | 448b 5c24 
  0x000002ebaf5cfde8: 2044 895c | 2450 4c8b | 5c24 284c | 895c 2420 | 4833 d24a | 8d14 d245 | 8bc1 6690 

  0x000002ebaf5cfe04: ;   {runtime_call _new_array_Java}
  0x000002ebaf5cfe04: c5f8 77e8 

  0x000002ebaf5cfe08: ; ImmutableOopMap {rbp=Oop [32]=Oop [48]=Oop [56]=Oop [84]=NarrowOop [88]=Oop [96]=Oop [144]=Oop }
                      ;*invokevirtual clone {reexecute=1 rethrow=0 return_oop=1}
                      ; - (reexecute) java.security.CodeSource::getCertificates@11
                      ; - java.lang.ClassLoader::checkCerts@34
                      ; - java.lang.ClassLoader::preDefineClass@113
                      ; - java.lang.ClassLoader::defineClass@4
                      ; - java.security.SecureClassLoader::defineClass@12
  0x000002ebaf5cfe08: 74ef 98ff 

  0x000002ebaf5cfe0c: ;   {other}
  0x000002ebaf5cfe0c: 0f1f 8400 | fc30 0046 | 4c8b 5c24 | 204c 895c | 2428 448b | 4424 5044 | 8944 2420 | 488b 5c24 
  0x000002ebaf5cfe2c: 5848 8b7c | 2460 448b | 5c24 544c | 8b44 2468 | 488b f090 | e99e e6ff | ffba e4ff | ffff 4489 
  0x000002ebaf5cfe4c: 5424 2044 | 8b5c 2440 | 4489 5c24 | 2466 6690 

  0x000002ebaf5cfe5c: ;   {runtime_call UncommonTrapBlob}
  0x000002ebaf5cfe5c: c5f8 77e8 

  0x000002ebaf5cfe60: ; ImmutableOopMap {[32]=NarrowOop [40]=Oop [48]=Oop [56]=Oop [144]=Oop }
                      ;*baload {reexecute=0 rethrow=0 return_oop=0}
                      ; - jdk.internal.util.ArraysSupport::mismatch@82
                      ; - java.lang.String::startsWith@70
                      ; - java.lang.String::startsWith@3
                      ; - java.lang.ClassLoader::preDefineClass@43
                      ; - java.lang.ClassLoader::defineClass@4
                      ; - java.security.SecureClassLoader::defineClass@12
  0x000002ebaf5cfe60: 9c44 8dff 

  0x000002ebaf5cfe64: ;   {other}
  0x000002ebaf5cfe64: 0f1f 8400 | 5431 0047 | 4889 7c24 | 3844 8bd2 | 4489 4424 | 304c 894c | 2420 4833 | d24a 8d14 
  0x000002ebaf5cfe84: da45 8bc2 

  0x000002ebaf5cfe88: ;   {runtime_call _new_array_Java}
  0x000002ebaf5cfe88: c5f8 77e8 

  0x000002ebaf5cfe8c: ; ImmutableOopMap {rbp=Oop [32]=Oop [48]=NarrowOop [104]=Oop }
                      ;*invokevirtual clone {reexecute=1 rethrow=0 return_oop=1}
                      ; - (reexecute) java.security.CodeSource::getCertificates@11
                      ; - java.lang.ClassLoader::postDefineClass@24
                      ; - java.lang.ClassLoader::defineClass@37
                      ; - java.security.SecureClassLoader::defineClass@12
  0x000002ebaf5cfe8c: f0ee 98ff 

  0x000002ebaf5cfe90: ;   {other}
  0x000002ebaf5cfe90: 0f1f 8400 | 8031 0048 | 448b 4424 | 3048 8b7c | 2438 e978 | ecff ff4c | 8944 2470 | 4489 5c24 
  0x000002ebaf5cfeb0: 6848 897c | 2460 4889 | 5c24 5844 | 8b5c 2420 | 4489 5c24 | 504c 8b54 | 2430 4c89 | 5424 2048 
  0x000002ebaf5cfed0: 8b6c 2428 

  0x000002ebaf5cfed4: ;   {metadata('java/util/ArrayList')}
  0x000002ebaf5cfed4: 48ba 9081 | 0500 0100 | 0000 6690 

  0x000002ebaf5cfee0: ;   {runtime_call _new_instance_Java}
  0x000002ebaf5cfee0: c5f8 77e8 

  0x000002ebaf5cfee4: ; ImmutableOopMap {rbp=Oop [32]=Oop [56]=Oop [88]=Oop [96]=Oop [104]=NarrowOop [112]=Oop [144]=Oop [152]=NarrowOop }
                      ;*new {reexecute=0 rethrow=0 return_oop=1}
                      ; - java.security.CodeSource::getCertificates@25
                      ; - java.lang.ClassLoader::checkCerts@34
                      ; - java.lang.ClassLoader::preDefineClass@113
                      ; - java.lang.ClassLoader::defineClass@4
                      ; - java.security.SecureClassLoader::defineClass@12
  0x000002ebaf5cfee4: 98eb 98ff 

  0x000002ebaf5cfee8: ;   {other}
  0x000002ebaf5cfee8: 0f1f 8400 | d831 0049 | 4889 6c24 | 284c 8b54 | 2420 4c89 | 5424 3044 | 8b54 2450 | 4489 5424 
  0x000002ebaf5cff08: 2048 8b5c | 2458 488b | 7c24 6044 | 8b5c 2468 | 4c8b 4424 | 7066 6690 | e94d e6ff | ff48 894c 
  0x000002ebaf5cff28: 2478 4c89 | 4424 7048 | 897c 2468 | 4c89 4c24 | 604c 8954 | 2458 448b | 9c24 9800 | 0000 4489 
  0x000002ebaf5cff48: 5c24 2448 | 895c 2450 | 4c8b 9424 | 9000 0000 | 4c89 5424 | 4848 8b6c 

  0x000002ebaf5cff60: ;   {metadata('java/security/cert/Certificate'[])}
  0x000002ebaf5cff60: 2428 48ba | 880d 0300 | 0100 0000 | 448b 4424 | 2066 6690 

  0x000002ebaf5cff74: ;   {runtime_call _new_array_Java}
  0x000002ebaf5cff74: c5f8 77e8 

  0x000002ebaf5cff78: ; ImmutableOopMap {rbp=Oop [36]=NarrowOop [48]=Oop [56]=Oop [72]=Oop [80]=Oop [88]=Oop [104]=Oop [112]=Oop [120]=Oop [144]=Oop }
                      ;*anewarray {reexecute=0 rethrow=0 return_oop=1}
                      ; - java.security.CodeSource::getCertificates@70
                      ; - java.lang.ClassLoader::checkCerts@34
                      ; - java.lang.ClassLoader::preDefineClass@113
                      ; - java.lang.ClassLoader::defineClass@4
                      ; - java.security.SecureClassLoader::defineClass@12
  0x000002ebaf5cff78: 04ee 98ff 

  0x000002ebaf5cff7c: ;   {other}
  0x000002ebaf5cff7c: 0f1f 8400 | 6c32 004a | e909 e8ff | ff4c 8954 | 2470 4889 | 7c24 2848 | 33d2 4a8d | 14da 6690 
  0x000002ebaf5cff9c: ;   {runtime_call _new_array_Java}
  0x000002ebaf5cff9c: c5f8 77e8 

  0x000002ebaf5cffa0: ; ImmutableOopMap {rbp=Oop [40]=Oop [48]=Oop [56]=Oop [72]=Oop [80]=Oop [88]=Oop [104]=Oop }
                      ;*invokevirtual clone {reexecute=1 rethrow=0 return_oop=1}
                      ; - (reexecute) java.security.CodeSource::getCertificates@86
                      ; - java.lang.ClassLoader::checkCerts@34
                      ; - java.lang.ClassLoader::preDefineClass@113
                      ; - java.lang.ClassLoader::defineClass@4
                      ; - java.security.SecureClassLoader::defineClass@12
  0x000002ebaf5cffa0: dced 98ff 

  0x000002ebaf5cffa4: ;   {other}
  0x000002ebaf5cffa4: 0f1f 8400 | 9432 004b | 488b 7c24 | 284c 8b54 | 2470 488b | f0e9 c3e8 | ffff ba45 | ffff ff4c 
  0x000002ebaf5cffc4: 8b5c 2448 | 4c89 5c24 | 384c 894c | 2440 4489 | 4424 504c | 896c 2458 | 4889 7c24 | 6044 8954 
  0x000002ebaf5cffe4: 2454 6690 

  0x000002ebaf5cffe8: ;   {runtime_call UncommonTrapBlob}
  0x000002ebaf5cffe8: c5f8 77e8 

  0x000002ebaf5cffec: ; ImmutableOopMap {rbp=NarrowOop [56]=Oop [64]=Oop [80]=NarrowOop [88]=Oop [96]=Oop [104]=Oop }
                      ;*ifnull {reexecute=1 rethrow=0 return_oop=0}
                      ; - (reexecute) java.util.concurrent.ConcurrentHashMap::get@143
                      ; - java.lang.ClassLoader::getNamedPackage@5
                      ; - java.lang.ClassLoader::postDefineClass@9
                      ; - java.lang.ClassLoader::defineClass@37
                      ; - java.security.SecureClassLoader::defineClass@12
  0x000002ebaf5cffec: 1043 8dff 

  0x000002ebaf5cfff0: ;   {other}
  0x000002ebaf5cfff0: 0f1f 8400 | e032 004c | 4889 7c24 | 3844 8944 | 2430 894c | 2424 498b 

  0x000002ebaf5d0008: ;   {metadata('java/util/ArrayList')}
  0x000002ebaf5d0008: e948 ba90 | 8105 0001 | 0000 0090 

  0x000002ebaf5d0014: ;   {runtime_call _new_instance_Java}
  0x000002ebaf5d0014: c5f8 77e8 

  0x000002ebaf5d0018: ; ImmutableOopMap {rbp=Oop [36]=NarrowOop [48]=NarrowOop [56]=Oop [104]=Oop }
                      ;*new {reexecute=0 rethrow=0 return_oop=1}
                      ; - java.security.CodeSource::getCertificates@25
                      ; - java.lang.ClassLoader::postDefineClass@24
                      ; - java.lang.ClassLoader::defineClass@37
                      ; - java.security.SecureClassLoader::defineClass@12
  0x000002ebaf5d0018: 64ea 98ff 

  0x000002ebaf5d001c: ;   {other}
  0x000002ebaf5d001c: 0f1f 8400 | 0c33 004d | 4c8b cd8b | 4c24 2444 | 8b44 2430 | 488b 7c24 | 38e9 5eeb | ffff 4889 
  0x000002ebaf5d003c: 5c24 4048 | 897c 2438 | 8be9 4c8b | 5424 684c | 8954 2430 | 4c89 4c24 

  0x000002ebaf5d0054: ;   {metadata('java/security/cert/Certificate'[])}
  0x000002ebaf5d0054: 2848 ba88 | 0d03 0001 | 0000 0044 | 8b44 2420 

  0x000002ebaf5d0064: ;   {runtime_call _new_array_Java}
  0x000002ebaf5d0064: c5f8 77e8 

  0x000002ebaf5d0068: ; ImmutableOopMap {rbp=NarrowOop [40]=Oop [48]=Oop [56]=Oop [64]=Oop [104]=Oop }
                      ;*anewarray {reexecute=0 rethrow=0 return_oop=1}
                      ; - java.security.CodeSource::getCertificates@70
                      ; - java.lang.ClassLoader::postDefineClass@24
                      ; - java.lang.ClassLoader::defineClass@37
                      ; - java.security.SecureClassLoader::defineClass@12
  0x000002ebaf5d0068: 14ed 98ff 

  0x000002ebaf5d006c: ;   {other}
  0x000002ebaf5d006c: 0f1f 8400 | 5c33 004e | e93a ecff | ff48 33d2 | 4a8d 14d2 

  0x000002ebaf5d0080: ;   {runtime_call _new_array_Java}
  0x000002ebaf5d0080: c5f8 77e8 

  0x000002ebaf5d0084: ; ImmutableOopMap {[40]=Oop [48]=Oop [64]=Oop }
                      ;*invokevirtual clone {reexecute=1 rethrow=0 return_oop=1}
                      ; - (reexecute) java.security.CodeSource::getCertificates@86
                      ; - java.lang.ClassLoader::postDefineClass@24
                      ; - java.lang.ClassLoader::defineClass@37
                      ; - java.security.SecureClassLoader::defineClass@12
  0x000002ebaf5d0084: f8ec 98ff 

  0x000002ebaf5d0088: ;   {other}
  0x000002ebaf5d0088: 0f1f 8400 | 7833 004f | e91f edff | ffba 76ff | ffff 488b | 6c24 284c | 8b5c 2438 | 4c89 5c24 
  0x000002ebaf5d00a8: 2844 8b5c | 2440 4489 | 5c24 3844 | 8b44 2444 | 4489 4424 | 3c48 897c | 2458 4489 | 5424 6044 
  0x000002ebaf5d00c8: 894c 2464 | 8944 2468 | 4889 5c24 | 7089 4c24 | 7866 6690 

  0x000002ebaf5d00dc: ;   {runtime_call UncommonTrapBlob}
  0x000002ebaf5d00dc: c5f8 77e8 

  0x000002ebaf5d00e0: ; ImmutableOopMap {rbp=Oop [40]=Oop [48]=Oop [88]=Oop [104]=NarrowOop [112]=Oop [144]=Oop }
                      ;*if_icmpge {reexecute=1 rethrow=0 return_oop=0}
                      ; - (reexecute) java.lang.ClassLoader::compareCerts@67
                      ; - java.lang.ClassLoader::checkCerts@80
                      ; - java.lang.ClassLoader::preDefineClass@113
                      ; - java.lang.ClassLoader::defineClass@4
                      ; - java.security.SecureClassLoader::defineClass@12
  0x000002ebaf5d00e0: 1c42 8dff 

  0x000002ebaf5d00e4: ;   {other}
  0x000002ebaf5d00e4: 0f1f 8400 | d433 0050 | ba76 ffff | ff48 8b6c | 2428 4c8b | 4c24 384c | 894c 2428 | 448b 4c24 
  0x000002ebaf5d0104: 4044 894c | 2438 8b4c | 2444 894c | 243c 4c8b | 4c24 704c | 895c 2450 | 4489 4424 | 5c44 8954 
  0x000002ebaf5d0124: 2460 4c89 | 4c24 6844 | 8b94 24a0 | 0000 0044 | 8954 2470 

  0x000002ebaf5d0138: ;   {runtime_call UncommonTrapBlob}
  0x000002ebaf5d0138: c5f8 77e8 

  0x000002ebaf5d013c: ; ImmutableOopMap {rbp=Oop [40]=Oop [48]=Oop [80]=Oop [96]=NarrowOop [104]=Oop [144]=Oop }
                      ;*if_icmpge {reexecute=1 rethrow=0 return_oop=0}
                      ; - (reexecute) java.lang.ClassLoader::compareCerts@152
                      ; - java.lang.ClassLoader::checkCerts@80
                      ; - java.lang.ClassLoader::preDefineClass@113
                      ; - java.lang.ClassLoader::defineClass@4
                      ; - java.security.SecureClassLoader::defineClass@12
  0x000002ebaf5d013c: c041 8dff 

  0x000002ebaf5d0140: ;   {other}
  0x000002ebaf5d0140: 0f1f 8400 | 3034 0051 | bae4 ffff | ff48 8b6c | 2428 4c8b | 5424 384c | 8954 2428 | 448b 4424 
  0x000002ebaf5d0160: 4044 8944 | 2438 448b | 5424 4444 | 8954 243c | 4889 5c24 | 4848 897c | 2450 4889 | 4c24 6844 
  0x000002ebaf5d0180: 895c 2470 | 4489 4c24 | 7466 6690 

  0x000002ebaf5d018c: ;   {runtime_call UncommonTrapBlob}
  0x000002ebaf5d018c: c5f8 77e8 

  0x000002ebaf5d0190: ; ImmutableOopMap {rbp=Oop [40]=Oop [48]=Oop [72]=Oop [80]=Oop [104]=Oop [112]=NarrowOop [144]=Oop [152]=NarrowOop }
                      ;*aaload {reexecute=0 rethrow=0 return_oop=0}
                      ; - java.security.CodeSource::getCertificates@50
                      ; - java.lang.ClassLoader::checkCerts@34
                      ; - java.lang.ClassLoader::preDefineClass@113
                      ; - java.lang.ClassLoader::defineClass@4
                      ; - java.security.SecureClassLoader::defineClass@12
  0x000002ebaf5d0190: 6c41 8dff 

  0x000002ebaf5d0194: ;   {other}
  0x000002ebaf5d0194: 0f1f 8400 | 8434 0052 | bae4 ffff | ff4c 894c | 2420 894c | 2430 4889 | 5c24 4044 | 8944 2448 
  0x000002ebaf5d01b4: 4489 5c24 | 4c66 6690 

  0x000002ebaf5d01bc: ;   {runtime_call UncommonTrapBlob}
  0x000002ebaf5d01bc: c5f8 77e8 

  0x000002ebaf5d01c0: ; ImmutableOopMap {[32]=Oop [48]=NarrowOop [64]=Oop [72]=NarrowOop [104]=Oop }
                      ;*aaload {reexecute=0 rethrow=0 return_oop=0}
                      ; - java.security.CodeSource::getCertificates@50
                      ; - java.lang.ClassLoader::postDefineClass@24
                      ; - java.lang.ClassLoader::defineClass@37
                      ; - java.security.SecureClassLoader::defineClass@12
  0x000002ebaf5d01c0: 3c41 8dff 

  0x000002ebaf5d01c4: ;   {other}
  0x000002ebaf5d01c4: 0f1f 8400 | b434 0053 | bac6 ffff | ff48 8b4c | 2448 4889 | 4c24 304c | 894c 2438 | 4489 4424 
  0x000002ebaf5d01e4: 4844 895c | 244c 4489 | 5424 504c | 896c 2458 

  0x000002ebaf5d01f4: ;   {runtime_call UncommonTrapBlob}
  0x000002ebaf5d01f4: c5f8 77e8 

  0x000002ebaf5d01f8: ; ImmutableOopMap {[48]=Oop [56]=Oop [72]=NarrowOop [76]=NarrowOop [88]=Oop [104]=Oop }
                      ;*invokevirtual find {reexecute=0 rethrow=0 return_oop=0}
                      ; - java.util.concurrent.ConcurrentHashMap::get@93
                      ; - java.lang.ClassLoader::getNamedPackage@5
                      ; - java.lang.ClassLoader::postDefineClass@9
                      ; - java.lang.ClassLoader::defineClass@37
                      ; - java.security.SecureClassLoader::defineClass@12
  0x000002ebaf5d01f8: 0441 8dff 

  0x000002ebaf5d01fc: ;   {other}
  0x000002ebaf5d01fc: 0f1f 8400 | ec34 0054 | ba76 ffff | ff48 8b6c | 2428 4c8b | 5c24 384c | 895c 2428 | 448b 5c24 
  0x000002ebaf5d021c: 4044 895c | 2438 448b | 4424 4444 | 8944 243c | 4889 5c24 | 4848 897c | 2458 4489 | 5424 6490 
  0x000002ebaf5d023c: ;   {runtime_call UncommonTrapBlob}
  0x000002ebaf5d023c: c5f8 77e8 

  0x000002ebaf5d0240: ; ImmutableOopMap {rbp=Oop [40]=Oop [48]=Oop [72]=Oop [88]=Oop [144]=Oop }
                      ;*if_icmpge {reexecute=1 rethrow=0 return_oop=0}
                      ; - (reexecute) java.lang.ClassLoader::compareCerts@40
                      ; - java.lang.ClassLoader::checkCerts@80
                      ; - java.lang.ClassLoader::preDefineClass@113
                      ; - java.lang.ClassLoader::defineClass@4
                      ; - java.security.SecureClassLoader::defineClass@12
  0x000002ebaf5d0240: bc40 8dff 

  0x000002ebaf5d0244: ;   {other}
  0x000002ebaf5d0244: 0f1f 8400 | 3435 0055 | 498b d7c5 | f877 49ba | b022 b5e1 | f87f 0000 

  0x000002ebaf5d025c: ;   {other}
  0x000002ebaf5d025c: 41ff d20f | 1f84 0000 | 0000 00e9 | 70e5 ffff | 498b d7c5 | f877 49ba | b022 b5e1 | f87f 0000 
  0x000002ebaf5d027c: ;   {other}
  0x000002ebaf5d027c: 41ff d20f | 1f84 0000 | 0000 00e9 | 6eea ffff | ba37 0100 | 0048 8beb | 4c8b 5424 | 384c 8954 
  0x000002ebaf5d029c: 2428 6690 

  0x000002ebaf5d02a0: ;   {runtime_call UncommonTrapBlob}
  0x000002ebaf5d02a0: c5f8 77e8 

  0x000002ebaf5d02a4: ; ImmutableOopMap {rbp=Oop [40]=Oop [48]=Oop }
                      ;*new {reexecute=0 rethrow=0 return_oop=0}
                      ; - java.lang.ClassLoader::preDefineClass@56
                      ; - java.lang.ClassLoader::defineClass@4
                      ; - java.security.SecureClassLoader::defineClass@12
  0x000002ebaf5d02a4: 5840 8dff 

  0x000002ebaf5d02a8: ;   {other}
  0x000002ebaf5d02a8: 0f1f 8400 | 9835 0056 | baf6 ffff | ff66 6690 

  0x000002ebaf5d02b8: ;   {runtime_call UncommonTrapBlob}
  0x000002ebaf5d02b8: c5f8 77e8 

  0x000002ebaf5d02bc: ; ImmutableOopMap {}
                      ;*invokevirtual clone {reexecute=1 rethrow=0 return_oop=0}
                      ; - (reexecute) java.security.CodeSource::getCertificates@86
                      ; - java.lang.ClassLoader::checkCerts@34
                      ; - java.lang.ClassLoader::preDefineClass@113
                      ; - java.lang.ClassLoader::defineClass@4
                      ; - java.security.SecureClassLoader::defineClass@12
  0x000002ebaf5d02bc: 4040 8dff 

  0x000002ebaf5d02c0: ;   {other}
  0x000002ebaf5d02c0: 0f1f 8400 | b035 0057 | baf6 ffff | ff66 6690 

  0x000002ebaf5d02d0: ;   {runtime_call UncommonTrapBlob}
  0x000002ebaf5d02d0: c5f8 77e8 

  0x000002ebaf5d02d4: ; ImmutableOopMap {}
                      ;*invokevirtual clone {reexecute=1 rethrow=0 return_oop=0}
                      ; - (reexecute) java.security.CodeSource::getCertificates@86
                      ; - java.lang.ClassLoader::postDefineClass@24
                      ; - java.lang.ClassLoader::defineClass@37
                      ; - java.security.SecureClassLoader::defineClass@12
  0x000002ebaf5d02d4: 2840 8dff 

  0x000002ebaf5d02d8: ;   {other}
  0x000002ebaf5d02d8: 0f1f 8400 | c835 0058 | bade ffff | ff48 8b6c | 2428 4c8b | 5424 304c | 8954 2420 | 4c8b 5424 
  0x000002ebaf5d02f8: 384c 8954 | 2428 4889 | 4424 3890 

  0x000002ebaf5d0304: ;   {runtime_call UncommonTrapBlob}
  0x000002ebaf5d0304: c5f8 77e8 

  0x000002ebaf5d0308: ; ImmutableOopMap {rbp=Oop [32]=Oop [40]=Oop [56]=Oop }
                      ;*checkcast {reexecute=0 rethrow=0 return_oop=0}
                      ; - java.security.SecureClassLoader::getProtectionDomain@33
                      ; - java.security.SecureClassLoader::defineClass@9
  0x000002ebaf5d0308: f43f 8dff 

  0x000002ebaf5d030c: ;   {other}
  0x000002ebaf5d030c: 0f1f 8400 | fc35 0059 | bade ffff | ff48 8b6c | 2428 4c8b | 5424 384c | 8954 2428 | 448b 5424 
  0x000002ebaf5d032c: 4044 8954 | 2438 448b | 5c24 4444 | 895c 243c | 4889 4424 | 5866 6690 

  0x000002ebaf5d0344: ;   {runtime_call UncommonTrapBlob}
  0x000002ebaf5d0344: c5f8 77e8 

  0x000002ebaf5d0348: ; ImmutableOopMap {rbp=Oop [40]=Oop [48]=Oop [72]=Oop [88]=Oop [96]=Oop [144]=Oop }
                      ;*checkcast {reexecute=0 rethrow=0 return_oop=0}
                      ; - java.lang.ClassLoader::checkCerts@65
                      ; - java.lang.ClassLoader::preDefineClass@113
                      ; - java.lang.ClassLoader::defineClass@4
                      ; - java.security.SecureClassLoader::defineClass@12
  0x000002ebaf5d0348: b43f 8dff 

  0x000002ebaf5d034c: ;   {other}
  0x000002ebaf5d034c: 0f1f 8400 | 3c36 005a | bade ffff | ff48 8944 | 2440 6690 

  0x000002ebaf5d0360: ;   {runtime_call UncommonTrapBlob}
  0x000002ebaf5d0360: c5f8 77e8 

  0x000002ebaf5d0364: ; ImmutableOopMap {rbp=NarrowOop [40]=Oop [48]=Oop [64]=Oop }
                      ;*checkcast {reexecute=0 rethrow=0 return_oop=0}
                      ; - java.security.CodeSource::getCertificates@76
                      ; - java.lang.ClassLoader::postDefineClass@24
                      ; - java.lang.ClassLoader::defineClass@37
                      ; - java.security.SecureClassLoader::defineClass@12
  0x000002ebaf5d0364: 983f 8dff 

  0x000002ebaf5d0368: ;   {other}
  0x000002ebaf5d0368: 0f1f 8400 | 5836 005b | bade ffff | ff44 8b5c | 2440 4489 | 5c24 2044 | 8b54 2444 | 4489 5424 
  0x000002ebaf5d0388: 4048 8944 | 2460 6690 

  0x000002ebaf5d0390: ;   {runtime_call UncommonTrapBlob}
  0x000002ebaf5d0390: c5f8 77e8 

  0x000002ebaf5d0394: ; ImmutableOopMap {rbp=Oop [36]=NarrowOop [48]=Oop [56]=Oop [72]=Oop [80]=Oop [96]=Oop [104]=Oop }
                      ;*checkcast {reexecute=0 rethrow=0 return_oop=0}
                      ; - java.security.CodeSource::getCertificates@76
                      ; - java.lang.ClassLoader::checkCerts@34
                      ; - java.lang.ClassLoader::preDefineClass@113
                      ; - java.lang.ClassLoader::defineClass@4
                      ; - java.security.SecureClassLoader::defineClass@12
  0x000002ebaf5d0394: 683f 8dff 

  0x000002ebaf5d0398: ;   {other}
  0x000002ebaf5d0398: 0f1f 8400 | 8836 005c | baf6 ffff | ff49 8be8 | 4c89 4c24 | 2066 6690 

  0x000002ebaf5d03b0: ;   {runtime_call UncommonTrapBlob}
  0x000002ebaf5d03b0: c5f8 77e8 

  0x000002ebaf5d03b4: ; ImmutableOopMap {rbp=Oop [32]=Oop }
                      ;*invokeinterface computeIfAbsent {reexecute=0 rethrow=0 return_oop=0}
                      ; - java.security.SecureClassLoader::getProtectionDomain@28
                      ; - java.security.SecureClassLoader::defineClass@9
  0x000002ebaf5d03b4: 483f 8dff 

  0x000002ebaf5d03b8: ;   {other}
  0x000002ebaf5d03b8: 0f1f 8400 | a836 005d | baf4 ffff | ff48 8b6c | 2428 4c8b | 5424 304c | 8954 2420 

  0x000002ebaf5d03d4: ;   {runtime_call UncommonTrapBlob}
  0x000002ebaf5d03d4: c5f8 77e8 

  0x000002ebaf5d03d8: ; ImmutableOopMap {rbp=Oop [32]=Oop [56]=Oop }
                      ;*checkcast {reexecute=0 rethrow=0 return_oop=0}
                      ; - java.security.SecureClassLoader::getProtectionDomain@33
                      ; - java.security.SecureClassLoader::defineClass@9
  0x000002ebaf5d03d8: 243f 8dff 

  0x000002ebaf5d03dc: ;   {other}
  0x000002ebaf5d03dc: 0f1f 8400 | cc36 005e | baf6 ffff | ff66 6690 

  0x000002ebaf5d03ec: ;   {runtime_call UncommonTrapBlob}
  0x000002ebaf5d03ec: c5f8 77e8 

  0x000002ebaf5d03f0: ; ImmutableOopMap {}
                      ;*arraylength {reexecute=0 rethrow=0 return_oop=0}
                      ; - java.lang.String::isEmpty@4
                      ; - java.lang.ClassLoader::checkName@5
                      ; - java.lang.ClassLoader::preDefineClass@1
                      ; - java.lang.ClassLoader::defineClass@4
                      ; - java.security.SecureClassLoader::defineClass@12
  0x000002ebaf5d03f0: 0c3f 8dff 

  0x000002ebaf5d03f4: ;   {other}
  0x000002ebaf5d03f4: 0f1f 8400 | e436 005f | baf6 ffff | ff66 6690 

  0x000002ebaf5d0404: ;   {runtime_call UncommonTrapBlob}
  0x000002ebaf5d0404: c5f8 77e8 

  0x000002ebaf5d0408: ; ImmutableOopMap {}
                      ;*invokevirtual getPackageName {reexecute=0 rethrow=0 return_oop=0}
                      ; - java.lang.ClassLoader::postDefineClass@2
                      ; - java.lang.ClassLoader::defineClass@37
                      ; - java.security.SecureClassLoader::defineClass@12
  0x000002ebaf5d0408: f43e 8dff 

  0x000002ebaf5d040c: ;   {other}
  0x000002ebaf5d040c: 0f1f 8400 | fc36 0060 | baf6 ffff | ff66 6690 

  0x000002ebaf5d041c: ;   {runtime_call UncommonTrapBlob}
  0x000002ebaf5d041c: c5f8 77e8 

  0x000002ebaf5d0420: ; ImmutableOopMap {}
                      ;*invokevirtual hashCode {reexecute=0 rethrow=0 return_oop=0}
                      ; - java.util.concurrent.ConcurrentHashMap::get@1
                      ; - java.lang.ClassLoader::getNamedPackage@5
                      ; - java.lang.ClassLoader::postDefineClass@9
                      ; - java.lang.ClassLoader::defineClass@37
                      ; - java.security.SecureClassLoader::defineClass@12
  0x000002ebaf5d0420: dc3e 8dff 

  0x000002ebaf5d0424: ;   {other}
  0x000002ebaf5d0424: 0f1f 8400 | 1437 0061 | 4d85 d244 | 8b5c 2420 | 410f 94c3 | ba45 ffff | ff48 8944 | 2430 4889 
  0x000002ebaf5d0444: 4424 4044 | 895c 2448 

  0x000002ebaf5d044c: ;   {runtime_call UncommonTrapBlob}
  0x000002ebaf5d044c: c5f8 77e8 

  0x000002ebaf5d0450: ; ImmutableOopMap {[40]=Oop [48]=Oop [64]=Oop [144]=Oop }
                      ;*ifeq {reexecute=1 rethrow=0 return_oop=0}
                      ; - (reexecute) java.lang.Class::getPackageName@29
                      ; - java.lang.ClassLoader::postDefineClass@2
                      ; - java.lang.ClassLoader::defineClass@37
                      ; - java.security.SecureClassLoader::defineClass@12
  0x000002ebaf5d0450: ac3e 8dff 

  0x000002ebaf5d0454: ;   {other}
  0x000002ebaf5d0454: 0f1f 8400 | 4437 0062 | baf6 ffff | ff66 6690 

  0x000002ebaf5d0464: ;   {runtime_call UncommonTrapBlob}
  0x000002ebaf5d0464: c5f8 77e8 

  0x000002ebaf5d0468: ; ImmutableOopMap {}
                      ;*arraylength {reexecute=0 rethrow=0 return_oop=0}
                      ; - java.lang.String::length@4
                      ; - java.lang.String::lastIndexOf@3
                      ; - java.lang.Class::getPackageName@47
                      ; - java.lang.ClassLoader::postDefineClass@2
                      ; - java.lang.ClassLoader::defineClass@37
                      ; - java.security.SecureClassLoader::defineClass@12
  0x000002ebaf5d0468: 943e 8dff 

  0x000002ebaf5d046c: ;   {other}
  0x000002ebaf5d046c: 0f1f 8400 | 5c37 0063 | ba45 ffff | ff48 8b6c | 2428 4c8b | 5424 304c | 8954 2420 

  0x000002ebaf5d0488: ;   {runtime_call UncommonTrapBlob}
  0x000002ebaf5d0488: c5f8 77e8 

  0x000002ebaf5d048c: ; ImmutableOopMap {rbp=Oop [32]=Oop [56]=Oop [144]=Oop }
                      ;*ifnull {reexecute=1 rethrow=0 return_oop=0}
                      ; - (reexecute) java.lang.ClassLoader::checkName@1
                      ; - java.lang.ClassLoader::preDefineClass@1
                      ; - java.lang.ClassLoader::defineClass@4
                      ; - java.security.SecureClassLoader::defineClass@12
  0x000002ebaf5d048c: 703e 8dff 

  0x000002ebaf5d0490: ;   {other}
  0x000002ebaf5d0490: 0f1f 8400 | 8037 0064 | ba45 ffff | ff48 8b6c | 2428 4c8b | 5424 384c | 8954 2428 | 448b 5424 
  0x000002ebaf5d04b0: 4044 8954 | 2438 448b | 5c24 4444 | 895c 243c | 4889 5c24 | 4848 897c | 2458 6690 

  0x000002ebaf5d04cc: ;   {runtime_call UncommonTrapBlob}
  0x000002ebaf5d04cc: c5f8 77e8 

  0x000002ebaf5d04d0: ; ImmutableOopMap {rbp=Oop [40]=Oop [48]=Oop [72]=Oop [88]=Oop [144]=Oop [152]=NarrowOop }
                      ;*ifnull {reexecute=1 rethrow=0 return_oop=0}
                      ; - (reexecute) java.lang.ClassLoader::checkCerts@30
                      ; - java.lang.ClassLoader::preDefineClass@113
                      ; - java.lang.ClassLoader::defineClass@4
                      ; - java.security.SecureClassLoader::defineClass@12
  0x000002ebaf5d04d0: 2c3e 8dff 

  0x000002ebaf5d04d4: ;   {other}
  0x000002ebaf5d04d4: 0f1f 8400 | c437 0065 | ba45 ffff | ff48 8b6c | 2428 4c8b | 5c24 304c | 895c 2420 | 4c8b 5c24 
  0x000002ebaf5d04f4: 384c 895c | 2428 448b | 5c24 4044 | 895c 2430 | 448b 4424 | 4444 8944 | 2434 4489 | 5424 4490 
  0x000002ebaf5d0514: ;   {runtime_call UncommonTrapBlob}
  0x000002ebaf5d0514: c5f8 77e8 

  0x000002ebaf5d0518: ; ImmutableOopMap {rbp=Oop [32]=Oop [40]=Oop [68]=NarrowOop [144]=Oop }
                      ;*ifnull {reexecute=1 rethrow=0 return_oop=0}
                      ; - (reexecute) java.lang.ClassLoader::defineClassSourceLocation@8
                      ; - java.lang.ClassLoader::defineClass@12
                      ; - java.security.SecureClassLoader::defineClass@12
  0x000002ebaf5d0518: e43d 8dff 

  0x000002ebaf5d051c: ;   {other}
  0x000002ebaf5d051c: 0f1f 8400 | 0c38 0066 | ba45 ffff | ff4c 8b54 | 2428 4c89 | 5424 204c | 8b54 2430 | 4c89 5424 
  0x000002ebaf5d053c: 284c 8b54 | 2438 4c89 | 5424 3044 | 8b54 2440 | 4489 5424 | 3844 8b5c | 2444 4489 | 5c24 3c90 
  0x000002ebaf5d055c: ;   {runtime_call UncommonTrapBlob}
  0x000002ebaf5d055c: c5f8 77e8 

  0x000002ebaf5d0560: ; ImmutableOopMap {rbp=NarrowOop [32]=Oop [40]=Oop [48]=Oop [144]=Oop }
                      ;*ifnull {reexecute=1 rethrow=0 return_oop=0}
                      ; - (reexecute) java.lang.ClassLoader::defineClassSourceLocation@15
                      ; - java.lang.ClassLoader::defineClass@12
                      ; - java.security.SecureClassLoader::defineClass@12
  0x000002ebaf5d0560: 9c3d 8dff 

  0x000002ebaf5d0564: ;   {other}
  0x000002ebaf5d0564: 0f1f 8400 | 5438 0067 | ba45 ffff | ff89 4c24 | 2066 6690 

  0x000002ebaf5d0578: ;   {runtime_call UncommonTrapBlob}
  0x000002ebaf5d0578: c5f8 77e8 

  0x000002ebaf5d057c: ; ImmutableOopMap {[32]=NarrowOop [104]=Oop }
                      ;*ifnull {reexecute=1 rethrow=0 return_oop=0}
                      ; - (reexecute) java.lang.ClassLoader::postDefineClass@17
                      ; - java.lang.ClassLoader::defineClass@37
                      ; - java.security.SecureClassLoader::defineClass@12
  0x000002ebaf5d057c: 803d 8dff 

  0x000002ebaf5d0580: ;   {other}
  0x000002ebaf5d0580: 0f1f 8400 | 7038 0068 | ba45 ffff | ff48 8b4c | 2448 4889 | 4c24 384c | 894c 2440 | 4489 4424 
  0x000002ebaf5d05a0: 504c 896c | 2458 4489 | 5c24 5444 | 8954 2460 

  0x000002ebaf5d05b0: ;   {runtime_call UncommonTrapBlob}
  0x000002ebaf5d05b0: c5f8 77e8 

  0x000002ebaf5d05b4: ; ImmutableOopMap {rbp=NarrowOop [56]=Oop [64]=Oop [80]=NarrowOop [84]=NarrowOop [88]=Oop [104]=Oop }
                      ;*ifnull {reexecute=1 rethrow=0 return_oop=0}
                      ; - (reexecute) java.util.concurrent.ConcurrentHashMap::get@67
                      ; - java.lang.ClassLoader::getNamedPackage@5
                      ; - java.lang.ClassLoader::postDefineClass@9
                      ; - java.lang.ClassLoader::defineClass@37
                      ; - java.security.SecureClassLoader::defineClass@12
  0x000002ebaf5d05b4: 483d 8dff 

  0x000002ebaf5d05b8: ;   {other}
  0x000002ebaf5d05b8: 0f1f 8400 | a838 0069 | baf6 ffff | ff41 8be9 

  0x000002ebaf5d05c8: ;   {runtime_call UncommonTrapBlob}
  0x000002ebaf5d05c8: c5f8 77e8 

  0x000002ebaf5d05cc: ; ImmutableOopMap {}
                      ;*aaload {reexecute=0 rethrow=0 return_oop=0}
                      ; - java.security.CodeSource::getCertificates@50
                      ; - java.lang.ClassLoader::checkCerts@34
                      ; - java.lang.ClassLoader::preDefineClass@113
                      ; - java.lang.ClassLoader::defineClass@4
                      ; - java.security.SecureClassLoader::defineClass@12
  0x000002ebaf5d05cc: 303d 8dff 

  0x000002ebaf5d05d0: ;   {other}
  0x000002ebaf5d05d0: 0f1f 8400 | c038 006a | baf6 ffff | ff66 6690 

  0x000002ebaf5d05e0: ;   {runtime_call UncommonTrapBlob}
  0x000002ebaf5d05e0: c5f8 77e8 

  0x000002ebaf5d05e4: ; ImmutableOopMap {}
                      ;*invokevirtual getSignerCertPath {reexecute=0 rethrow=0 return_oop=0}
                      ; - java.security.CodeSource::getCertificates@51
                      ; - java.lang.ClassLoader::checkCerts@34
                      ; - java.lang.ClassLoader::preDefineClass@113
                      ; - java.lang.ClassLoader::defineClass@4
                      ; - java.security.SecureClassLoader::defineClass@12
  0x000002ebaf5d05e4: 183d 8dff 

  0x000002ebaf5d05e8: ;   {other}
  0x000002ebaf5d05e8: 0f1f 8400 | d838 006b | baf6 ffff | ff66 6690 

  0x000002ebaf5d05f8: ;   {runtime_call UncommonTrapBlob}
  0x000002ebaf5d05f8: c5f8 77e8 

  0x000002ebaf5d05fc: ; ImmutableOopMap {}
                      ;*invokevirtual getCertificates {reexecute=0 rethrow=0 return_oop=0}
                      ; - java.security.CodeSource::getCertificates@54
                      ; - java.lang.ClassLoader::checkCerts@34
                      ; - java.lang.ClassLoader::preDefineClass@113
                      ; - java.lang.ClassLoader::defineClass@4
                      ; - java.security.SecureClassLoader::defineClass@12
  0x000002ebaf5d05fc: 003d 8dff 

  0x000002ebaf5d0600: ;   {other}
  0x000002ebaf5d0600: 0f1f 8400 | f038 006c | baf6 ffff | ff66 6690 

  0x000002ebaf5d0610: ;   {runtime_call UncommonTrapBlob}
  0x000002ebaf5d0610: c5f8 77e8 

  0x000002ebaf5d0614: ; ImmutableOopMap {}
                      ;*arraylength {reexecute=0 rethrow=0 return_oop=0}
                      ; - java.security.CodeSource::getCertificates@40
                      ; - java.lang.ClassLoader::checkCerts@34
                      ; - java.lang.ClassLoader::preDefineClass@113
                      ; - java.lang.ClassLoader::defineClass@4
                      ; - java.security.SecureClassLoader::defineClass@12
  0x000002ebaf5d0614: e83c 8dff 

  0x000002ebaf5d0618: ;   {other}
  0x000002ebaf5d0618: 0f1f 8400 | 0839 006d | baf6 ffff | ff41 8beb 

  0x000002ebaf5d0628: ;   {runtime_call UncommonTrapBlob}
  0x000002ebaf5d0628: c5f8 77e8 

  0x000002ebaf5d062c: ; ImmutableOopMap {}
                      ;*aaload {reexecute=0 rethrow=0 return_oop=0}
                      ; - java.security.CodeSource::getCertificates@50
                      ; - java.lang.ClassLoader::postDefineClass@24
                      ; - java.lang.ClassLoader::defineClass@37
                      ; - java.security.SecureClassLoader::defineClass@12
  0x000002ebaf5d062c: d03c 8dff 

  0x000002ebaf5d0630: ;   {other}
  0x000002ebaf5d0630: 0f1f 8400 | 2039 006e | baf6 ffff | ff66 6690 

  0x000002ebaf5d0640: ;   {runtime_call UncommonTrapBlob}
  0x000002ebaf5d0640: c5f8 77e8 

  0x000002ebaf5d0644: ; ImmutableOopMap {}
                      ;*invokevirtual getSignerCertPath {reexecute=0 rethrow=0 return_oop=0}
                      ; - java.security.CodeSource::getCertificates@51
                      ; - java.lang.ClassLoader::postDefineClass@24
                      ; - java.lang.ClassLoader::defineClass@37
                      ; - java.security.SecureClassLoader::defineClass@12
  0x000002ebaf5d0644: b83c 8dff 

  0x000002ebaf5d0648: ;   {other}
  0x000002ebaf5d0648: 0f1f 8400 | 3839 006f | baf6 ffff | ff66 6690 

  0x000002ebaf5d0658: ;   {runtime_call UncommonTrapBlob}
  0x000002ebaf5d0658: c5f8 77e8 

  0x000002ebaf5d065c: ; ImmutableOopMap {}
                      ;*invokevirtual getCertificates {reexecute=0 rethrow=0 return_oop=0}
                      ; - java.security.CodeSource::getCertificates@54
                      ; - java.lang.ClassLoader::postDefineClass@24
                      ; - java.lang.ClassLoader::defineClass@37
                      ; - java.security.SecureClassLoader::defineClass@12
  0x000002ebaf5d065c: a03c 8dff 

  0x000002ebaf5d0660: ;   {other}
  0x000002ebaf5d0660: 0f1f 8400 | 5039 0070 | baf6 ffff | ff66 6690 

  0x000002ebaf5d0670: ;   {runtime_call UncommonTrapBlob}
  0x000002ebaf5d0670: c5f8 77e8 

  0x000002ebaf5d0674: ; ImmutableOopMap {}
                      ;*arraylength {reexecute=0 rethrow=0 return_oop=0}
                      ; - java.security.CodeSource::getCertificates@40
                      ; - java.lang.ClassLoader::postDefineClass@24
                      ; - java.lang.ClassLoader::defineClass@37
                      ; - java.security.SecureClassLoader::defineClass@12
  0x000002ebaf5d0674: 883c 8dff 

  0x000002ebaf5d0678: ;   {other}
  0x000002ebaf5d0678: 0f1f 8400 | 6839 0071 | ba97 ffff | ff4c 8b54 | 2468 4c89 | 5424 584c | 8b54 2470 | 4c89 5424 
  0x000002ebaf5d0698: 6866 6690 

  0x000002ebaf5d069c: ;   {runtime_call UncommonTrapBlob}
  0x000002ebaf5d069c: c5f8 77e8 

  0x000002ebaf5d06a0: ; ImmutableOopMap {rbp=NarrowOop [32]=Oop [48]=Oop [56]=Oop [72]=Oop [84]=NarrowOop [88]=Oop [104]=Oop [112]=Oop }
                      ;*invokevirtual clone {reexecute=1 rethrow=0 return_oop=0}
                      ; - (reexecute) java.util.Arrays::copyOfRange@18
                      ; - java.lang.StringLatin1::newString@16
                      ; - java.lang.String::substring@41
                      ; - java.lang.ClassLoader::checkCerts@21
                      ; - java.lang.ClassLoader::preDefineClass@113
                      ; - java.lang.ClassLoader::defineClass@4
                      ; - java.security.SecureClassLoader::defineClass@12
  0x000002ebaf5d06a0: 5c3c 8dff 

  0x000002ebaf5d06a4: ;   {other}
  0x000002ebaf5d06a4: 0f1f 8400 | 9439 0072 | baf4 ffff | ff44 8b5c | 2440 4489 | 5c24 2044 | 8b54 2444 | 4489 5424 
  0x000002ebaf5d06c4: 4066 6690 

  0x000002ebaf5d06c8: ;   {runtime_call UncommonTrapBlob}
  0x000002ebaf5d06c8: c5f8 77e8 

  0x000002ebaf5d06cc: ; ImmutableOopMap {rbp=Oop [36]=NarrowOop [48]=Oop [56]=Oop [72]=Oop [80]=Oop [104]=Oop }
                      ;*checkcast {reexecute=0 rethrow=0 return_oop=0}
                      ; - java.security.CodeSource::getCertificates@76
                      ; - java.lang.ClassLoader::checkCerts@34
                      ; - java.lang.ClassLoader::preDefineClass@113
                      ; - java.lang.ClassLoader::defineClass@4
                      ; - java.security.SecureClassLoader::defineClass@12
  0x000002ebaf5d06cc: 303c 8dff 

  0x000002ebaf5d06d0: ;   {other}
  0x000002ebaf5d06d0: 0f1f 8400 | c039 0073 | ba97 ffff | ff66 6690 

  0x000002ebaf5d06e0: ;   {runtime_call UncommonTrapBlob}
  0x000002ebaf5d06e0: c5f8 77e8 

  0x000002ebaf5d06e4: ; ImmutableOopMap {rbp=NarrowOop [40]=Oop [48]=Oop [56]=Oop [72]=Oop }
                      ;*invokevirtual clone {reexecute=1 rethrow=0 return_oop=0}
                      ; - (reexecute) java.util.Arrays::copyOfRange@18
                      ; - java.lang.StringLatin1::newString@16
                      ; - java.lang.String::substring@41
                      ; - java.lang.Class::getPackageName@62
                      ; - java.lang.ClassLoader::postDefineClass@2
                      ; - java.lang.ClassLoader::defineClass@37
                      ; - java.security.SecureClassLoader::defineClass@12
  0x000002ebaf5d06e4: 183c 8dff 

  0x000002ebaf5d06e8: ;   {other}
  0x000002ebaf5d06e8: 0f1f 8400 | d839 0074 | baf4 ffff | ff66 6690 

  0x000002ebaf5d06f8: ;   {runtime_call UncommonTrapBlob}
  0x000002ebaf5d06f8: c5f8 77e8 

  0x000002ebaf5d06fc: ; ImmutableOopMap {rbp=NarrowOop [40]=Oop [48]=Oop }
                      ;*checkcast {reexecute=0 rethrow=0 return_oop=0}
                      ; - java.security.CodeSource::getCertificates@76
                      ; - java.lang.ClassLoader::postDefineClass@24
                      ; - java.lang.ClassLoader::defineClass@37
                      ; - java.security.SecureClassLoader::defineClass@12
  0x000002ebaf5d06fc: 003c 8dff 

  0x000002ebaf5d0700: ;   {other}
  0x000002ebaf5d0700: 0f1f 8400 | f039 0075 | ba97 ffff | ff48 8b6c | 2420 4c8b | 5424 384c | 8954 2428 | 448b 5c24 
  0x000002ebaf5d0720: 4044 895c | 2438 448b | 5424 4444 | 8954 243c | 4c8b 5424 | 584c 8954 | 2448 6690 

  0x000002ebaf5d073c: ;   {runtime_call UncommonTrapBlob}
  0x000002ebaf5d073c: c5f8 77e8 

  0x000002ebaf5d0740: ; ImmutableOopMap {rbp=Oop [40]=Oop [48]=Oop [72]=Oop [84]=NarrowOop [96]=Oop [144]=Oop }
                      ;*invokevirtual clone {reexecute=1 rethrow=0 return_oop=0}
                      ; - (reexecute) java.security.CodeSource::getCertificates@11
                      ; - java.lang.ClassLoader::checkCerts@34
                      ; - java.lang.ClassLoader::preDefineClass@113
                      ; - java.lang.ClassLoader::defineClass@4
                      ; - java.security.SecureClassLoader::defineClass@12
  0x000002ebaf5d0740: bc3b 8dff 

  0x000002ebaf5d0744: ;   {other}
  0x000002ebaf5d0744: 0f1f 8400 | 343a 0076 | ba97 ffff | ff66 6690 

  0x000002ebaf5d0754: ;   {runtime_call UncommonTrapBlob}
  0x000002ebaf5d0754: c5f8 77e8 

  0x000002ebaf5d0758: ; ImmutableOopMap {[32]=Oop [48]=NarrowOop [104]=Oop }
                      ;*invokevirtual clone {reexecute=1 rethrow=0 return_oop=0}
                      ; - (reexecute) java.security.CodeSource::getCertificates@11
                      ; - java.lang.ClassLoader::postDefineClass@24
                      ; - java.lang.ClassLoader::defineClass@37
                      ; - java.security.SecureClassLoader::defineClass@12
  0x000002ebaf5d0758: a43b 8dff 

  0x000002ebaf5d075c: ;   {other}
  0x000002ebaf5d075c: 0f1f 8400 | 4c3a 0077 | ba97 ffff | ff66 6690 

  0x000002ebaf5d076c: ;   {runtime_call UncommonTrapBlob}
  0x000002ebaf5d076c: c5f8 77e8 

  0x000002ebaf5d0770: ; ImmutableOopMap {rbp=Oop [40]=Oop [48]=Oop [56]=Oop [72]=Oop [80]=Oop [104]=Oop }
                      ;*invokevirtual clone {reexecute=1 rethrow=0 return_oop=0}
                      ; - (reexecute) java.security.CodeSource::getCertificates@86
                      ; - java.lang.ClassLoader::checkCerts@34
                      ; - java.lang.ClassLoader::preDefineClass@113
                      ; - java.lang.ClassLoader::defineClass@4
                      ; - java.security.SecureClassLoader::defineClass@12
  0x000002ebaf5d0770: 8c3b 8dff 

  0x000002ebaf5d0774: ;   {other}
  0x000002ebaf5d0774: 0f1f 8400 | 643a 0078 | ba97 ffff | ff48 8b6c | 2430 4c8b | 5424 284c | 8954 2420 

  0x000002ebaf5d0790: ;   {runtime_call UncommonTrapBlob}
  0x000002ebaf5d0790: c5f8 77e8 

  0x000002ebaf5d0794: ; ImmutableOopMap {rbp=Oop [32]=Oop [64]=Oop }
                      ;*invokevirtual clone {reexecute=1 rethrow=0 return_oop=0}
                      ; - (reexecute) java.security.CodeSource::getCertificates@86
                      ; - java.lang.ClassLoader::postDefineClass@24
                      ; - java.lang.ClassLoader::defineClass@37
                      ; - java.security.SecureClassLoader::defineClass@12
  0x000002ebaf5d0794: 683b 8dff 

  0x000002ebaf5d0798: ;   {other}
  0x000002ebaf5d0798: 0f1f 8400 | 883a 0079 | e98f 0000 | 00e9 8a00 | 0000 e985 | 0000 00e9 | 8000 0000 | e97b 0000 
  0x000002ebaf5d07b8: 00e9 7600 | 0000 6690 | e96f 0000 | 00e9 6a00 | 0000 e965 | 0000 00e9 | 6000 0000 | e956 0000 
  0x000002ebaf5d07d8: 00e9 5100 | 0000 6690 | e94f 0000 | 00e9 4a00 | 0000 e945 | 0000 00e9 | 4000 0000 | e93b 0000 
  0x000002ebaf5d07f8: 00e9 3600 | 0000 6690 | e92f 0000 | 00e9 2a00 | 0000 e925 | 0000 00e9 | 2000 0000 | e91b 0000 
  0x000002ebaf5d0818: 00e9 1600 | 0000 6690 | e90f 0000 | 00eb 0deb | 0beb 09eb | 07eb 0548 | 8bd0 eb03 | 488b d0c5 
  0x000002ebaf5d0838: f877 4881 | c4d0 0000 

  0x000002ebaf5d0840: ;   {runtime_call _rethrow_Java}
  0x000002ebaf5d0840: 005d e939 

  0x000002ebaf5d0844: ;   {internal_word}
  0x000002ebaf5d0844: 3899 ff49 | baca e05c | afeb 0200 | 004d 8997 | 6004 0000 

  0x000002ebaf5d0858: ;   {runtime_call SafepointBlob}
  0x000002ebaf5d0858: e9a3 4b8d 

  0x000002ebaf5d085c: ;   {runtime_call StubRoutines (final stubs)}
  0x000002ebaf5d085c: ffe8 9eae | 8bff e9d7 | c9ff fff4 
[Stub Code]
  0x000002ebaf5d0868: ;   {no_reloc}
  0x000002ebaf5d0868: 48bb 0000 | 0000 0000 

  0x000002ebaf5d0870: ;   {runtime_call nmethod}
  0x000002ebaf5d0870: 0000 e9fb 

  0x000002ebaf5d0874: ;   {static_stub}
  0x000002ebaf5d0874: ffff ff48 | bb00 0000 | 0000 0000 

  0x000002ebaf5d0880: ;   {runtime_call nmethod}
  0x000002ebaf5d0880: 00e9 fbff 

  0x000002ebaf5d0884: ;   {static_stub}
  0x000002ebaf5d0884: ffff 48bb | 0000 0000 | 0000 0000 

  0x000002ebaf5d0890: ;   {runtime_call nmethod}
  0x000002ebaf5d0890: e9fb ffff 

  0x000002ebaf5d0894: ;   {static_stub}
  0x000002ebaf5d0894: ff48 bb00 | 0000 0000 

  0x000002ebaf5d089c: ;   {runtime_call nmethod}
  0x000002ebaf5d089c: 0000 00e9 | fbff ffff 

  0x000002ebaf5d08a4: ;   {static_stub}
  0x000002ebaf5d08a4: 48bb 0000 | 0000 0000 

  0x000002ebaf5d08ac: ;   {runtime_call nmethod}
  0x000002ebaf5d08ac: 0000 e9fb 

  0x000002ebaf5d08b0: ;   {static_stub}
  0x000002ebaf5d08b0: ffff ff48 | bb00 0000 | 0000 0000 

  0x000002ebaf5d08bc: ;   {runtime_call nmethod}
  0x000002ebaf5d08bc: 00e9 fbff 

  0x000002ebaf5d08c0: ;   {static_stub}
  0x000002ebaf5d08c0: ffff 48bb | 0000 0000 | 0000 0000 

  0x000002ebaf5d08cc: ;   {runtime_call nmethod}
  0x000002ebaf5d08cc: e9fb ffff 

  0x000002ebaf5d08d0: ;   {static_stub}
  0x000002ebaf5d08d0: ff48 bb00 | 0000 0000 

  0x000002ebaf5d08d8: ;   {runtime_call nmethod}
  0x000002ebaf5d08d8: 0000 00e9 | fbff ffff 

  0x000002ebaf5d08e0: ;   {static_stub}
  0x000002ebaf5d08e0: 48bb 0000 | 0000 0000 

  0x000002ebaf5d08e8: ;   {runtime_call nmethod}
  0x000002ebaf5d08e8: 0000 e9fb 

  0x000002ebaf5d08ec: ;   {static_stub}
  0x000002ebaf5d08ec: ffff ff48 | bb00 0000 | 0000 0000 

  0x000002ebaf5d08f8: ;   {runtime_call nmethod}
  0x000002ebaf5d08f8: 00e9 fbff 

  0x000002ebaf5d08fc: ;   {static_stub}
  0x000002ebaf5d08fc: ffff 48bb | 0000 0000 | 0000 0000 

  0x000002ebaf5d0908: ;   {runtime_call nmethod}
  0x000002ebaf5d0908: e9fb ffff 

  0x000002ebaf5d090c: ;   {static_stub}
  0x000002ebaf5d090c: ff48 bb00 | 0000 0000 

  0x000002ebaf5d0914: ;   {runtime_call nmethod}
  0x000002ebaf5d0914: 0000 00e9 | fbff ffff 

  0x000002ebaf5d091c: ;   {static_stub}
  0x000002ebaf5d091c: 48bb 0000 | 0000 0000 

  0x000002ebaf5d0924: ;   {runtime_call nmethod}
  0x000002ebaf5d0924: 0000 e9fb 

  0x000002ebaf5d0928: ;   {static_stub}
  0x000002ebaf5d0928: ffff ff48 | bb00 0000 | 0000 0000 

  0x000002ebaf5d0934: ;   {runtime_call nmethod}
  0x000002ebaf5d0934: 00e9 fbff 

  0x000002ebaf5d0938: ;   {static_stub}
  0x000002ebaf5d0938: ffff 48bb | 0000 0000 | 0000 0000 

  0x000002ebaf5d0944: ;   {runtime_call nmethod}
  0x000002ebaf5d0944: e9fb ffff 

  0x000002ebaf5d0948: ;   {static_stub}
  0x000002ebaf5d0948: ff48 bb00 | 0000 0000 

  0x000002ebaf5d0950: ;   {runtime_call nmethod}
  0x000002ebaf5d0950: 0000 00e9 | fbff ffff 

  0x000002ebaf5d0958: ;   {static_stub}
  0x000002ebaf5d0958: 48bb 0000 | 0000 0000 

  0x000002ebaf5d0960: ;   {runtime_call nmethod}
  0x000002ebaf5d0960: 0000 e9fb 

  0x000002ebaf5d0964: ;   {static_stub}
  0x000002ebaf5d0964: ffff ff48 | bb00 0000 | 0000 0000 

  0x000002ebaf5d0970: ;   {runtime_call nmethod}
  0x000002ebaf5d0970: 00e9 fbff 

  0x000002ebaf5d0974: ;   {static_stub}
  0x000002ebaf5d0974: ffff 48bb | 0000 0000 | 0000 0000 

  0x000002ebaf5d0980: ;   {runtime_call nmethod}
  0x000002ebaf5d0980: e9fb ffff 

  0x000002ebaf5d0984: ;   {static_stub}
  0x000002ebaf5d0984: ff48 bb00 | 0000 0000 

  0x000002ebaf5d098c: ;   {runtime_call nmethod}
  0x000002ebaf5d098c: 0000 00e9 | fbff ffff 
[Exception Handler]
  0x000002ebaf5d0994: ;   {runtime_call ExceptionBlob}
  0x000002ebaf5d0994: e9e7 a798 | ffe8 0000 | 0000 4883 

  0x000002ebaf5d09a0: ;   {runtime_call DeoptimizationBlob}
  0x000002ebaf5d09a0: 2c24 05e9 | f83c 8dff 
[/MachCode]


Compiled method (c1) 11260 3742   !   3       java.net.URLClassLoader::defineClass (224 bytes)
 total in heap  [0x000002eba7946a10,0x000002eba79492f0] = 10464
 relocation     [0x000002eba7946b70,0x000002eba7946e30] = 704
 main code      [0x000002eba7946e40,0x000002eba79487b8] = 6520
 stub code      [0x000002eba79487b8,0x000002eba7948958] = 416
 oops           [0x000002eba7948958,0x000002eba7948960] = 8
 metadata       [0x000002eba7948960,0x000002eba79489f8] = 152
 scopes data    [0x000002eba79489f8,0x000002eba7948ec0] = 1224
 scopes pcs     [0x000002eba7948ec0,0x000002eba7949240] = 896
 dependencies   [0x000002eba7949240,0x000002eba7949270] = 48
 handler table  [0x000002eba7949270,0x000002eba79492b8] = 72
 nul chk table  [0x000002eba79492b8,0x000002eba79492f0] = 56

[Constant Pool (empty)]

[MachCode]
[Entry Point]
  # {method} {0x000002ebbd0f9f60} 'defineClass' '(Ljava/lang/String;Ljdk/internal/loader/Resource;)Ljava/lang/Class;' in 'java/net/URLClassLoader'
  # this:     rdx:rdx   = 'java/net/URLClassLoader'
  # parm0:    r8:r8     = 'java/lang/String'
  # parm1:    r9:r9     = 'jdk/internal/loader/Resource'
  #           [sp+0x150]  (sp of caller)
  0x000002eba7946e40: 448b 5208 | 49c1 e203 

  0x000002eba7946e48: ;   {runtime_call ic_miss_stub}
  0x000002eba7946e48: 4c3b d00f | 852f 7955 | 0766 6666 | 0f1f 8400 | 0000 0000 | 6666 6690 
[Verified Entry Point]
  0x000002eba7946e60: 8984 2400 | 80ff ff55 | 4881 ec40 | 0100 0090 | 4181 7f20 | 0b00 0000 

  0x000002eba7946e78: ;   {runtime_call StubRoutines (final stubs)}
  0x000002eba7946e78: 7405 e881 | 4854 0748 | 8994 24b8 | 0000 004c | 8984 24a8 | 0000 004c | 898c 24b0 

  0x000002eba7946e94: ;   {metadata(method data for {method} {0x000002ebbd0f9f60} 'defineClass' '(Ljava/lang/String;Ljdk/internal/loader/Resource;)Ljava/lang/Class;' in 'java/net/URLClassLoader')}
  0x000002eba7946e94: 0000 0048 | be80 2095 | bdeb 0200 | 008b becc | 0000 0083 | c702 89be | cc00 0000 | 81e7 fe07 
  0x000002eba7946eb4: 0000 85ff | 0f84 bb15 

  0x000002eba7946ebc: ;   {metadata(method data for {method} {0x000002ebbd0f9f60} 'defineClass' '(Ljava/lang/String;Ljdk/internal/loader/Resource;)Ljava/lang/Class;' in 'java/net/URLClassLoader')}
  0x000002eba7946ebc: 0000 48be | 8020 95bd | eb02 0000 | 4883 8610 | 0100 0001 

  0x000002eba7946ed0: ;   {runtime_call}
  0x000002eba7946ed0: 48b8 1019 | f0e1 f87f | 0000 ffd0 

  0x000002eba7946edc: ;   {other}
  0x000002eba7946edc: 0f1f 8400 | 0000 0000 | 4889 8424 | c000 0000 | 4c8b 8424 | a800 0000 

  0x000002eba7946ef4: ; implicit exception: dispatches to 0x000002eba794849a
  0x000002eba7946ef4: 493b 0049 

  0x000002eba7946ef8: ;   {metadata(method data for {method} {0x000002ebbd0f9f60} 'defineClass' '(Ljava/lang/String;Ljdk/internal/loader/Resource;)Ljava/lang/Class;' in 'java/net/URLClassLoader')}
  0x000002eba7946ef8: 8bc8 48ba | 8020 95bd | eb02 0000 | 4883 8220 | 0100 0001 

  0x000002eba7946f0c: ;   {metadata(method data for {method} {0x000002ebbd00b730} 'lastIndexOf' '(I)I' in 'java/lang/String')}
  0x000002eba7946f0c: 48b9 d0bd | 62bd eb02 | 0000 8b91 | cc00 0000 | 83c2 0289 | 91cc 0000 | 0081 e2fe | ff1f 0085 
  0x000002eba7946f2c: d20f 846c | 1500 0049 

  0x000002eba7946f34: ;   {metadata(method data for {method} {0x000002ebbd00b730} 'lastIndexOf' '(I)I' in 'java/lang/String')}
  0x000002eba7946f34: 8bc8 48ba | d0bd 62bd | eb02 0000 | 4883 8210 | 0100 0001 

  0x000002eba7946f48: ;   {metadata(method data for {method} {0x000002ebbd009d30} 'length' '()I' in 'java/lang/String')}
  0x000002eba7946f48: 48b9 1868 | 34bd eb02 | 0000 8b91 | cc00 0000 | 83c2 0289 | 91cc 0000 | 0081 e2fe | ff1f 0085 
  0x000002eba7946f68: d20f 8451 | 1500 0041 | 8b70 148b | 560c 498b 

  0x000002eba7946f78: ;   {metadata(method data for {method} {0x000002ebbd009d30} 'length' '()I' in 'java/lang/String')}
  0x000002eba7946f78: c849 b918 | 6834 bdeb | 0200 0049 | 8381 1001 

  0x000002eba7946f88: ;   {metadata(method data for {method} {0x000002ebbd00f8a0} 'coder' '()B' in 'java/lang/String')}
  0x000002eba7946f88: 0000 0148 | b9a0 6634 | bdeb 0200 | 0044 8b89 | cc00 0000 | 4183 c102 | 4489 89cc | 0000 0041 
  0x000002eba7946fa8: 81e1 feff | 1f00 4585 | c90f 842f 

  0x000002eba7946fb4: ;   {metadata(method data for {method} {0x000002ebbd00f8a0} 'coder' '()B' in 'java/lang/String')}
  0x000002eba7946fb4: 1500 0048 | b9a0 6634 | bdeb 0200 | 00ff 8120 | 0100 0045 | 0fbe 4810 

  0x000002eba7946fcc: ;   {metadata(method data for {method} {0x000002ebbd00f8a0} 'coder' '()B' in 'java/lang/String')}
  0x000002eba7946fcc: 48b9 a066 | 34bd eb02 | 0000 ff81 | 3001 0000 | 498b c9c1 | e118 c1f9 | 18d3 fa48 | 8bfa ffcf 
  0x000002eba7946fec: ;   {metadata(method data for {method} {0x000002ebbd00b730} 'lastIndexOf' '(I)I' in 'java/lang/String')}
  0x000002eba7946fec: 498b d048 | bbd0 bd62 | bdeb 0200 | 0048 8383 | 4801 0000 

  0x000002eba7947000: ;   {metadata(method data for {method} {0x000002ebbd00b7f8} 'lastIndexOf' '(II)I' in 'java/lang/String')}
  0x000002eba7947000: 0148 ba88 | 5c62 bdeb | 0200 008b | 9acc 0000 | 0083 c302 | 899a cc00 | 0000 81e3 | feff 1f00 
  0x000002eba7947020: 85db 0f84 | df14 0000 

  0x000002eba7947028: ;   {metadata(method data for {method} {0x000002ebbd00b7f8} 'lastIndexOf' '(II)I' in 'java/lang/String')}
  0x000002eba7947028: 498b d048 | bb88 5c62 | bdeb 0200 | 0048 8383 | 1001 0000 

  0x000002eba794703c: ;   {metadata(method data for {method} {0x000002ebbd00fa20} 'isLatin1' '()Z' in 'java/lang/String')}
  0x000002eba794703c: 0148 ba70 | 5530 bdeb | 0200 008b | 9acc 0000 | 0083 c302 | 899a cc00 | 0000 81e3 | feff 1f00 
  0x000002eba794705c: 85db 0f84 | c414 0000 

  0x000002eba7947064: ;   {metadata(method data for {method} {0x000002ebbd00fa20} 'isLatin1' '()Z' in 'java/lang/String')}
  0x000002eba7947064: 48ba 7055 | 30bd eb02 | 0000 ff82 | 2001 0000 

  0x000002eba7947074: ;   {metadata(method data for {method} {0x000002ebbd00fa20} 'isLatin1' '()Z' in 'java/lang/String')}
  0x000002eba7947074: 4585 c948 | ba70 5530 | bdeb 0200 | 0049 c7c1 | 3001 0000 | 7507 49c7 | c140 0100 | 004a 8b1c 
  0x000002eba7947094: 0a48 8d5b | 014a 891c | 0a0f 851a 

  0x000002eba79470a0: ;   {metadata(method data for {method} {0x000002ebbd00fa20} 'isLatin1' '()Z' in 'java/lang/String')}
  0x000002eba79470a0: 0000 0048 | ba70 5530 | bdeb 0200 | 00ff 8250 | 0100 00ba | 0100 0000 | e905 0000 | 00ba 0000 
  0x000002eba79470c0: 0000 83e2 

  0x000002eba79470c4: ;   {metadata(method data for {method} {0x000002ebbd00b7f8} 'lastIndexOf' '(II)I' in 'java/lang/String')}
  0x000002eba79470c4: 0185 d248 | ba88 5c62 | bdeb 0200 | 0049 c7c1 | 4801 0000 | 7407 49c7 | c158 0100 | 004a 8b1c 
  0x000002eba79470e4: 0a48 8d5b | 014a 891c | 0a0f 8446 

  0x000002eba79470f0: ;   {metadata(method data for {method} {0x000002ebbd00b7f8} 'lastIndexOf' '(II)I' in 'java/lang/String')}
  0x000002eba79470f0: 0000 0048 | ba88 5c62 | bdeb 0200 | 0048 8382 | 6801 0000 | 0148 8bd6 | 41b8 2e00 | 0000 4c8b 
  0x000002eba7947110: cf66 0f1f 

  0x000002eba7947114: ;   {static_call}
  0x000002eba7947114: 4400 00e8 

  0x000002eba7947118: ; ImmutableOopMap {[168]=Oop [176]=Oop [184]=Oop }
                      ;*invokestatic lastIndexOf {reexecute=0 rethrow=0 return_oop=0}
                      ; - java.lang.String::lastIndexOf@13
                      ; - java.lang.String::lastIndexOf@8
                      ; - java.net.URLClassLoader::defineClass@7
  0x000002eba7947118: 84a3 ac07 

  0x000002eba794711c: ;   {other}
  0x000002eba794711c: 0f1f 8400 | 0c07 0000 

  0x000002eba7947124: ;   {metadata(method data for {method} {0x000002ebbd00b7f8} 'lastIndexOf' '(II)I' in 'java/lang/String')}
  0x000002eba7947124: 48ba 885c | 62bd eb02 | 0000 ff82 | 7801 0000 | e92b 0000 

  0x000002eba7947138: ;   {metadata(method data for {method} {0x000002ebbd00b7f8} 'lastIndexOf' '(II)I' in 'java/lang/String')}
  0x000002eba7947138: 0048 ba88 | 5c62 bdeb | 0200 0048 | 8382 9001 | 0000 0148 | 8bd6 41b8 | 2e00 0000 

  0x000002eba7947154: ;   {static_call}
  0x000002eba7947154: 4c8b cfe8 

  0x000002eba7947158: ; ImmutableOopMap {[168]=Oop [176]=Oop [184]=Oop }
                      ;*invokestatic lastIndexOf {reexecute=0 rethrow=0 return_oop=0}
                      ; - java.lang.String::lastIndexOf@25
                      ; - java.lang.String::lastIndexOf@8
                      ; - java.net.URLClassLoader::defineClass@7
  0x000002eba7947158: 247f 5507 

  0x000002eba794715c: ;   {other}
  0x000002eba794715c: 0f1f 8400 | 4c07 0001 | 8984 24c8 | 0000 004c | 8b8c 24b0 | 0000 0049 | 3b01 498b 

  0x000002eba7947178: ;   {metadata(method data for {method} {0x000002ebbd0f9f60} 'defineClass' '(Ljava/lang/String;Ljdk/internal/loader/Resource;)Ljava/lang/Class;' in 'java/net/URLClassLoader')}
  0x000002eba7947178: d148 be80 | 2095 bdeb | 0200 008b | 5208 48c1 | e203 483b | 9668 0100 | 0075 0d48 | 8386 7001 
  0x000002eba7947198: 0000 01e9 | 6000 0000 | 483b 9678 | 0100 0075 | 0d48 8386 | 8001 0000 | 01e9 4a00 | 0000 4883 
  0x000002eba79471b8: be68 0100 | 0000 7517 | 4889 9668 | 0100 0048 | c786 7001 | 0000 0100 | 0000 e929 | 0000 0048 
  0x000002eba79471d8: 83be 7801 | 0000 0075 | 1748 8996 | 7801 0000 | 48c7 8680 | 0100 0001 | 0000 00e9 | 0800 0000 
  0x000002eba79471f8: 4883 8658 | 0100 0001 | 498b d166 | 9048 b8ff | ffff ffff 

  0x000002eba794720c: ;   {virtual_call}
  0x000002eba794720c: ffff ffe8 

  0x000002eba7947210: ; ImmutableOopMap {[168]=Oop [176]=Oop [184]=Oop }
                      ;*invokevirtual getCodeSourceURL {reexecute=0 rethrow=0 return_oop=0}
                      ; - java.net.URLClassLoader::defineClass@13
  0x000002eba7947210: ac95 6107 

  0x000002eba7947214: ;   {other}
  0x000002eba7947214: 0f1f 8400 | 0408 0002 | 4889 8424 | d000 0000 | 448b 8c24 | c800 0000 | 4183 f9ff 

  0x000002eba7947230: ;   {metadata(method data for {method} {0x000002ebbd0f9f60} 'defineClass' '(Ljava/lang/String;Ljdk/internal/loader/Resource;)Ljava/lang/Class;' in 'java/net/URLClassLoader')}
  0x000002eba7947230: 49b8 8020 | 95bd eb02 | 0000 48c7 | c290 0100 | 0074 0748 | c7c2 a001 | 0000 498b | 3410 488d 
  0x000002eba7947250: 7601 4989 | 3410 0f84 | 0704 0000 | 4c8b 8424 | a800 0000 

  0x000002eba7947264: ;   {metadata(method data for {method} {0x000002ebbd0f9f60} 'defineClass' '(Ljava/lang/String;Ljdk/internal/loader/Resource;)Ljava/lang/Class;' in 'java/net/URLClassLoader')}
  0x000002eba7947264: 48ba 8020 | 95bd eb02 | 0000 4883 | 82b0 0100 | 0001 41b8 | 0000 0000 | 488b 9424 | a800 0000 
  0x000002eba7947284: ;   {optimized virtual_call}
  0x000002eba7947284: 6666 90e8 

  0x000002eba7947288: ; ImmutableOopMap {[168]=Oop [176]=Oop [184]=Oop [208]=Oop }
                      ;*invokevirtual substring {reexecute=0 rethrow=0 return_oop=0}
                      ; - java.net.URLClassLoader::defineClass@28
  0x000002eba7947288: 74e4 b507 

  0x000002eba794728c: ;   {other}
  0x000002eba794728c: 0f1f 8400 | 7c08 0003 | 4889 8424 | d800 0000 | 4c8b 8c24 | b000 0000 

  0x000002eba79472a4: ;   {metadata(method data for {method} {0x000002ebbd0f9f60} 'defineClass' '(Ljava/lang/String;Ljdk/internal/loader/Resource;)Ljava/lang/Class;' in 'java/net/URLClassLoader')}
  0x000002eba79472a4: 48ba 8020 | 95bd eb02 | 0000 458b | 4908 49c1 | e103 4c3b | 8af8 0100 | 0075 0d48 | 8382 0002 
  0x000002eba79472c4: 0000 01e9 | 6000 0000 | 4c3b 8a08 | 0200 0075 | 0d48 8382 | 1002 0000 | 01e9 4a00 | 0000 4883 
  0x000002eba79472e4: baf8 0100 | 0000 7517 | 4c89 8af8 | 0100 0048 | c782 0002 | 0000 0100 | 0000 e929 | 0000 0048 
  0x000002eba7947304: 83ba 0802 | 0000 0075 | 174c 898a | 0802 0000 | 48c7 8210 | 0200 0001 | 0000 00e9 | 0800 0000 
  0x000002eba7947324: 4883 82e8 | 0100 0001 | 488b 9424 | b000 0000 | 9048 b800 | 8409 0001 

  0x000002eba794733c: ;   {virtual_call}
  0x000002eba794733c: 0000 00e8 

  0x000002eba7947340: ; ImmutableOopMap {[168]=Oop [176]=Oop [184]=Oop [208]=Oop [216]=Oop }
                      ;*invokevirtual getManifest {reexecute=0 rethrow=0 return_oop=0}
                      ; - java.net.URLClassLoader::defineClass@34
  0x000002eba7947340: 9c3c 3300 

  0x000002eba7947344: ;   {other}
  0x000002eba7947344: 0f1f 8400 | 3409 0004 | 4889 8424 | e000 0000 | 488b 9424 | b800 0000 

  0x000002eba794735c: ;   {metadata(method data for {method} {0x000002ebbd0f9f60} 'defineClass' '(Ljava/lang/String;Ljdk/internal/loader/Resource;)Ljava/lang/Class;' in 'java/net/URLClassLoader')}
  0x000002eba794735c: 49b8 8020 | 95bd eb02 | 0000 4983 | 8020 0200 | 0001 4c8b | 8424 d800 | 0000 4c8b | c848 8bbc 
  0x000002eba794737c: 24d0 0000 | 0048 8b94 | 24b8 0000 | 0066 0f1f 

  0x000002eba794738c: ;   {optimized virtual_call}
  0x000002eba794738c: 4400 00e8 

  0x000002eba7947390: ; ImmutableOopMap {[168]=Oop [176]=Oop [184]=Oop [208]=Oop [216]=Oop [224]=Oop }
                      ;*invokevirtual getAndVerifyPackage {reexecute=0 rethrow=0 return_oop=0}
                      ; - java.net.URLClassLoader::defineClass@46
  0x000002eba7947390: 8cf7 1e00 

  0x000002eba7947394: ;   {other}
  0x000002eba7947394: 0f1f 8400 | 8409 0005 

  0x000002eba794739c: ;   {metadata(method data for {method} {0x000002ebbd0f9f60} 'defineClass' '(Ljava/lang/String;Ljdk/internal/loader/Resource;)Ljava/lang/Class;' in 'java/net/URLClassLoader')}
  0x000002eba794739c: 4885 c049 | b880 2095 | bdeb 0200 | 0049 c7c1 | 5802 0000 | 7507 49c7 | c168 0200 | 004b 8b3c 
  0x000002eba79473bc: 0848 8d7f | 014b 893c | 080f 8598 | 0200 0048 | 8b84 24e0 | 0000 0048 

  0x000002eba79473d4: ;   {metadata(method data for {method} {0x000002ebbd0f9f60} 'defineClass' '(Ljava/lang/String;Ljdk/internal/loader/Resource;)Ljava/lang/Class;' in 'java/net/URLClassLoader')}
  0x000002eba79473d4: 85c0 49b8 | 8020 95bd | eb02 0000 | 49c7 c178 | 0200 0074 | 0749 c7c1 | 8802 0000 | 4b8b 3c08 
  0x000002eba79473f4: 488d 7f01 | 4b89 3c08 | 488b 9424 | b800 0000 | 0f84 c800 

  0x000002eba7947408: ;   {metadata(method data for {method} {0x000002ebbd0f9f60} 'defineClass' '(Ljava/lang/String;Ljdk/internal/loader/Resource;)Ljava/lang/Class;' in 'java/net/URLClassLoader')}
  0x000002eba7947408: 0000 49b8 | 8020 95bd | eb02 0000 | 8b52 0848 | c1e2 0349 | 3b90 a802 | 0000 750d | 4983 80b0 
  0x000002eba7947428: 0200 0001 | e960 0000 | 0049 3b90 | b802 0000 | 750d 4983 | 80c0 0200 | 0001 e94a | 0000 0049 
  0x000002eba7947448: 83b8 a802 | 0000 0075 | 1749 8990 | a802 0000 | 49c7 80b0 | 0200 0001 | 0000 00e9 | 2900 0000 
  0x000002eba7947468: 4983 b8b8 | 0200 0000 | 7517 4989 | 90b8 0200 | 0049 c780 | c002 0000 | 0100 0000 | e908 0000 
  0x000002eba7947488: 0049 8380 | 9802 0000 | 014c 8b84 | 24d8 0000 | 004c 8bc8 | 488b bc24 | d000 0000 | 488b 9424 
  0x000002eba79474a8: b800 0000 

  0x000002eba79474ac: ;   {optimized virtual_call}
  0x000002eba79474ac: 6666 90e8 

  0x000002eba79474b0: ; ImmutableOopMap {[168]=Oop [176]=Oop [184]=Oop [208]=Oop [216]=Oop [224]=Oop }
                      ;*invokevirtual definePackage {reexecute=0 rethrow=0 return_oop=0}
                      ; - java.net.URLClassLoader::defineClass@64
  0x000002eba79474b0: 6ceb 3500 

  0x000002eba79474b4: ;   {other}
  0x000002eba79474b4: 0f1f 8400 | a40a 0006 

  0x000002eba79474bc: ;   {metadata(method data for {method} {0x000002ebbd0f9f60} 'defineClass' '(Ljava/lang/String;Ljdk/internal/loader/Resource;)Ljava/lang/Class;' in 'java/net/URLClassLoader')}
  0x000002eba79474bc: 49b8 8020 | 95bd eb02 | 0000 41ff | 80d0 0200 | 00e9 ea00 

  0x000002eba79474d0: ;   {metadata(method data for {method} {0x000002ebbd0f9f60} 'defineClass' '(Ljava/lang/String;Ljdk/internal/loader/Resource;)Ljava/lang/Class;' in 'java/net/URLClassLoader')}
  0x000002eba79474d0: 0000 49b8 | 8020 95bd | eb02 0000 | 8b52 0848 | c1e2 0349 | 3b90 f802 | 0000 750d | 4983 8000 
  0x000002eba79474f0: 0300 0001 | e960 0000 | 0049 3b90 | 0803 0000 | 750d 4983 | 8010 0300 | 0001 e94a | 0000 0049 
  0x000002eba7947510: 83b8 f802 | 0000 0075 | 1749 8990 | f802 0000 | 49c7 8000 | 0300 0001 | 0000 00e9 | 2900 0000 
  0x000002eba7947530: 4983 b808 | 0300 0000 | 7517 4989 | 9008 0300 | 0049 c780 | 1003 0000 | 0100 0000 | e908 0000 
  0x000002eba7947550: 0049 8380 | e802 0000 | 014c 8b84 | 24d8 0000 

  0x000002eba7947560: ;   {oop(nullptr)}
  0x000002eba7947560: 0049 b900 | 0000 0000 

  0x000002eba7947568: ;   {oop(nullptr)}
  0x000002eba7947568: 0000 0048 | bf00 0000 | 0000 0000 

  0x000002eba7947574: ;   {oop(nullptr)}
  0x000002eba7947574: 0048 be00 | 0000 0000 

  0x000002eba794757c: ;   {oop(nullptr)}
  0x000002eba794757c: 0000 0048 | b900 0000 | 0000 0000 | 004d 33d2 | 4c89 1424 | 4d33 d24c | 8954 2408 | 4d33 d24c 
  0x000002eba794759c: 8954 2410 | 488b 9424 | b800 0000 | 0f1f 8000 

  0x000002eba79475ac: ;   {optimized virtual_call}
  0x000002eba79475ac: 0000 00e8 

  0x000002eba79475b0: ; ImmutableOopMap {[168]=Oop [176]=Oop [184]=Oop [208]=Oop [216]=Oop [224]=Oop }
                      ;*invokevirtual definePackage {reexecute=0 rethrow=0 return_oop=0}
                      ; - java.net.URLClassLoader::defineClass@81
  0x000002eba79475b0: 8cdb 3500 

  0x000002eba79475b4: ;   {other}
  0x000002eba79475b4: 0f1f 8400 | a40b 0007 

  0x000002eba79475bc: ;   {metadata(method data for {method} {0x000002ebbd0f9f60} 'defineClass' '(Ljava/lang/String;Ljdk/internal/loader/Resource;)Ljava/lang/Class;' in 'java/net/URLClassLoader')}
  0x000002eba79475bc: 48b8 8020 | 95bd eb02 | 0000 ff80 | 2003 0000 | e992 0000 | 004c 8b8c | 24e0 0000 | 0049 8b87 
  0x000002eba79475dc: f804 0000 | 4d33 d24d | 8997 f804 | 0000 4d33 | d24d 8997 | 0005 0000 | 488b 9424 | b800 0000 
  0x000002eba79475fc: ;   {metadata(method data for {method} {0x000002ebbd0f9f60} 'defineClass' '(Ljava/lang/String;Ljdk/internal/loader/Resource;)Ljava/lang/Class;' in 'java/net/URLClassLoader')}
  0x000002eba79475fc: 49b8 8020 | 95bd eb02 | 0000 4983 | 8038 0300 | 0001 4c8b | 8424 d800 | 0000 488b | bc24 d000 
  0x000002eba794761c: 0000 488b | 9424 b800 

  0x000002eba7947624: ;   {optimized virtual_call}
  0x000002eba7947624: 0000 90e8 

  0x000002eba7947628: ; ImmutableOopMap {[168]=Oop [176]=Oop [184]=Oop [208]=Oop [216]=Oop }
                      ;*invokevirtual getAndVerifyPackage {reexecute=0 rethrow=0 return_oop=0}
                      ; - java.net.URLClassLoader::defineClass@97
  0x000002eba7947628: 5474 5507 

  0x000002eba794762c: ;   {other}
  0x000002eba794762c: 0f1f 8400 | 1c0c 0008 

  0x000002eba7947634: ;   {metadata(method data for {method} {0x000002ebbd0f9f60} 'defineClass' '(Ljava/lang/String;Ljdk/internal/loader/Resource;)Ljava/lang/Class;' in 'java/net/URLClassLoader')}
  0x000002eba7947634: 4885 c048 | b880 2095 | bdeb 0200 | 0048 c7c2 | 8003 0000 | 7407 48c7 | c270 0300 | 0048 8b34 
  0x000002eba7947654: 1048 8d76 | 0148 8934 | 100f 8457 | 0a00 004c | 8b8c 24b0 | 0000 0049 

  0x000002eba794766c: ;   {metadata(method data for {method} {0x000002ebbd0f9f60} 'defineClass' '(Ljava/lang/String;Ljdk/internal/loader/Resource;)Ljava/lang/Class;' in 'java/net/URLClassLoader')}
  0x000002eba794766c: 8bc1 48ba | 8020 95bd | eb02 0000 | 8b40 0848 | c1e0 0348 | 3b82 6804 | 0000 750d | 4883 8270 
  0x000002eba794768c: 0400 0001 | e960 0000 | 0048 3b82 | 7804 0000 | 750d 4883 | 8280 0400 | 0001 e94a | 0000 0048 
  0x000002eba79476ac: 83ba 6804 | 0000 0075 | 1748 8982 | 6804 0000 | 48c7 8270 | 0400 0001 | 0000 00e9 | 2900 0000 
  0x000002eba79476cc: 4883 ba78 | 0400 0000 | 7517 4889 | 8278 0400 | 0048 c782 | 8004 0000 | 0100 0000 | e908 0000 
  0x000002eba79476ec: 0048 8382 | 5804 0000 

  0x000002eba79476f4: ;   {metadata(method data for {method} {0x000002ebbd50a7c8} 'getByteBuffer' '()Ljava/nio/ByteBuffer;' in 'jdk/internal/loader/Resource')}
  0x000002eba79476f4: 0148 b800 | ce9e bdeb | 0200 008b | 90cc 0000 | 0083 c202 | 8990 cc00 | 0000 81e2 | feff 1f00 
  0x000002eba7947714: 85d2 0f84 | 320e 0000 

  0x000002eba794771c: ;   {metadata(method data for {method} {0x000002ebbd50a7c8} 'getByteBuffer' '()Ljava/nio/ByteBuffer;' in 'jdk/internal/loader/Resource')}
  0x000002eba794771c: 498b c148 | ba00 ce9e | bdeb 0200 | 0048 8382 | 1001 0000 | 0148 8d94 | 2420 0100 | 004c 894a 
  0x000002eba794773c: 0849 8b01 | 4883 c801 | 4889 02f0 | 490f b111 | 0f84 1200 | 0000 482b | c448 2507 | f0ff ff48 
  0x000002eba794775c: 8902 0f85 | 0b0e 0000 | 49ff 8748 

  0x000002eba7947768: ;   {metadata(method data for {method} {0x000002ebbd50a460} 'cachedInputStream' '()Ljava/io/InputStream;' in 'jdk/internal/loader/Resource')}
  0x000002eba7947768: 0500 0048 | baa8 3077 | bdeb 0200 | 008b b2cc | 0000 0083 | c602 89b2 | cc00 0000 | 81e6 feff 
  0x000002eba7947788: 1f00 85f6 | 0f84 f00d | 0000 418b | 510c 4885 

  0x000002eba7947798: ;   {metadata(method data for {method} {0x000002ebbd50a460} 'cachedInputStream' '()Ljava/io/InputStream;' in 'jdk/internal/loader/Resource')}
  0x000002eba7947798: d248 baa8 | 3077 bdeb | 0200 0048 | c7c6 1001 | 0000 7507 | 48c7 c620 | 0100 0048 | 8b3c 3248 
  0x000002eba79477b8: 8d7f 0148 | 893c 320f | 85d7 0000 | 0049 8bd1 

  0x000002eba79477c8: ;   {metadata(method data for {method} {0x000002ebbd50a460} 'cachedInputStream' '()Ljava/io/InputStream;' in 'jdk/internal/loader/Resource')}
  0x000002eba79477c8: 48be a830 | 77bd eb02 | 0000 8b52 | 0848 c1e2 | 0348 3b96 | 4001 0000 | 750d 4883 | 8648 0100 
  0x000002eba79477e8: 0001 e960 | 0000 0048 | 3b96 5001 | 0000 750d | 4883 8658 | 0100 0001 | e94a 0000 | 0048 83be 
  0x000002eba7947808: 4001 0000 | 0075 1748 | 8996 4001 | 0000 48c7 | 8648 0100 | 0001 0000 | 00e9 2900 | 0000 4883 
  0x000002eba7947828: be50 0100 | 0000 7517 | 4889 9650 | 0100 0048 | c786 5801 | 0000 0100 | 0000 e908 | 0000 0048 
  0x000002eba7947848: 8386 3001 | 0000 0149 | 8bd1 6666 | 9048 b8ff | ffff ffff 

  0x000002eba794785c: ;   {virtual_call}
  0x000002eba794785c: ffff ffe8 

  0x000002eba7947860: ; ImmutableOopMap {[168]=Oop [176]=Oop [184]=Oop [208]=Oop [296]=Oop }
                      ;*invokevirtual getInputStream {reexecute=0 rethrow=0 return_oop=0}
                      ; - jdk.internal.loader.Resource::cachedInputStream@9
                      ; - jdk.internal.loader.Resource::getByteBuffer@1
                      ; - java.net.URLClassLoader::defineClass@132
  0x000002eba7947860: 848d 6107 

  0x000002eba7947864: ;   {other}
  0x000002eba7947864: 0f1f 8400 | 540e 0009 | 410f be57 | 4085 d24c | 8b8c 24b0 | 0000 000f | 8522 0d00 | 004c 8bd0 
  0x000002eba7947884: 4589 510c | 498b d148 | 33d0 48c1 | ea14 4883 | fa00 0f85 | 230d 0000 | 418b 510c | 488d 8424 
  0x000002eba79478a4: 2001 0000 | 488b 3048 | 85f6 0f84 | 0f00 0000 | 488b 7808 | f048 0fb1 | 370f 8514 | 0d00 0049 
  0x000002eba79478c4: ff8f 4805 | 0000 4885 

  0x000002eba79478cc: ;   {metadata(method data for {method} {0x000002ebbd50a7c8} 'getByteBuffer' '()Ljava/nio/ByteBuffer;' in 'jdk/internal/loader/Resource')}
  0x000002eba79478cc: d275 1648 | bb00 ce9e | bdeb 0200 | 0080 8b41 | 0100 0001 | e9d5 0000 

  0x000002eba79478e4: ;   {metadata('sun/nio/ByteBuffered')}
  0x000002eba79478e4: 0048 b858 | 8e09 0001 | 0000 008b | 5a08 48c1 | e303 483b | 4320 0f84 | 1a00 0000 | 483b d80f 
  0x000002eba7947904: 8411 0000 

  0x000002eba7947908: ;   {runtime_call slow_subtype_check Runtime1 stub}
  0x000002eba7947908: 0053 50e8 | f0fb 6007 | 5b5b 85db | 0f84 8400 

  0x000002eba7947918: ;   {metadata(method data for {method} {0x000002ebbd50a7c8} 'getByteBuffer' '()Ljava/nio/ByteBuffer;' in 'jdk/internal/loader/Resource')}
  0x000002eba7947918: 0000 48bb | 00ce 9ebd | eb02 0000 | 8b42 0848 | c1e0 0348 | 3b83 5801 | 0000 750d | 4883 8360 
  0x000002eba7947938: 0100 0001 | e97e 0000 | 0048 3b83 | 6801 0000 | 750d 4883 | 8370 0100 | 0001 e968 | 0000 0048 
  0x000002eba7947958: 83bb 5801 | 0000 0075 | 1748 8983 | 5801 0000 | 48c7 8360 | 0100 0001 | 0000 00e9 | 4700 0000 
  0x000002eba7947978: 4883 bb68 | 0100 0000 | 7517 4889 | 8368 0100 | 0048 c783 | 7001 0000 | 0100 0000 | e926 0000 
  0x000002eba7947998: 00e9 2100 

  0x000002eba794799c: ;   {metadata(method data for {method} {0x000002ebbd50a7c8} 'getByteBuffer' '()Ljava/nio/ByteBuffer;' in 'jdk/internal/loader/Resource')}
  0x000002eba794799c: 0000 48bb | 00ce 9ebd | eb02 0000 | 4883 ab48 | 0100 0001 | e905 0000 | 00e9 0500 | 0000 4833 
  0x000002eba79479bc: f6eb 0748 | c7c6 0100 | 0000 85f6 

  0x000002eba79479c8: ;   {metadata(method data for {method} {0x000002ebbd50a7c8} 'getByteBuffer' '()Ljava/nio/ByteBuffer;' in 'jdk/internal/loader/Resource')}
  0x000002eba79479c8: 48be 00ce | 9ebd eb02 | 0000 48c7 | c780 0100 | 0074 0748 | c7c7 9001 | 0000 488b | 1c3e 488d 
  0x000002eba79479e8: 5b01 4889 | 1c3e 0f84 | 9d01 0000 | 4885 d275 

  0x000002eba79479f8: ;   {metadata(method data for {method} {0x000002ebbd50a7c8} 'getByteBuffer' '()Ljava/nio/ByteBuffer;' in 'jdk/internal/loader/Resource')}
  0x000002eba79479f8: 1648 bf00 | ce9e bdeb | 0200 0080 | 8f99 0100 | 0001 e9d5 

  0x000002eba7947a0c: ;   {metadata('sun/nio/ByteBuffered')}
  0x000002eba7947a0c: 0000 0048 | bb58 8e09 | 0001 0000 | 008b 7a08 | 48c1 e703 | 483b 5f20 | 0f84 1a00 | 0000 483b 
  0x000002eba7947a2c: fb0f 8411 | 0000 0057 

  0x000002eba7947a34: ;   {runtime_call slow_subtype_check Runtime1 stub}
  0x000002eba7947a34: 53e8 c6fa | 6007 5f5f | 85ff 0f84 | 8400 0000 

  0x000002eba7947a44: ;   {metadata(method data for {method} {0x000002ebbd50a7c8} 'getByteBuffer' '()Ljava/nio/ByteBuffer;' in 'jdk/internal/loader/Resource')}
  0x000002eba7947a44: 48bf 00ce | 9ebd eb02 | 0000 8b5a | 0848 c1e3 | 0348 3b9f | b001 0000 | 750d 4883 | 87b8 0100 
  0x000002eba7947a64: 0001 e979 | 0000 0048 | 3b9f c001 | 0000 750d | 4883 87c8 | 0100 0001 | e963 0000 | 0048 83bf 
  0x000002eba7947a84: b001 0000 | 0075 1748 | 899f b001 | 0000 48c7 | 87b8 0100 | 0001 0000 | 00e9 4200 | 0000 4883 
  0x000002eba7947aa4: bfc0 0100 | 0000 7517 | 4889 9fc0 | 0100 0048 | c787 c801 | 0000 0100 | 0000 e921 | 0000 00e9 
  0x000002eba7947ac4: 1c00 0000 

  0x000002eba7947ac8: ;   {metadata(method data for {method} {0x000002ebbd50a7c8} 'getByteBuffer' '()Ljava/nio/ByteBuffer;' in 'jdk/internal/loader/Resource')}
  0x000002eba7947ac8: 48bf 00ce | 9ebd eb02 | 0000 4883 | afa0 0100 | 0001 e90e | 0b00 00e9 | 0000 0000 

  0x000002eba7947ae4: ; implicit exception: dispatches to 0x000002eba79485f6
  0x000002eba7947ae4: 483b 0248 

  0x000002eba7947ae8: ;   {metadata(method data for {method} {0x000002ebbd50a7c8} 'getByteBuffer' '()Ljava/nio/ByteBuffer;' in 'jdk/internal/loader/Resource')}
  0x000002eba7947ae8: 8bf2 48bf | 00ce 9ebd | eb02 0000 | 8b76 0848 | c1e6 0348 | 3bb7 e801 | 0000 750d | 4883 87f0 
  0x000002eba7947b08: 0100 0001 | e960 0000 | 0048 3bb7 | f801 0000 | 750d 4883 | 8700 0200 | 0001 e94a | 0000 0048 
  0x000002eba7947b28: 83bf e801 | 0000 0075 | 1748 89b7 | e801 0000 | 48c7 87f0 | 0100 0001 | 0000 00e9 | 2900 0000 
  0x000002eba7947b48: 4883 bff8 | 0100 0000 | 7517 4889 | b7f8 0100 | 0048 c787 | 0002 0000 | 0100 0000 | e908 0000 
  0x000002eba7947b68: 0048 8387 | d801 0000 | 010f 1f40 | 0048 b8ff | ffff ffff 

  0x000002eba7947b7c: ;   {virtual_call}
  0x000002eba7947b7c: ffff ffe8 

  0x000002eba7947b80: ; ImmutableOopMap {[168]=Oop [176]=Oop [184]=Oop [208]=Oop }
                      ;*invokeinterface getByteBuffer {reexecute=0 rethrow=0 return_oop=0}
                      ; - jdk.internal.loader.Resource::getByteBuffer@16
                      ; - java.net.URLClassLoader::defineClass@132
  0x000002eba7947b80: fc71 5507 

  0x000002eba7947b84: ;   {other}
  0x000002eba7947b84: 0f1f 8400 | 7411 000a | e90a 0000 

  0x000002eba7947b90: ;   {oop(nullptr)}
  0x000002eba7947b90: 0048 b800 | 0000 0000 | 0000 0048 

  0x000002eba7947b9c: ;   {metadata(method data for {method} {0x000002ebbd0f9f60} 'defineClass' '(Ljava/lang/String;Ljdk/internal/loader/Resource;)Ljava/lang/Class;' in 'java/net/URLClassLoader')}
  0x000002eba7947b9c: 85c0 48ba | 8020 95bd | eb02 0000 | 48c7 c690 | 0400 0074 | 0748 c7c6 | a004 0000 | 488b 3c32 
  0x000002eba7947bbc: 488d 7f01 | 4889 3c32 | 0f84 2002 | 0000 4889 | 8424 e800 | 0000 4c8b | 8c24 b000 

  0x000002eba7947bd8: ;   {metadata(method data for {method} {0x000002ebbd0f9f60} 'defineClass' '(Ljava/lang/String;Ljdk/internal/loader/Resource;)Ljava/lang/Class;' in 'java/net/URLClassLoader')}
  0x000002eba7947bd8: 0000 48ba | 8020 95bd | eb02 0000 | 458b 4908 | 49c1 e103 | 4c3b 8ac0 | 0400 0075 | 0d48 8382 
  0x000002eba7947bf8: c804 0000 | 01e9 6000 | 0000 4c3b | 8ad0 0400 | 0075 0d48 | 8382 d804 | 0000 01e9 | 4a00 0000 
  0x000002eba7947c18: 4883 bac0 | 0400 0000 | 7517 4c89 | 8ac0 0400 | 0048 c782 | c804 0000 | 0100 0000 | e929 0000 
  0x000002eba7947c38: 0048 83ba | d004 0000 | 0075 174c | 898a d004 | 0000 48c7 | 82d8 0400 | 0001 0000 | 00e9 0800 
  0x000002eba7947c58: 0000 4883 | 82b0 0400 | 0001 488b | 9424 b000 | 0000 6666 | 9048 b8ff | ffff ffff 

  0x000002eba7947c74: ;   {virtual_call}
  0x000002eba7947c74: ffff ffe8 

  0x000002eba7947c78: ; ImmutableOopMap {[168]=Oop [184]=Oop [208]=Oop [232]=Oop }
                      ;*invokevirtual getCodeSigners {reexecute=0 rethrow=0 return_oop=0}
                      ; - java.net.URLClassLoader::defineClass@143
  0x000002eba7947c78: 0471 5507 

  0x000002eba7947c7c: ;   {other}
  0x000002eba7947c7c: 0f1f 8400 | 6c12 000b 

  0x000002eba7947c84: ;   {metadata('java/security/CodeSource')}
  0x000002eba7947c84: 4c8b c848 | ba98 5e05 | 0001 0000 | 0049 8b87 | b801 0000 | 488d 7828 | 493b bfc8 | 0100 000f 
  0x000002eba7947ca4: 8752 0900 | 0049 89bf | b801 0000 | 48c7 0001 | 0000 0048 | 8bca 48c1 | e903 8948 | 0848 33c9 
  0x000002eba7947cc4: 8948 0c48 | 33c9 4889 | 4810 4889 | 4818 4889 | 4820 4c8b 

  0x000002eba7947cd8: ;   {metadata(method data for {method} {0x000002ebbd0f9f60} 'defineClass' '(Ljava/lang/String;Ljdk/internal/loader/Resource;)Ljava/lang/Class;' in 'java/net/URLClassLoader')}
  0x000002eba7947cd8: c048 ba80 | 2095 bdeb | 0200 0048 | 8382 e804 | 0000 014c | 8b84 24d0 | 0000 0048 | 8bd0 4889 
  0x000002eba7947cf8: 8424 f000 

  0x000002eba7947cfc: ;   {optimized virtual_call}
  0x000002eba7947cfc: 0000 90e8 

  0x000002eba7947d00: ; ImmutableOopMap {[168]=Oop [184]=Oop [232]=Oop [240]=Oop }
                      ;*invokespecial <init> {reexecute=0 rethrow=0 return_oop=0}
                      ; - java.net.URLClassLoader::defineClass@156
  0x000002eba7947d00: 7c6d 5507 

  0x000002eba7947d04: ;   {other}
  0x000002eba7947d04: 0f1f 8400 | f412 000c 

  0x000002eba7947d0c: ;   {metadata(method data for {method} {0x000002ebbd0f9f60} 'defineClass' '(Ljava/lang/String;Ljdk/internal/loader/Resource;)Ljava/lang/Class;' in 'java/net/URLClassLoader')}
  0x000002eba7947d0c: 49b8 8020 | 95bd eb02 | 0000 4983 | 80f8 0400 

  0x000002eba7947d1c: ;   {metadata(method data for {method} {0x000002ebbd570ab8} 'getReadClassBytesTime' '()Ljdk/internal/perf/PerfCounter;' in 'jdk/internal/perf/PerfCounter')}
  0x000002eba7947d1c: 0001 49b8 | 4858 98bd | eb02 0000 | 418b 90cc | 0000 0083 | c202 4189 | 90cc 0000 | 0081 e2fe 
  0x000002eba7947d3c: ff1f 0085 | d20f 84c1 

  0x000002eba7947d44: ;   {oop(a 'jdk/internal/perf/PerfCounter'{0x00000000ffb75b40})}
  0x000002eba7947d44: 0800 0048 | ba40 5bb7 | ff00 0000 | 004c 8bc2 

  0x000002eba7947d54: ;   {metadata(method data for {method} {0x000002ebbd0f9f60} 'defineClass' '(Ljava/lang/String;Ljdk/internal/loader/Resource;)Ljava/lang/Class;' in 'java/net/URLClassLoader')}
  0x000002eba7947d54: 48be 8020 | 95bd eb02 

  0x000002eba7947d5c: ;   {metadata('jdk/internal/perf/PerfCounter')}
  0x000002eba7947d5c: 0000 49ba | 581f 0900 | 0100 0000 | 4c89 9618 | 0500 0048 | 8386 2005 | 0000 014c | 8b84 24c0 
  0x000002eba7947d7c: ;   {optimized virtual_call}
  0x000002eba7947d7c: 0000 00e8 

  0x000002eba7947d80: ; ImmutableOopMap {[168]=Oop [184]=Oop [232]=Oop [240]=Oop }
                      ;*invokevirtual addElapsedTimeFrom {reexecute=0 rethrow=0 return_oop=0}
                      ; - java.net.URLClassLoader::defineClass@165
  0x000002eba7947d80: fc6c 5507 

  0x000002eba7947d84: ;   {other}
  0x000002eba7947d84: 0f1f 8400 | 7413 000d | 488b 9424 | b800 0000 

  0x000002eba7947d94: ;   {metadata(method data for {method} {0x000002ebbd0f9f60} 'defineClass' '(Ljava/lang/String;Ljdk/internal/loader/Resource;)Ljava/lang/Class;' in 'java/net/URLClassLoader')}
  0x000002eba7947d94: 49b8 8020 | 95bd eb02 | 0000 4983 | 8040 0500 | 0001 4c8b | 8424 a800 | 0000 4c8b | 8c24 e800 
  0x000002eba7947db4: 0000 488b | bc24 f000 | 0000 488b | 9424 b800 

  0x000002eba7947dc4: ;   {optimized virtual_call}
  0x000002eba7947dc4: 0000 90e8 

  0x000002eba7947dc8: ; ImmutableOopMap {}
                      ;*invokevirtual defineClass {reexecute=0 rethrow=0 return_oop=0}
                      ; - java.net.URLClassLoader::defineClass@174
  0x000002eba7947dc8: b46c 5507 

  0x000002eba7947dcc: ;   {other}
  0x000002eba7947dcc: 0f1f 8400 | bc13 000e | 4881 c440 | 0100 005d 

  0x000002eba7947ddc: ;   {poll_return}
  0x000002eba7947ddc: 493b a748 | 0400 000f | 8740 0800 | 00c3 4c8b | 8c24 b000 | 0000 498b 

  0x000002eba7947df4: ;   {metadata(method data for {method} {0x000002ebbd0f9f60} 'defineClass' '(Ljava/lang/String;Ljdk/internal/loader/Resource;)Ljava/lang/Class;' in 'java/net/URLClassLoader')}
  0x000002eba7947df4: f948 bb80 | 2095 bdeb | 0200 008b | 7f08 48c1 | e703 483b | bb88 0500 | 0075 0d48 | 8383 9005 
  0x000002eba7947e14: 0000 01e9 | 6000 0000 | 483b bb98 | 0500 0075 | 0d48 8383 | a005 0000 | 01e9 4a00 | 0000 4883 
  0x000002eba7947e34: bb88 0500 | 0000 7517 | 4889 bb88 | 0500 0048 | c783 9005 | 0000 0100 | 0000 e929 | 0000 0048 
  0x000002eba7947e54: 83bb 9805 | 0000 0075 | 1748 89bb | 9805 0000 | 48c7 83a0 | 0500 0001 | 0000 00e9 | 0800 0000 
  0x000002eba7947e74: 4883 8378 | 0500 0001 | 498b d166 | 0f1f 4400 | 0048 b8ff | ffff ffff 

  0x000002eba7947e8c: ;   {virtual_call}
  0x000002eba7947e8c: ffff ffe8 

  0x000002eba7947e90: ; ImmutableOopMap {[168]=Oop [176]=Oop [184]=Oop [208]=Oop }
                      ;*invokevirtual getBytes {reexecute=0 rethrow=0 return_oop=0}
                      ; - java.net.URLClassLoader::defineClass@179
  0x000002eba7947e90: 5489 6107 

  0x000002eba7947e94: ;   {other}
  0x000002eba7947e94: 0f1f 8400 | 8414 000f | 4c8b 8c24 | b000 0000 

  0x000002eba7947ea4: ;   {metadata(method data for {method} {0x000002ebbd0f9f60} 'defineClass' '(Ljava/lang/String;Ljdk/internal/loader/Resource;)Ljava/lang/Class;' in 'java/net/URLClassLoader')}
  0x000002eba7947ea4: 48ba 8020 | 95bd eb02 | 0000 458b | 4908 49c1 | e103 4c3b | 8ac0 0500 | 0075 0d48 | 8382 c805 
  0x000002eba7947ec4: 0000 01e9 | 6000 0000 | 4c3b 8ad0 | 0500 0075 | 0d48 8382 | d805 0000 | 01e9 4a00 | 0000 4883 
  0x000002eba7947ee4: bac0 0500 | 0000 7517 | 4c89 8ac0 | 0500 0048 | c782 c805 | 0000 0100 | 0000 e929 | 0000 0048 
  0x000002eba7947f04: 83ba d005 | 0000 0075 | 174c 898a | d005 0000 | 48c7 82d8 | 0500 0001 | 0000 00e9 | 0800 0000 
  0x000002eba7947f24: 4883 82b0 | 0500 0001 | 488b 9424 | b000 0000 | 4889 8424 | f800 0000 | 9048 b8ff | ffff ffff 
  0x000002eba7947f44: ;   {virtual_call}
  0x000002eba7947f44: ffff ffe8 

  0x000002eba7947f48: ; ImmutableOopMap {[168]=Oop [184]=Oop [208]=Oop [248]=Oop }
                      ;*invokevirtual getCodeSigners {reexecute=0 rethrow=0 return_oop=0}
                      ; - java.net.URLClassLoader::defineClass@185
  0x000002eba7947f48: c48a 6107 

  0x000002eba7947f4c: ;   {other}
  0x000002eba7947f4c: 0f1f 8400 | 3c15 0010 

  0x000002eba7947f54: ;   {metadata('java/security/CodeSource')}
  0x000002eba7947f54: 4c8b c848 | ba98 5e05 | 0001 0000 | 0049 8b87 | b801 0000 | 488d 7828 | 493b bfc8 | 0100 000f 
  0x000002eba7947f74: 87c6 0600 | 0049 89bf | b801 0000 | 48c7 0001 | 0000 0048 | 8bca 48c1 | e903 8948 | 0848 33c9 
  0x000002eba7947f94: 8948 0c48 | 33c9 4889 | 4810 4889 | 4818 4889 | 4820 4c8b 

  0x000002eba7947fa8: ;   {metadata(method data for {method} {0x000002ebbd0f9f60} 'defineClass' '(Ljava/lang/String;Ljdk/internal/loader/Resource;)Ljava/lang/Class;' in 'java/net/URLClassLoader')}
  0x000002eba7947fa8: c048 ba80 | 2095 bdeb | 0200 0048 | 8382 e805 | 0000 014c | 8b84 24d0 | 0000 0048 | 8bd0 4889 
  0x000002eba7947fc8: 8424 0001 

  0x000002eba7947fcc: ;   {optimized virtual_call}
  0x000002eba7947fcc: 0000 90e8 

  0x000002eba7947fd0: ; ImmutableOopMap {[168]=Oop [184]=Oop [248]=Oop [256]=Oop }
                      ;*invokespecial <init> {reexecute=0 rethrow=0 return_oop=0}
                      ; - java.net.URLClassLoader::defineClass@198
  0x000002eba7947fd0: ccc3 8a00 

  0x000002eba7947fd4: ;   {other}
  0x000002eba7947fd4: 0f1f 8400 | c415 0011 

  0x000002eba7947fdc: ;   {metadata(method data for {method} {0x000002ebbd0f9f60} 'defineClass' '(Ljava/lang/String;Ljdk/internal/loader/Resource;)Ljava/lang/Class;' in 'java/net/URLClassLoader')}
  0x000002eba7947fdc: 49b8 8020 | 95bd eb02 | 0000 4983 | 80f8 0500 

  0x000002eba7947fec: ;   {metadata(method data for {method} {0x000002ebbd570ab8} 'getReadClassBytesTime' '()Ljdk/internal/perf/PerfCounter;' in 'jdk/internal/perf/PerfCounter')}
  0x000002eba7947fec: 0001 49b8 | 4858 98bd | eb02 0000 | 418b 90cc | 0000 0083 | c202 4189 | 90cc 0000 | 0081 e2fe 
  0x000002eba794800c: ff1f 0085 | d20f 8435 

  0x000002eba7948014: ;   {oop(a 'jdk/internal/perf/PerfCounter'{0x00000000ffb75b40})}
  0x000002eba7948014: 0600 0048 | ba40 5bb7 | ff00 0000 | 004c 8bc2 

  0x000002eba7948024: ;   {metadata(method data for {method} {0x000002ebbd0f9f60} 'defineClass' '(Ljava/lang/String;Ljdk/internal/loader/Resource;)Ljava/lang/Class;' in 'java/net/URLClassLoader')}
  0x000002eba7948024: 48be 8020 | 95bd eb02 | 0000 4883 | 8620 0600 | 0001 4c8b | 8424 c000 

  0x000002eba794803c: ;   {optimized virtual_call}
  0x000002eba794803c: 0000 90e8 

  0x000002eba7948040: ; ImmutableOopMap {[168]=Oop [184]=Oop [248]=Oop [256]=Oop }
                      ;*invokevirtual addElapsedTimeFrom {reexecute=0 rethrow=0 return_oop=0}
                      ; - java.net.URLClassLoader::defineClass@207
  0x000002eba7948040: fc18 c707 

  0x000002eba7948044: ;   {other}
  0x000002eba7948044: 0f1f 8400 | 3416 0012 | 488b 8424 | f800 0000 

  0x000002eba7948054: ; implicit exception: dispatches to 0x000002eba794866d
  0x000002eba7948054: 8b70 0c48 | 8b94 24b8 

  0x000002eba794805c: ;   {metadata(method data for {method} {0x000002ebbd0f9f60} 'defineClass' '(Ljava/lang/String;Ljdk/internal/loader/Resource;)Ljava/lang/Class;' in 'java/net/URLClassLoader')}
  0x000002eba794805c: 0000 0049 | b880 2095 | bdeb 0200 | 0049 8380 | 4006 0000 | 014c 8b84 | 24a8 0000 | 004c 8bc8 
  0x000002eba794807c: bf00 0000 | 0048 8b8c | 2400 0100 | 0048 8b94 | 24b8 0000 | 0066 0f1f 

  0x000002eba7948094: ;   {optimized virtual_call}
  0x000002eba7948094: 4400 00e8 

  0x000002eba7948098: ; ImmutableOopMap {}
                      ;*invokevirtual defineClass {reexecute=0 rethrow=0 return_oop=0}
                      ; - java.net.URLClassLoader::defineClass@220
  0x000002eba7948098: 8451 c807 

  0x000002eba794809c: ;   {other}
  0x000002eba794809c: 0f1f 8400 | 8c16 0013 | 4881 c440 | 0100 005d 

  0x000002eba79480ac: ;   {poll_return}
  0x000002eba79480ac: 493b a748 | 0400 000f | 87b9 0500 | 00c3 660f | 1f44 0000 

  0x000002eba79480c0: ;   {no_reloc}
  0x000002eba79480c0: e9d2 0500 | 0000 0000 | 0000 80ba | 6101 0000 | 040f 85cf | 0500 0049 | 8b87 b801 | 0000 488d 
  0x000002eba79480e0: 7828 493b | bfc8 0100 | 000f 87b7 | 0500 0049 | 89bf b801 | 0000 48c7 | 0001 0000 | 0048 8bca 
  0x000002eba7948100: 48c1 e903 | 8948 0848 | 33c9 8948 | 0c48 33c9 | 4889 4810 | 4889 4818 | 4889 4820 

  0x000002eba794811c: ;   {metadata('java/lang/StringBuilder')}
  0x000002eba794811c: 48ba d831 | 0500 0100 | 0000 4889 | 8424 1001 | 0000 498b | 87b8 0100 | 0048 8d78 | 1849 3bbf 
  0x000002eba794813c: c801 0000 | 0f87 6d05 | 0000 4989 | bfb8 0100 | 0048 c700 | 0100 0000 | 488b ca48 | c1e9 0389 
  0x000002eba794815c: 4808 4833 | c989 480c | 4833 c948 | 8948 104c 

  0x000002eba794816c: ;   {metadata(method data for {method} {0x000002ebbd0f9f60} 'defineClass' '(Ljava/lang/String;Ljdk/internal/loader/Resource;)Ljava/lang/Class;' in 'java/net/URLClassLoader')}
  0x000002eba794816c: 8bc0 48ba | 8020 95bd | eb02 0000 | 4883 8290 | 0300 0001 

  0x000002eba7948180: ;   {metadata(method data for {method} {0x000002ebbd0cf1d8} '<init>' '()V' in 'java/lang/StringBuilder')}
  0x000002eba7948180: 49b8 289c | 32bd eb02 | 0000 418b | 90cc 0000 | 0083 c202 | 4189 90cc | 0000 0081 | e2fe ff1f 
  0x000002eba79481a0: 0085 d20f | 8417 0500 | 004c 8bc0 

  0x000002eba79481ac: ;   {metadata(method data for {method} {0x000002ebbd0cf1d8} '<init>' '()V' in 'java/lang/StringBuilder')}
  0x000002eba79481ac: 48ba 289c | 32bd eb02 | 0000 4883 | 8210 0100 | 0001 41b8 | 1000 0000 | 488b d048 | 8984 2408 
  0x000002eba79481cc: ;   {optimized virtual_call}
  0x000002eba79481cc: 0100 00e8 

  0x000002eba79481d0: ; ImmutableOopMap {[216]=Oop [264]=Oop [272]=Oop }
                      ;*invokespecial <init> {reexecute=0 rethrow=0 return_oop=0}
                      ; - java.lang.StringBuilder::<init>@3
                      ; - java.net.URLClassLoader::defineClass@111
  0x000002eba79481d0: ac68 5507 

  0x000002eba79481d4: ;   {other}
  0x000002eba79481d4: 0f1f 8400 | c417 0014 | 488b 8424 | 0801 0000 

  0x000002eba79481e4: ;   {metadata(method data for {method} {0x000002ebbd0f9f60} 'defineClass' '(Ljava/lang/String;Ljdk/internal/loader/Resource;)Ljava/lang/Class;' in 'java/net/URLClassLoader')}
  0x000002eba79481e4: 49b8 8020 | 95bd eb02 | 0000 4983 | 80a0 0300 

  0x000002eba79481f4: ;   {metadata(method data for {method} {0x000002ebbd0cf648} 'append' '(Ljava/lang/String;)Ljava/lang/StringBuilder;' in 'java/lang/StringBuilder')}
  0x000002eba79481f4: 0001 49b8 | 189f 32bd | eb02 0000 | 418b 90cc | 0000 0083 | c202 4189 | 90cc 0000 | 0081 e2fe 
  0x000002eba7948214: ff1f 0085 | d20f 84c2 | 0400 0048 | 8b84 2408 

  0x000002eba7948224: ;   {metadata(method data for {method} {0x000002ebbd0cf648} 'append' '(Ljava/lang/String;)Ljava/lang/StringBuilder;' in 'java/lang/StringBuilder')}
  0x000002eba7948224: 0100 0049 | b818 9f32 | bdeb 0200 | 0049 8380 | 1001 0000 

  0x000002eba7948238: ;   {oop("Cannot find package "{0x00000000ffb75b58})}
  0x000002eba7948238: 0149 b858 | 5bb7 ff00 | 0000 0048 | 8b94 2408 | 0100 000f 

  0x000002eba794824c: ;   {optimized virtual_call}
  0x000002eba794824c: 1f40 00e8 

  0x000002eba7948250: ; ImmutableOopMap {[216]=Oop [264]=Oop [272]=Oop }
                      ;*invokespecial append {reexecute=0 rethrow=0 return_oop=0}
                      ; - java.lang.StringBuilder::append@2
                      ; - java.net.URLClassLoader::defineClass@116
  0x000002eba7948250: 2c68 5507 

  0x000002eba7948254: ;   {other}
  0x000002eba7948254: 0f1f 8400 | 4418 0015 | 488b 8424 | 0801 0000 

  0x000002eba7948264: ;   {metadata(method data for {method} {0x000002ebbd0f9f60} 'defineClass' '(Ljava/lang/String;Ljdk/internal/loader/Resource;)Ljava/lang/Class;' in 'java/net/URLClassLoader')}
  0x000002eba7948264: 49b8 8020 | 95bd eb02 | 0000 4983 | 80d8 0300 

  0x000002eba7948274: ;   {metadata(method data for {method} {0x000002ebbd0cf648} 'append' '(Ljava/lang/String;)Ljava/lang/StringBuilder;' in 'java/lang/StringBuilder')}
  0x000002eba7948274: 0001 49b8 | 189f 32bd | eb02 0000 | 418b 90cc | 0000 0083 | c202 4189 | 90cc 0000 | 0081 e2fe 
  0x000002eba7948294: ff1f 0085 | d20f 8463 | 0400 0048 | 8b84 2408 

  0x000002eba79482a4: ;   {metadata(method data for {method} {0x000002ebbd0cf648} 'append' '(Ljava/lang/String;)Ljava/lang/StringBuilder;' in 'java/lang/StringBuilder')}
  0x000002eba79482a4: 0100 0049 | b818 9f32 | bdeb 0200 | 0049 8380 | 1001 0000 | 014c 8b84 | 24d8 0000 | 0048 8b94 
  0x000002eba79482c4: 2408 0100 | 0066 0f1f 

  0x000002eba79482cc: ;   {optimized virtual_call}
  0x000002eba79482cc: 4400 00e8 

  0x000002eba79482d0: ; ImmutableOopMap {[264]=Oop [272]=Oop }
                      ;*invokespecial append {reexecute=0 rethrow=0 return_oop=0}
                      ; - java.lang.StringBuilder::append@2
                      ; - java.net.URLClassLoader::defineClass@121
  0x000002eba79482d0: ac67 5507 

  0x000002eba79482d4: ;   {other}
  0x000002eba79482d4: 0f1f 8400 | c418 0016 | 488b 8424 | 0801 0000 

  0x000002eba79482e4: ;   {metadata(method data for {method} {0x000002ebbd0f9f60} 'defineClass' '(Ljava/lang/String;Ljdk/internal/loader/Resource;)Ljava/lang/Class;' in 'java/net/URLClassLoader')}
  0x000002eba79482e4: 48ba 8020 | 95bd eb02 | 0000 4883 | 8210 0400 

  0x000002eba79482f4: ;   {metadata(method data for {method} {0x000002ebbd0d0f38} 'toString' '()Ljava/lang/String;' in 'java/lang/StringBuilder')}
  0x000002eba79482f4: 0001 48ba | 70a6 32bd | eb02 0000 | 8bb2 cc00 | 0000 83c6 | 0289 b2cc | 0000 0081 | e6fe ff1f 
  0x000002eba7948314: 0085 f60f | 8406 0400 

  0x000002eba794831c: ;   {metadata('java/lang/String')}
  0x000002eba794831c: 0048 ba90 | 2004 0001 | 0000 0049 | 8b87 b801 | 0000 488d | 7818 493b | bfc8 0100 | 000f 8705 
  0x000002eba794833c: 0400 0049 | 89bf b801 | 0000 48c7 | 0001 0000 | 0048 8bca | 48c1 e903 | 8948 0848 | 33c9 8948 
  0x000002eba794835c: 0c48 33c9 | 4889 4810 

  0x000002eba7948364: ;   {metadata(method data for {method} {0x000002ebbd0d0f38} 'toString' '()Ljava/lang/String;' in 'java/lang/StringBuilder')}
  0x000002eba7948364: 4c8b c049 | b970 a632 | bdeb 0200 | 0049 8381 | 1001 0000 

  0x000002eba7948378: ;   {metadata(method data for {method} {0x000002ebbd009c78} '<init>' '(Ljava/lang/StringBuilder;)V' in 'java/lang/String')}
  0x000002eba7948378: 0149 b8b8 | a732 bdeb | 0200 0045 | 8b88 cc00 | 0000 4183 | c102 4589 | 88cc 0000 | 0041 81e1 
  0x000002eba7948398: feff 1f00 | 4585 c90f | 84ac 0300 | 004c 8bc0 

  0x000002eba79483a8: ;   {metadata(method data for {method} {0x000002ebbd009c78} '<init>' '(Ljava/lang/StringBuilder;)V' in 'java/lang/String')}
  0x000002eba79483a8: 49b9 b8a7 | 32bd eb02 | 0000 4983 | 8110 0100 | 0001 4c8b | 8424 0801 

  0x000002eba79483c0: ;   {oop(nullptr)}
  0x000002eba79483c0: 0000 49b9 | 0000 0000 | 0000 0000 | 488b d048 | 8984 2418 

  0x000002eba79483d4: ;   {optimized virtual_call}
  0x000002eba79483d4: 0100 00e8 

  0x000002eba79483d8: ; ImmutableOopMap {[272]=Oop [280]=Oop }
                      ;*invokespecial <init> {reexecute=0 rethrow=0 return_oop=0}
                      ; - java.lang.String::<init>@3
                      ; - java.lang.StringBuilder::toString@5
                      ; - java.net.URLClassLoader::defineClass@124
  0x000002eba79483d8: a466 5507 

  0x000002eba79483dc: ;   {other}
  0x000002eba79483dc: 0f1f 8400 | cc19 0017 | 488b 8424 | 1001 0000 

  0x000002eba79483ec: ;   {metadata(method data for {method} {0x000002ebbd0f9f60} 'defineClass' '(Ljava/lang/String;Ljdk/internal/loader/Resource;)Ljava/lang/Class;' in 'java/net/URLClassLoader')}
  0x000002eba79483ec: 49b8 8020 | 95bd eb02 | 0000 4983 | 8048 0400 | 0001 4c8b | 8424 1801 | 0000 488b | 9424 1001 
  0x000002eba794840c: ;   {optimized virtual_call}
  0x000002eba794840c: 0000 90e8 

  0x000002eba7948410: ; ImmutableOopMap {[272]=Oop }
                      ;*invokespecial <init> {reexecute=0 rethrow=0 return_oop=0}
                      ; - java.net.URLClassLoader::defineClass@127
  0x000002eba7948410: 6c66 5507 

  0x000002eba7948414: ;   {other}
  0x000002eba7948414: 0f1f 8400 | 041a 0018 | 488b 8424 | 1001 0000 | e97c 0300 | 0049 8b87 | f804 0000 | 4d33 d24d 
  0x000002eba7948434: 8997 f804 | 0000 4d33 | d24d 8997 | 0005 0000 | 488b f048 | 8d84 2420 | 0100 0048 | 8b38 4885 
  0x000002eba7948454: ff0f 840f | 0000 0048 | 8b58 08f0 | 480f b13b | 0f85 0803 | 0000 49ff | 8f48 0500 | 0048 8bc6 
  0x000002eba7948474: e92c 0300 

  0x000002eba7948478: ;   {metadata({method} {0x000002ebbd0f9f60} 'defineClass' '(Ljava/lang/String;Ljdk/internal/loader/Resource;)Ljava/lang/Class;' in 'java/net/URLClassLoader')}
  0x000002eba7948478: 0049 ba58 | 9f0f bdeb | 0200 004c | 8954 2408 | 48c7 0424 | ffff ffff 

  0x000002eba7948490: ;   {runtime_call counter_overflow Runtime1 stub}
  0x000002eba7948490: e86b 1761 

  0x000002eba7948494: ; ImmutableOopMap {rdx=Oop r8=Oop r9=Oop [168]=Oop [176]=Oop [184]=Oop }
                      ;*synchronization entry
                      ; - java.net.URLClassLoader::defineClass@-1
  0x000002eba7948494: 07e9 24ea 

  0x000002eba7948498: ;   {runtime_call throw_null_pointer_exception Runtime1 stub}
  0x000002eba7948498: ffff e861 

  0x000002eba794849c: ; ImmutableOopMap {r8=Oop [168]=Oop [176]=Oop [184]=Oop }
                      ;*invokevirtual lastIndexOf {reexecute=0 rethrow=0 return_oop=0}
                      ; - java.net.URLClassLoader::defineClass@7
                      ;   {metadata({method} {0x000002ebbd00b730} 'lastIndexOf' '(I)I' in 'java/lang/String')}
  0x000002eba794849c: c660 0749 | ba28 b700 | bdeb 0200 | 004c 8954 | 2408 48c7 | 0424 ffff 

  0x000002eba79484b4: ;   {runtime_call counter_overflow Runtime1 stub}
  0x000002eba79484b4: ffff e845 

  0x000002eba79484b8: ; ImmutableOopMap {r8=Oop [168]=Oop [176]=Oop [184]=Oop }
                      ;*synchronization entry
                      ; - java.lang.String::lastIndexOf@-1
                      ; - java.net.URLClassLoader::defineClass@7
  0x000002eba79484b8: 1761 07e9 | 73ea ffff 

  0x000002eba79484c0: ;   {metadata({method} {0x000002ebbd009d30} 'length' '()I' in 'java/lang/String')}
  0x000002eba79484c0: 49ba 289d | 00bd eb02 | 0000 4c89 | 5424 0848 | c704 24ff 

  0x000002eba79484d4: ;   {runtime_call counter_overflow Runtime1 stub}
  0x000002eba79484d4: ffff ffe8 

  0x000002eba79484d8: ; ImmutableOopMap {r8=Oop [168]=Oop [176]=Oop [184]=Oop }
                      ;*synchronization entry
                      ; - java.lang.String::length@-1
                      ; - java.lang.String::lastIndexOf@3
                      ; - java.net.URLClassLoader::defineClass@7
  0x000002eba79484d8: 2417 6107 | e98e eaff 

  0x000002eba79484e0: ;   {runtime_call throw_null_pointer_exception Runtime1 stub}
  0x000002eba79484e0: ffe8 1ac6 

  0x000002eba79484e4: ; ImmutableOopMap {r8=Oop rsi=Oop [168]=Oop [176]=Oop [184]=Oop }
                      ;*arraylength {reexecute=0 rethrow=0 return_oop=0}
                      ; - java.lang.String::length@4
                      ; - java.lang.String::lastIndexOf@3
                      ; - java.net.URLClassLoader::defineClass@7
                      ;   {metadata({method} {0x000002ebbd00f8a0} 'coder' '()B' in 'java/lang/String')}
  0x000002eba79484e4: 6007 49ba | 98f8 00bd | eb02 0000 | 4c89 5424 | 0848 c704 | 24ff ffff 

  0x000002eba79484fc: ;   {runtime_call counter_overflow Runtime1 stub}
  0x000002eba79484fc: ffe8 fe16 

  0x000002eba7948500: ; ImmutableOopMap {r8=Oop rsi=Oop [168]=Oop [176]=Oop [184]=Oop }
                      ;*synchronization entry
                      ; - java.lang.String::coder@-1
                      ; - java.lang.String::length@6
                      ; - java.lang.String::lastIndexOf@3
                      ; - java.net.URLClassLoader::defineClass@7
  0x000002eba7948500: 6107 e9b0 

  0x000002eba7948504: ;   {metadata({method} {0x000002ebbd00b7f8} 'lastIndexOf' '(II)I' in 'java/lang/String')}
  0x000002eba7948504: eaff ff49 | baf0 b700 | bdeb 0200 | 004c 8954 | 2408 48c7 | 0424 ffff 

  0x000002eba794851c: ;   {runtime_call counter_overflow Runtime1 stub}
  0x000002eba794851c: ffff e8dd 

  0x000002eba7948520: ; ImmutableOopMap {r8=Oop rsi=Oop [168]=Oop [176]=Oop [184]=Oop }
                      ;*synchronization entry
                      ; - java.lang.String::lastIndexOf@-1
                      ; - java.lang.String::lastIndexOf@8
                      ; - java.net.URLClassLoader::defineClass@7
  0x000002eba7948520: 1661 07e9 | 00eb ffff 

  0x000002eba7948528: ;   {metadata({method} {0x000002ebbd00fa20} 'isLatin1' '()Z' in 'java/lang/String')}
  0x000002eba7948528: 49ba 18fa | 00bd eb02 | 0000 4c89 | 5424 0848 | c704 24ff 

  0x000002eba794853c: ;   {runtime_call counter_overflow Runtime1 stub}
  0x000002eba794853c: ffff ffe8 

  0x000002eba7948540: ; ImmutableOopMap {r8=Oop rsi=Oop [168]=Oop [176]=Oop [184]=Oop }
                      ;*synchronization entry
                      ; - java.lang.String::isLatin1@-1
                      ; - java.lang.String::lastIndexOf@1
                      ; - java.lang.String::lastIndexOf@8
                      ; - java.net.URLClassLoader::defineClass@7
  0x000002eba7948540: bc16 6107 | e91b ebff 

  0x000002eba7948548: ;   {runtime_call throw_null_pointer_exception Runtime1 stub}
  0x000002eba7948548: ffe8 b2c5 

  0x000002eba794854c: ; ImmutableOopMap {r9=Oop [168]=Oop [176]=Oop [184]=Oop }
                      ;*invokevirtual getCodeSourceURL {reexecute=0 rethrow=0 return_oop=0}
                      ; - java.net.URLClassLoader::defineClass@13
                      ;   {metadata({method} {0x000002ebbd50a7c8} 'getByteBuffer' '()Ljava/nio/ByteBuffer;' in 'jdk/internal/loader/Resource')}
  0x000002eba794854c: 6007 49ba | c0a7 50bd | eb02 0000 | 4c89 5424 | 0848 c704 | 24ff ffff 

  0x000002eba7948564: ;   {runtime_call counter_overflow Runtime1 stub}
  0x000002eba7948564: ffe8 9616 

  0x000002eba7948568: ; ImmutableOopMap {r9=Oop [168]=Oop [176]=Oop [184]=Oop [208]=Oop }
                      ;*synchronization entry
                      ; - jdk.internal.loader.Resource::getByteBuffer@-1
                      ; - java.net.URLClassLoader::defineClass@132
  0x000002eba7948568: 6107 e9ad | f1ff ff4c | 894c 2408 | 4889 1424 

  0x000002eba7948578: ;   {runtime_call monitorenter_nofpu Runtime1 stub}
  0x000002eba7948578: e883 f560 

  0x000002eba794857c: ; ImmutableOopMap {r9=Oop [168]=Oop [176]=Oop [184]=Oop [208]=Oop [296]=Oop }
                      ;*synchronization entry
                      ; - jdk.internal.loader.Resource::cachedInputStream@-1
                      ; - jdk.internal.loader.Resource::getByteBuffer@1
                      ; - java.net.URLClassLoader::defineClass@132
  0x000002eba794857c: 07e9 e9f1 

  0x000002eba7948580: ;   {metadata({method} {0x000002ebbd50a460} 'cachedInputStream' '()Ljava/io/InputStream;' in 'jdk/internal/loader/Resource')}
  0x000002eba7948580: ffff 49ba | 58a4 50bd | eb02 0000 | 4c89 5424 | 0848 c704 | 24ff ffff 

  0x000002eba7948598: ;   {runtime_call counter_overflow Runtime1 stub}
  0x000002eba7948598: ffe8 6216 

  0x000002eba794859c: ; ImmutableOopMap {r9=Oop [168]=Oop [176]=Oop [184]=Oop [208]=Oop [296]=Oop }
                      ;*synchronization entry
                      ; - jdk.internal.loader.Resource::cachedInputStream@-1
                      ; - jdk.internal.loader.Resource::getByteBuffer@1
                      ; - java.net.URLClassLoader::defineClass@132
  0x000002eba794859c: 6107 e9ef | f1ff ff41 | 8b51 0c48 | 83fa 000f | 84d0 f2ff | ff48 8914 

  0x000002eba79485b4: ;   {runtime_call g1_pre_barrier_slow}
  0x000002eba79485b4: 24e8 461c | 6107 e9c2 | f2ff ff48 | 83f8 000f | 84d3 f2ff | ff4c 890c 

  0x000002eba79485cc: ;   {runtime_call g1_post_barrier_slow}
  0x000002eba79485cc: 24e8 2e1f | 6107 e9c5 | f2ff ff48 | 8d84 2420 | 0100 0048 

  0x000002eba79485e0: ;   {runtime_call monitorexit_nofpu Runtime1 stub}
  0x000002eba79485e0: 8904 24e8 | 18fb 6007 | e9dd f2ff | ff48 8914 

  0x000002eba79485f0: ;   {runtime_call throw_class_cast_exception Runtime1 stub}
  0x000002eba79485f0: 24e8 0ae9 

  0x000002eba79485f4: ; ImmutableOopMap {[168]=Oop [176]=Oop [184]=Oop [208]=Oop }
                      ;*checkcast {reexecute=0 rethrow=0 return_oop=0}
                      ; - jdk.internal.loader.Resource::getByteBuffer@13
                      ; - java.net.URLClassLoader::defineClass@132
                      ;   {runtime_call throw_null_pointer_exception Runtime1 stub}
  0x000002eba79485f4: 6007 e805 

  0x000002eba79485f8: ; ImmutableOopMap {rdx=Oop [168]=Oop [176]=Oop [184]=Oop [208]=Oop }
                      ;*invokeinterface getByteBuffer {reexecute=0 rethrow=0 return_oop=0}
                      ; - jdk.internal.loader.Resource::getByteBuffer@16
                      ; - java.net.URLClassLoader::defineClass@132
  0x000002eba79485f8: c560 0748 

  0x000002eba79485fc: ;   {runtime_call fast_new_instance Runtime1 stub}
  0x000002eba79485fc: 8bd2 e8fd 

  0x000002eba7948600: ; ImmutableOopMap {r9=Oop [168]=Oop [184]=Oop [208]=Oop [232]=Oop }
                      ;*new {reexecute=0 rethrow=0 return_oop=0}
                      ; - java.net.URLClassLoader::defineClass@148
  0x000002eba7948600: cd60 07e9 | cef6 ffff 

  0x000002eba7948608: ;   {metadata({method} {0x000002ebbd570ab8} 'getReadClassBytesTime' '()Ljdk/internal/perf/PerfCounter;' in 'jdk/internal/perf/PerfCounter')}
  0x000002eba7948608: 49ba b00a | 57bd eb02 | 0000 4c89 | 5424 0848 | c704 24ff 

  0x000002eba794861c: ;   {runtime_call counter_overflow Runtime1 stub}
  0x000002eba794861c: ffff ffe8 

  0x000002eba7948620: ; ImmutableOopMap {[168]=Oop [184]=Oop [232]=Oop [240]=Oop }
                      ;*synchronization entry
                      ; - jdk.internal.perf.PerfCounter::getReadClassBytesTime@-1
                      ; - java.net.URLClassLoader::defineClass@161
  0x000002eba7948620: dc15 6107 | e91e f7ff 

  0x000002eba7948628: ;   {internal_word}
  0x000002eba7948628: ff49 badc | 7d94 a7eb | 0200 004d | 8997 6004 

  0x000002eba7948638: ;   {runtime_call SafepointBlob}
  0x000002eba7948638: 0000 e9c1 | cd55 0748 

  0x000002eba7948640: ;   {runtime_call fast_new_instance Runtime1 stub}
  0x000002eba7948640: 8bd2 e8b9 

  0x000002eba7948644: ; ImmutableOopMap {r9=Oop [168]=Oop [184]=Oop [208]=Oop [248]=Oop }
                      ;*new {reexecute=0 rethrow=0 return_oop=0}
                      ; - java.net.URLClassLoader::defineClass@190
  0x000002eba7948644: cd60 07e9 | 5af9 ffff 

  0x000002eba794864c: ;   {metadata({method} {0x000002ebbd570ab8} 'getReadClassBytesTime' '()Ljdk/internal/perf/PerfCounter;' in 'jdk/internal/perf/PerfCounter')}
  0x000002eba794864c: 49ba b00a | 57bd eb02 | 0000 4c89 | 5424 0848 | c704 24ff 

  0x000002eba7948660: ;   {runtime_call counter_overflow Runtime1 stub}
  0x000002eba7948660: ffff ffe8 

  0x000002eba7948664: ; ImmutableOopMap {[168]=Oop [184]=Oop [248]=Oop [256]=Oop }
                      ;*synchronization entry
                      ; - jdk.internal.perf.PerfCounter::getReadClassBytesTime@-1
                      ; - java.net.URLClassLoader::defineClass@203
  0x000002eba7948664: 9815 6107 | e9aa f9ff 

  0x000002eba794866c: ;   {runtime_call throw_null_pointer_exception Runtime1 stub}
  0x000002eba794866c: ffe8 8ec4 

  0x000002eba7948670: ; ImmutableOopMap {rax=Oop [168]=Oop [184]=Oop [256]=Oop }
                      ;*arraylength {reexecute=0 rethrow=0 return_oop=0}
                      ; - java.net.URLClassLoader::defineClass@217
                      ;   {internal_word}
  0x000002eba7948670: 6007 49ba | ac80 94a7 | eb02 0000 | 4d89 9760 

  0x000002eba7948680: ;   {runtime_call SafepointBlob}
  0x000002eba7948680: 0400 00e9 | 78cd 5507 

  0x000002eba7948688: ;   {metadata(nullptr)}
  0x000002eba7948688: 48ba 0000 | 0000 0000 | 0000 b800 

  0x000002eba7948694: ;   {runtime_call load_klass_patching Runtime1 stub}
  0x000002eba7948694: 0f05 0ae8 

  0x000002eba7948698: ; ImmutableOopMap {[216]=Oop }
                      ;*new {reexecute=1 rethrow=0 return_oop=0}
                      ; - (reexecute) java.net.URLClassLoader::defineClass@103
  0x000002eba7948698: e404 6107 | e91f faff 

  0x000002eba79486a0: ;   {runtime_call throw_null_pointer_exception Runtime1 stub}
  0x000002eba79486a0: ffe8 5ac4 

  0x000002eba79486a4: ; ImmutableOopMap {[216]=Oop }
                      ;*new {reexecute=0 rethrow=0 return_oop=0}
                      ; - java.net.URLClassLoader::defineClass@103
  0x000002eba79486a4: 6007 488b 

  0x000002eba79486a8: ;   {runtime_call fast_new_instance_init_check Runtime1 stub}
  0x000002eba79486a8: d2e8 52d0 

  0x000002eba79486ac: ; ImmutableOopMap {[216]=Oop }
                      ;*new {reexecute=0 rethrow=0 return_oop=0}
                      ; - java.net.URLClassLoader::defineClass@103
  0x000002eba79486ac: 6007 e969 | faff ff48 

  0x000002eba79486b4: ;   {runtime_call fast_new_instance Runtime1 stub}
  0x000002eba79486b4: 8bd2 e845 

  0x000002eba79486b8: ; ImmutableOopMap {[216]=Oop [272]=Oop }
                      ;*new {reexecute=0 rethrow=0 return_oop=0}
                      ; - java.net.URLClassLoader::defineClass@107
  0x000002eba79486b8: cd60 07e9 | abfa ffff 

  0x000002eba79486c0: ;   {metadata({method} {0x000002ebbd0cf1d8} '<init>' '()V' in 'java/lang/StringBuilder')}
  0x000002eba79486c0: 49ba d0f1 | 0cbd eb02 | 0000 4c89 | 5424 0848 | c704 24ff 

  0x000002eba79486d4: ;   {runtime_call counter_overflow Runtime1 stub}
  0x000002eba79486d4: ffff ffe8 

  0x000002eba79486d8: ; ImmutableOopMap {rax=Oop [216]=Oop [272]=Oop }
                      ;*synchronization entry
                      ; - java.lang.StringBuilder::<init>@-1
                      ; - java.net.URLClassLoader::defineClass@111
  0x000002eba79486d8: 2415 6107 | e9c8 faff 

  0x000002eba79486e0: ;   {metadata({method} {0x000002ebbd0cf648} 'append' '(Ljava/lang/String;)Ljava/lang/StringBuilder;' in 'java/lang/StringBuilder')}
  0x000002eba79486e0: ff49 ba40 | f60c bdeb | 0200 004c | 8954 2408 | 48c7 0424 | ffff ffff 

  0x000002eba79486f8: ;   {runtime_call counter_overflow Runtime1 stub}
  0x000002eba79486f8: e803 1561 

  0x000002eba79486fc: ; ImmutableOopMap {[216]=Oop [264]=Oop [272]=Oop }
                      ;*synchronization entry
                      ; - java.lang.StringBuilder::append@-1
                      ; - java.net.URLClassLoader::defineClass@116
  0x000002eba79486fc: 07e9 1dfb 

  0x000002eba7948700: ;   {metadata({method} {0x000002ebbd0cf648} 'append' '(Ljava/lang/String;)Ljava/lang/StringBuilder;' in 'java/lang/StringBuilder')}
  0x000002eba7948700: ffff 49ba | 40f6 0cbd | eb02 0000 | 4c89 5424 | 0848 c704 | 24ff ffff 

  0x000002eba7948718: ;   {runtime_call counter_overflow Runtime1 stub}
  0x000002eba7948718: ffe8 e214 

  0x000002eba794871c: ; ImmutableOopMap {[216]=Oop [264]=Oop [272]=Oop }
                      ;*synchronization entry
                      ; - java.lang.StringBuilder::append@-1
                      ; - java.net.URLClassLoader::defineClass@121
  0x000002eba794871c: 6107 e97c 

  0x000002eba7948720: ;   {metadata({method} {0x000002ebbd0d0f38} 'toString' '()Ljava/lang/String;' in 'java/lang/StringBuilder')}
  0x000002eba7948720: fbff ff49 | ba30 0f0d | bdeb 0200 | 004c 8954 | 2408 48c7 | 0424 ffff 

  0x000002eba7948738: ;   {runtime_call counter_overflow Runtime1 stub}
  0x000002eba7948738: ffff e8c1 

  0x000002eba794873c: ; ImmutableOopMap {[264]=Oop [272]=Oop }
                      ;*synchronization entry
                      ; - java.lang.StringBuilder::toString@-1
                      ; - java.net.URLClassLoader::defineClass@124
  0x000002eba794873c: 1461 07e9 | d9fb ffff 

  0x000002eba7948744: ;   {runtime_call fast_new_instance Runtime1 stub}
  0x000002eba7948744: 488b d2e8 

  0x000002eba7948748: ; ImmutableOopMap {[264]=Oop [272]=Oop }
                      ;*new {reexecute=0 rethrow=0 return_oop=0}
                      ; - java.lang.StringBuilder::toString@0
                      ; - java.net.URLClassLoader::defineClass@124
  0x000002eba7948748: b4cc 6007 | e913 fcff 

  0x000002eba7948750: ;   {metadata({method} {0x000002ebbd009c78} '<init>' '(Ljava/lang/StringBuilder;)V' in 'java/lang/String')}
  0x000002eba7948750: ff49 ba70 | 9c00 bdeb | 0200 004c | 8954 2408 | 48c7 0424 | ffff ffff 

  0x000002eba7948768: ;   {runtime_call counter_overflow Runtime1 stub}
  0x000002eba7948768: e893 1461 

  0x000002eba794876c: ; ImmutableOopMap {rax=Oop [264]=Oop [272]=Oop }
                      ;*synchronization entry
                      ; - java.lang.String::<init>@-1
                      ; - java.lang.StringBuilder::toString@5
                      ; - java.net.URLClassLoader::defineClass@124
  0x000002eba794876c: 07e9 33fc | ffff 488d | 8424 2001 | 0000 4889 

  0x000002eba794877c: ;   {runtime_call monitorexit_nofpu Runtime1 stub}
  0x000002eba794877c: 0424 e87d | f960 07e9 | e9fc ffff | 498b 87f8 | 0400 0049 | c787 f804 | 0000 0000 | 0000 49c7 
  0x000002eba794879c: 8700 0500 | 0000 0000 | 0048 81c4 | 4001 0000 

  0x000002eba79487ac: ;   {runtime_call unwind_exception Runtime1 stub}
  0x000002eba79487ac: 5de9 4eb4 | 6007 f4f4 | f4f4 f4f4 
[Stub Code]
  0x000002eba79487b8: ;   {no_reloc}
  0x000002eba79487b8: 0f1f 4400 

  0x000002eba79487bc: ;   {static_stub}
  0x000002eba79487bc: 0048 bb00 | 0000 0000 

  0x000002eba79487c4: ;   {runtime_call nmethod}
  0x000002eba79487c4: 0000 00e9 | fbff ffff 

  0x000002eba79487cc: ;   {static_stub}
  0x000002eba79487cc: 9048 bb00 | 0000 0000 

  0x000002eba79487d4: ;   {runtime_call nmethod}
  0x000002eba79487d4: 0000 00e9 | fbff ffff 

  0x000002eba79487dc: ;   {static_stub}
  0x000002eba79487dc: 9048 bb00 | 0000 0000 

  0x000002eba79487e4: ;   {runtime_call nmethod}
  0x000002eba79487e4: 0000 00e9 | fbff ffff 

  0x000002eba79487ec: ;   {static_stub}
  0x000002eba79487ec: 9048 bb00 | 0000 0000 

  0x000002eba79487f4: ;   {runtime_call nmethod}
  0x000002eba79487f4: 0000 00e9 | fbff ffff 

  0x000002eba79487fc: ;   {static_stub}
  0x000002eba79487fc: 9048 bb00 | 0000 0000 

  0x000002eba7948804: ;   {runtime_call nmethod}
  0x000002eba7948804: 0000 00e9 | fbff ffff 

  0x000002eba794880c: ;   {static_stub}
  0x000002eba794880c: 9048 bb00 | 0000 0000 

  0x000002eba7948814: ;   {runtime_call nmethod}
  0x000002eba7948814: 0000 00e9 | fbff ffff 

  0x000002eba794881c: ;   {static_stub}
  0x000002eba794881c: 9048 bb00 | 0000 0000 

  0x000002eba7948824: ;   {runtime_call nmethod}
  0x000002eba7948824: 0000 00e9 | fbff ffff 

  0x000002eba794882c: ;   {static_stub}
  0x000002eba794882c: 9048 bb00 | 0000 0000 

  0x000002eba7948834: ;   {runtime_call nmethod}
  0x000002eba7948834: 0000 00e9 | fbff ffff 

  0x000002eba794883c: ;   {static_stub}
  0x000002eba794883c: 9048 bb00 | 0000 0000 

  0x000002eba7948844: ;   {runtime_call nmethod}
  0x000002eba7948844: 0000 00e9 | fbff ffff 

  0x000002eba794884c: ;   {static_stub}
  0x000002eba794884c: 9048 bb00 | 0000 0000 

  0x000002eba7948854: ;   {runtime_call nmethod}
  0x000002eba7948854: 0000 00e9 | fbff ffff 

  0x000002eba794885c: ;   {static_stub}
  0x000002eba794885c: 9048 bb00 | 0000 0000 

  0x000002eba7948864: ;   {runtime_call nmethod}
  0x000002eba7948864: 0000 00e9 | fbff ffff 

  0x000002eba794886c: ;   {static_stub}
  0x000002eba794886c: 9048 bb00 | 0000 0000 

  0x000002eba7948874: ;   {runtime_call nmethod}
  0x000002eba7948874: 0000 00e9 | fbff ffff 

  0x000002eba794887c: ;   {static_stub}
  0x000002eba794887c: 9048 bb00 | 0000 0000 

  0x000002eba7948884: ;   {runtime_call nmethod}
  0x000002eba7948884: 0000 00e9 | fbff ffff 

  0x000002eba794888c: ;   {static_stub}
  0x000002eba794888c: 9048 bb00 | 0000 0000 

  0x000002eba7948894: ;   {runtime_call nmethod}
  0x000002eba7948894: 0000 00e9 | fbff ffff 

  0x000002eba794889c: ;   {static_stub}
  0x000002eba794889c: 48bb 0000 | 0000 0000 

  0x000002eba79488a4: ;   {runtime_call nmethod}
  0x000002eba79488a4: 0000 e9fb 

  0x000002eba79488a8: ;   {static_stub}
  0x000002eba79488a8: ffff ff48 | bb60 d703 | bdeb 0200 

  0x000002eba79488b4: ;   {runtime_call I2C/C2I adapters}
  0x000002eba79488b4: 00e9 b2a5 

  0x000002eba79488b8: ;   {static_stub}
  0x000002eba79488b8: 5407 48bb | 0000 0000 | 0000 0000 

  0x000002eba79488c4: ;   {runtime_call nmethod}
  0x000002eba79488c4: e9fb ffff 

  0x000002eba79488c8: ;   {static_stub}
  0x000002eba79488c8: ff48 bb00 | 0000 0000 

  0x000002eba79488d0: ;   {runtime_call nmethod}
  0x000002eba79488d0: 0000 00e9 | fbff ffff 

  0x000002eba79488d8: ;   {static_stub}
  0x000002eba79488d8: 48bb 0000 | 0000 0000 

  0x000002eba79488e0: ;   {runtime_call nmethod}
  0x000002eba79488e0: 0000 e9fb 

  0x000002eba79488e4: ;   {static_stub}
  0x000002eba79488e4: ffff ff48 | bb00 0000 | 0000 0000 

  0x000002eba79488f0: ;   {runtime_call nmethod}
  0x000002eba79488f0: 00e9 fbff 

  0x000002eba79488f4: ;   {static_stub}
  0x000002eba79488f4: ffff 48bb | 0000 0000 | 0000 0000 

  0x000002eba7948900: ;   {runtime_call nmethod}
  0x000002eba7948900: e9fb ffff 

  0x000002eba7948904: ;   {static_stub}
  0x000002eba7948904: ff48 bb00 | 0000 0000 

  0x000002eba794890c: ;   {runtime_call nmethod}
  0x000002eba794890c: 0000 00e9 | fbff ffff 

  0x000002eba7948914: ;   {static_stub}
  0x000002eba7948914: 48bb 205b | 10bd eb02 

  0x000002eba794891c: ;   {runtime_call I2C/C2I adapters}
  0x000002eba794891c: 0000 e93f 

  0x000002eba7948920: ;   {runtime_call handle_exception_from_callee Runtime1 stub}
  0x000002eba7948920: 2555 07e8 | d8df 6007 

  0x000002eba7948928: ;   {external_word}
  0x000002eba7948928: 48b9 b061 | 17e2 f87f | 0000 4883 

  0x000002eba7948934: ;   {runtime_call}
  0x000002eba7948934: e4f0 48b8 | 70cf e5e1 | f87f 0000 

  0x000002eba7948940: ;   {section_word}
  0x000002eba7948940: ffd0 f449 | ba43 8994 | a7eb 0200 

  0x000002eba794894c: ;   {runtime_call DeoptimizationBlob}
  0x000002eba794894c: 0041 52e9 | 4cbd 5507 | f4f4 f4f4 
[/MachCode]


---------------  P R O C E S S  ---------------

Threads class SMR info:
_java_thread_list=0x000002ebbc8ddde0, length=106, elements={
0x000002eba47be720, 0x000002ebbbfe7c90, 0x000002ebbbff9270, 0x000002ebbbff98e0,
0x000002ebbc031910, 0x000002ebbc014570, 0x000002ebbc015750, 0x000002ebbc016930,
0x000002ebbc03dd50, 0x000002ebbc03eb20, 0x000002ebbc447f60, 0x000002ebc16b6d60,
0x000002ebc2951920, 0x000002ebc2ac5800, 0x000002ebc2e35eb0, 0x000002ebc22cd800,
0x000002ebc252fe60, 0x000002ebc23e4060, 0x000002ebc294ff90, 0x000002ebc2950620,
0x000002ebc294d830, 0x000002ebc294dec0, 0x000002ebc294f270, 0x000002ebc294d1a0,
0x000002ebc294e550, 0x000002ebc294f900, 0x000002ebc40c7b40, 0x000002ebc40cb650,
0x000002ebc40c8ef0, 0x000002ebc40c9580, 0x000002ebc40c9c10, 0x000002ebc40ca2a0,
0x000002ebc40cca00, 0x000002ebc40cddb0, 0x000002ebc40cc370, 0x000002ebc40ca930,
0x000002ebc40ce440, 0x000002ebc40cd090, 0x000002ebc40cafc0, 0x000002ebc40cead0,
0x000002ebc40cf160, 0x000002ebc33ee5f0, 0x000002ebc33eec80, 0x000002ebc33ef310,
0x000002ebc33ed8d0, 0x000002ebc33edf60, 0x000002ebc33ecbb0, 0x000002ebc33ef9a0,
0x000002ebc33ed240, 0x000002ebc33f0d50, 0x000002ebc33f2e20, 0x000002ebc33f06c0,
0x000002ebc33f2100, 0x000002ebc33f34b0, 0x000002ebc33f0030, 0x000002ebc33f41d0,
0x000002ebc33f1a70, 0x000002ebc33f13e0, 0x000002ebc33f3b40, 0x000002ebbc7c20b0,
0x000002ebbc7c3af0, 0x000002ebbc7c4ea0, 0x000002ebbc7c3460, 0x000002ebbc7c4180,
0x000002ebbc7c5530, 0x000002ebbc7c2740, 0x000002ebbc7c6f70, 0x000002ebbc7c7c90,
0x000002ebbc7c68e0, 0x000002ebbc7c89b0, 0x000002ebbc7c8320, 0x000002ebbc7c7600,
0x000002ebbc7c9040, 0x000002ebbc7c96d0, 0x000002ebbc7c6250, 0x000002ebc3fbc560,
0x000002ebc3fb90e0, 0x000002ebc3fbbed0, 0x000002ebc3fb9770, 0x000002ebc3fb9e00,
0x000002ebc3fba490, 0x000002ebc3fbab20, 0x000002ebc3fbb840, 0x000002ebc3ab93d0,
0x000002ebc3abb4a0, 0x000002ebc3ab8d40, 0x000002ebc3abbb30, 0x000002ebc3ab9a60,
0x000002ebc3ab86b0, 0x000002ebc3aba0f0, 0x000002ebc3abc1c0, 0x000002ebc3abd570,
0x000002ebc3abcee0, 0x000002ebc3abdc00, 0x000002ebc3abc850, 0x000002ebc3aba780,
0x000002ebc3abe290, 0x000002ebc3abae10, 0x000002ebc3abe920, 0x000002ebc3abefb0,
0x000002ebc3abf640, 0x000002ebc3abfcd0, 0x000002ebc427a6d0, 0x000002ebc4278c90,
0x000002ebc4278600, 0x000002ebc52fe9d0
}

Java Threads: ( => current thread )
  0x000002eba47be720 JavaThread "main"                              [_thread_blocked, id=23136, stack(0x000000f16e700000,0x000000f16e800000) (1024K)]
  0x000002ebbbfe7c90 JavaThread "Common-Cleaner"             daemon [_thread_blocked, id=11480, stack(0x000000f16ef00000,0x000000f16f000000) (1024K)]
  0x000002ebbbff9270 JavaThread "Reference Handler"          daemon [_thread_blocked, id=4372, stack(0x000000f16f000000,0x000000f16f100000) (1024K)]
  0x000002ebbbff98e0 JavaThread "Finalizer"                  daemon [_thread_blocked, id=18828, stack(0x000000f16f100000,0x000000f16f200000) (1024K)]
  0x000002ebbc031910 JavaThread "Signal Dispatcher"          daemon [_thread_blocked, id=25472, stack(0x000000f16f200000,0x000000f16f300000) (1024K)]
  0x000002ebbc014570 JavaThread "Attach Listener"            daemon [_thread_blocked, id=32256, stack(0x000000f16f300000,0x000000f16f400000) (1024K)]
  0x000002ebbc015750 JavaThread "Service Thread"             daemon [_thread_blocked, id=4360, stack(0x000000f16f400000,0x000000f16f500000) (1024K)]
  0x000002ebbc016930 JavaThread "Monitor Deflation Thread"   daemon [_thread_blocked, id=11876, stack(0x000000f16f500000,0x000000f16f600000) (1024K)]
  0x000002ebbc03dd50 JavaThread "C2 CompilerThread0"         daemon [_thread_blocked, id=24640, stack(0x000000f16f600000,0x000000f16f700000) (1024K)]
  0x000002ebbc03eb20 JavaThread "C1 CompilerThread0"         daemon [_thread_blocked, id=12396, stack(0x000000f16f700000,0x000000f16f800000) (1024K)]
  0x000002ebbc447f60 JavaThread "Notification Thread"        daemon [_thread_blocked, id=33016, stack(0x000000f16f800000,0x000000f16f900000) (1024K)]
  0x000002ebc16b6d60 JavaThread "Daemon health stats"               [_thread_blocked, id=31756, stack(0x000000f16ff00000,0x000000f170000000) (1024K)]
  0x000002ebc2951920 JavaThread "Incoming local TCP Connector on port 62804"        [_thread_in_native, id=33956, stack(0x000000f170000000,0x000000f170100000) (1024K)]
  0x000002ebc2ac5800 JavaThread "Daemon periodic checks"            [_thread_blocked, id=27440, stack(0x000000f170100000,0x000000f170200000) (1024K)]
  0x000002ebc2e35eb0 JavaThread "Daemon"                            [_thread_blocked, id=14724, stack(0x000000f170200000,0x000000f170300000) (1024K)]
  0x000002ebc22cd800 JavaThread "Handler for socket connection from /127.0.0.1:62804 to /127.0.0.1:62805"        [_thread_in_native, id=33816, stack(0x000000f170300000,0x000000f170400000) (1024K)]
  0x000002ebc252fe60 JavaThread "Cancel handler"                    [_thread_blocked, id=9800, stack(0x000000f170400000,0x000000f170500000) (1024K)]
=>0x000002ebc23e4060 JavaThread "Daemon worker"                     [_thread_in_vm, id=13504, stack(0x000000f170500000,0x000000f170600000) (1024K)]
  0x000002ebc294ff90 JavaThread "Asynchronous log dispatcher for DefaultDaemonConnection: socket connection from /127.0.0.1:62804 to /127.0.0.1:62805"        [_thread_blocked, id=24960, stack(0x000000f170600000,0x000000f170700000) (1024K)]
  0x000002ebc2950620 JavaThread "Stdin handler"                     [_thread_blocked, id=30352, stack(0x000000f170700000,0x000000f170800000) (1024K)]
  0x000002ebc294d830 JavaThread "Daemon client event forwarder"        [_thread_blocked, id=29812, stack(0x000000f170800000,0x000000f170900000) (1024K)]
  0x000002ebc294dec0 JavaThread "Cache worker for journal cache (C:\Users\thepe\.gradle\caches\journal-1)"        [_thread_blocked, id=33312, stack(0x000000f170c00000,0x000000f170d00000) (1024K)]
  0x000002ebc294f270 JavaThread "File lock request listener"        [_thread_in_native, id=25448, stack(0x000000f170d00000,0x000000f170e00000) (1024K)]
  0x000002ebc294d1a0 JavaThread "Cache worker for file hash cache (C:\Users\thepe\.gradle\caches\8.13\fileHashes)"        [_thread_blocked, id=12992, stack(0x000000f170e00000,0x000000f170f00000) (1024K)]
  0x000002ebc294e550 JavaThread "Cache worker for file hash cache (C:\Users\thepe\AndroidStudioProjects\intentoAppDatosMusica\intentoAppDatosMusica\.gradle\8.13\fileHashes)"        [_thread_blocked, id=24980, stack(0x000000f171000000,0x000000f171100000) (1024K)]
  0x000002ebc294f900 JavaThread "Cache worker for Build Output Cleanup Cache (C:\Users\thepe\AndroidStudioProjects\intentoAppDatosMusica\intentoAppDatosMusica\.gradle\buildOutputCleanup)"        [_thread_blocked, id=21772, stack(0x000000f171100000,0x000000f171200000) (1024K)]
  0x000002ebc40c7b40 JavaThread "File watcher server"        daemon [_thread_in_native, id=27616, stack(0x000000f171200000,0x000000f171300000) (1024K)]
  0x000002ebc40cb650 JavaThread "File watcher consumer"      daemon [_thread_blocked, id=12616, stack(0x000000f171300000,0x000000f171400000) (1024K)]
  0x000002ebc40c8ef0 JavaThread "jar transforms"                    [_thread_blocked, id=19816, stack(0x000000f171400000,0x000000f171500000) (1024K)]
  0x000002ebc40c9580 JavaThread "jar transforms Thread 2"           [_thread_blocked, id=25908, stack(0x000000f171500000,0x000000f171600000) (1024K)]
  0x000002ebc40c9c10 JavaThread "Cache worker for checksums cache (C:\Users\thepe\AndroidStudioProjects\intentoAppDatosMusica\intentoAppDatosMusica\.gradle\8.13\checksums)"        [_thread_blocked, id=31368, stack(0x000000f171600000,0x000000f171700000) (1024K)]
  0x000002ebc40ca2a0 JavaThread "Cache worker for file content cache (C:\Users\thepe\.gradle\caches\8.13\fileContent)"        [_thread_blocked, id=21592, stack(0x000000f171700000,0x000000f171800000) (1024K)]
  0x000002ebc40cca00 JavaThread "jar transforms Thread 3"           [_thread_blocked, id=21948, stack(0x000000f171800000,0x000000f171900000) (1024K)]
  0x000002ebc40cddb0 JavaThread "Cache worker for cache directory md-supplier (C:\Users\thepe\.gradle\caches\8.13\md-supplier)"        [_thread_blocked, id=27456, stack(0x000000f171900000,0x000000f171a00000) (1024K)]
  0x000002ebc40cc370 JavaThread "Cache worker for cache directory md-rule (C:\Users\thepe\.gradle\caches\8.13\md-rule)"        [_thread_blocked, id=1524, stack(0x000000f171a00000,0x000000f171b00000) (1024K)]
  0x000002ebc40ca930 JavaThread "Unconstrained build operations"        [_thread_blocked, id=23904, stack(0x000000f171b00000,0x000000f171c00000) (1024K)]
  0x000002ebc40ce440 JavaThread "Unconstrained build operations Thread 2"        [_thread_blocked, id=30832, stack(0x000000f171c00000,0x000000f171d00000) (1024K)]
  0x000002ebc40cd090 JavaThread "Unconstrained build operations Thread 3"        [_thread_blocked, id=10708, stack(0x000000f171d00000,0x000000f171e00000) (1024K)]
  0x000002ebc40cafc0 JavaThread "Unconstrained build operations Thread 4"        [_thread_blocked, id=21852, stack(0x000000f171e00000,0x000000f171f00000) (1024K)]
  0x000002ebc40cead0 JavaThread "Unconstrained build operations Thread 5"        [_thread_blocked, id=18376, stack(0x000000f171f00000,0x000000f172000000) (1024K)]
  0x000002ebc40cf160 JavaThread "Unconstrained build operations Thread 6"        [_thread_blocked, id=25832, stack(0x000000f172000000,0x000000f172100000) (1024K)]
  0x000002ebc33ee5f0 JavaThread "Unconstrained build operations Thread 7"        [_thread_blocked, id=21560, stack(0x000000f172100000,0x000000f172200000) (1024K)]
  0x000002ebc33eec80 JavaThread "Unconstrained build operations Thread 8"        [_thread_blocked, id=31156, stack(0x000000f172200000,0x000000f172300000) (1024K)]
  0x000002ebc33ef310 JavaThread "Unconstrained build operations Thread 9"        [_thread_blocked, id=22020, stack(0x000000f172300000,0x000000f172400000) (1024K)]
  0x000002ebc33ed8d0 JavaThread "Unconstrained build operations Thread 10"        [_thread_blocked, id=14824, stack(0x000000f172400000,0x000000f172500000) (1024K)]
  0x000002ebc33edf60 JavaThread "Unconstrained build operations Thread 11"        [_thread_blocked, id=17268, stack(0x000000f172500000,0x000000f172600000) (1024K)]
  0x000002ebc33ecbb0 JavaThread "Unconstrained build operations Thread 12"        [_thread_blocked, id=16772, stack(0x000000f172600000,0x000000f172700000) (1024K)]
  0x000002ebc33ef9a0 JavaThread "Unconstrained build operations Thread 13"        [_thread_blocked, id=704, stack(0x000000f172700000,0x000000f172800000) (1024K)]
  0x000002ebc33ed240 JavaThread "Unconstrained build operations Thread 14"        [_thread_blocked, id=21932, stack(0x000000f172800000,0x000000f172900000) (1024K)]
  0x000002ebc33f0d50 JavaThread "jar transforms Thread 4"           [_thread_blocked, id=7624, stack(0x000000f172900000,0x000000f172a00000) (1024K)]
  0x000002ebc33f2e20 JavaThread "jar transforms Thread 5"           [_thread_blocked, id=32944, stack(0x000000f172a00000,0x000000f172b00000) (1024K)]
  0x000002ebc33f06c0 JavaThread "Unconstrained build operations Thread 15"        [_thread_blocked, id=4204, stack(0x000000f172b00000,0x000000f172c00000) (1024K)]
  0x000002ebc33f2100 JavaThread "Unconstrained build operations Thread 16"        [_thread_blocked, id=23788, stack(0x000000f172c00000,0x000000f172d00000) (1024K)]
  0x000002ebc33f34b0 JavaThread "Unconstrained build operations Thread 17"        [_thread_blocked, id=11820, stack(0x000000f172d00000,0x000000f172e00000) (1024K)]
  0x000002ebc33f0030 JavaThread "Unconstrained build operations Thread 18"        [_thread_blocked, id=19512, stack(0x000000f172e00000,0x000000f172f00000) (1024K)]
  0x000002ebc33f41d0 JavaThread "Unconstrained build operations Thread 19"        [_thread_blocked, id=34528, stack(0x000000f172f00000,0x000000f173000000) (1024K)]
  0x000002ebc33f1a70 JavaThread "Unconstrained build operations Thread 20"        [_thread_blocked, id=15332, stack(0x000000f173000000,0x000000f173100000) (1024K)]
  0x000002ebc33f13e0 JavaThread "Unconstrained build operations Thread 21"        [_thread_blocked, id=16272, stack(0x000000f173100000,0x000000f173200000) (1024K)]
  0x000002ebc33f3b40 JavaThread "jar transforms Thread 6"           [_thread_blocked, id=9812, stack(0x000000f173200000,0x000000f173300000) (1024K)]
  0x000002ebbc7c20b0 JavaThread "jar transforms Thread 7"           [_thread_blocked, id=31408, stack(0x000000f173300000,0x000000f173400000) (1024K)]
  0x000002ebbc7c3af0 JavaThread "jar transforms Thread 8"           [_thread_blocked, id=24056, stack(0x000000f173400000,0x000000f173500000) (1024K)]
  0x000002ebbc7c4ea0 JavaThread "Unconstrained build operations Thread 22"        [_thread_blocked, id=28976, stack(0x000000f170f00000,0x000000f171000000) (1024K)]
  0x000002ebbc7c3460 JavaThread "Unconstrained build operations Thread 23"        [_thread_blocked, id=25004, stack(0x000000f173500000,0x000000f173600000) (1024K)]
  0x000002ebbc7c4180 JavaThread "Unconstrained build operations Thread 24"        [_thread_blocked, id=25160, stack(0x000000f173600000,0x000000f173700000) (1024K)]
  0x000002ebbc7c5530 JavaThread "Unconstrained build operations Thread 25"        [_thread_blocked, id=29504, stack(0x000000f173700000,0x000000f173800000) (1024K)]
  0x000002ebbc7c2740 JavaThread "Unconstrained build operations Thread 26"        [_thread_blocked, id=13436, stack(0x000000f173800000,0x000000f173900000) (1024K)]
  0x000002ebbc7c6f70 JavaThread "Unconstrained build operations Thread 27"        [_thread_blocked, id=22336, stack(0x000000f173900000,0x000000f173a00000) (1024K)]
  0x000002ebbc7c7c90 JavaThread "Unconstrained build operations Thread 28"        [_thread_blocked, id=9316, stack(0x000000f173a00000,0x000000f173b00000) (1024K)]
  0x000002ebbc7c68e0 JavaThread "Unconstrained build operations Thread 29"        [_thread_blocked, id=31144, stack(0x000000f173b00000,0x000000f173c00000) (1024K)]
  0x000002ebbc7c89b0 JavaThread "Unconstrained build operations Thread 30"        [_thread_blocked, id=28836, stack(0x000000f173c00000,0x000000f173d00000) (1024K)]
  0x000002ebbc7c8320 JavaThread "Unconstrained build operations Thread 31"        [_thread_blocked, id=23472, stack(0x000000f173d00000,0x000000f173e00000) (1024K)]
  0x000002ebbc7c7600 JavaThread "Unconstrained build operations Thread 32"        [_thread_blocked, id=28448, stack(0x000000f173e00000,0x000000f173f00000) (1024K)]
  0x000002ebbc7c9040 JavaThread "Unconstrained build operations Thread 33"        [_thread_blocked, id=27972, stack(0x000000f173f00000,0x000000f174000000) (1024K)]
  0x000002ebbc7c96d0 JavaThread "Unconstrained build operations Thread 34"        [_thread_blocked, id=28616, stack(0x000000f174000000,0x000000f174100000) (1024K)]
  0x000002ebbc7c6250 JavaThread "Unconstrained build operations Thread 35"        [_thread_blocked, id=34352, stack(0x000000f174100000,0x000000f174200000) (1024K)]
  0x000002ebc3fbc560 JavaThread "Unconstrained build operations Thread 36"        [_thread_blocked, id=2972, stack(0x000000f174200000,0x000000f174300000) (1024K)]
  0x000002ebc3fb90e0 JavaThread "Unconstrained build operations Thread 37"        [_thread_blocked, id=34088, stack(0x000000f174300000,0x000000f174400000) (1024K)]
  0x000002ebc3fbbed0 JavaThread "Unconstrained build operations Thread 38"        [_thread_blocked, id=16824, stack(0x000000f174400000,0x000000f174500000) (1024K)]
  0x000002ebc3fb9770 JavaThread "Unconstrained build operations Thread 39"        [_thread_blocked, id=5972, stack(0x000000f174500000,0x000000f174600000) (1024K)]
  0x000002ebc3fb9e00 JavaThread "Unconstrained build operations Thread 40"        [_thread_blocked, id=15128, stack(0x000000f174600000,0x000000f174700000) (1024K)]
  0x000002ebc3fba490 JavaThread "Unconstrained build operations Thread 41"        [_thread_blocked, id=19236, stack(0x000000f174700000,0x000000f174800000) (1024K)]
  0x000002ebc3fbab20 JavaThread "Unconstrained build operations Thread 42"        [_thread_blocked, id=34808, stack(0x000000f174800000,0x000000f174900000) (1024K)]
  0x000002ebc3fbb840 JavaThread "Unconstrained build operations Thread 43"        [_thread_blocked, id=7492, stack(0x000000f174a00000,0x000000f174b00000) (1024K)]
  0x000002ebc3ab93d0 JavaThread "Unconstrained build operations Thread 44"        [_thread_blocked, id=27080, stack(0x000000f174b00000,0x000000f174c00000) (1024K)]
  0x000002ebc3abb4a0 JavaThread "Unconstrained build operations Thread 45"        [_thread_blocked, id=19676, stack(0x000000f174c00000,0x000000f174d00000) (1024K)]
  0x000002ebc3ab8d40 JavaThread "Unconstrained build operations Thread 46"        [_thread_blocked, id=34300, stack(0x000000f174d00000,0x000000f174e00000) (1024K)]
  0x000002ebc3abbb30 JavaThread "Unconstrained build operations Thread 47"        [_thread_blocked, id=17376, stack(0x000000f174e00000,0x000000f174f00000) (1024K)]
  0x000002ebc3ab9a60 JavaThread "Unconstrained build operations Thread 48"        [_thread_blocked, id=33096, stack(0x000000f174f00000,0x000000f175000000) (1024K)]
  0x000002ebc3ab86b0 JavaThread "Unconstrained build operations Thread 49"        [_thread_blocked, id=18100, stack(0x000000f175000000,0x000000f175100000) (1024K)]
  0x000002ebc3aba0f0 JavaThread "Unconstrained build operations Thread 50"        [_thread_blocked, id=33020, stack(0x000000f175100000,0x000000f175200000) (1024K)]
  0x000002ebc3abc1c0 JavaThread "Unconstrained build operations Thread 51"        [_thread_blocked, id=9224, stack(0x000000f175200000,0x000000f175300000) (1024K)]
  0x000002ebc3abd570 JavaThread "Unconstrained build operations Thread 52"        [_thread_blocked, id=30536, stack(0x000000f175300000,0x000000f175400000) (1024K)]
  0x000002ebc3abcee0 JavaThread "Unconstrained build operations Thread 53"        [_thread_blocked, id=24764, stack(0x000000f175400000,0x000000f175500000) (1024K)]
  0x000002ebc3abdc00 JavaThread "Unconstrained build operations Thread 54"        [_thread_blocked, id=11684, stack(0x000000f175500000,0x000000f175600000) (1024K)]
  0x000002ebc3abc850 JavaThread "Unconstrained build operations Thread 55"        [_thread_blocked, id=496, stack(0x000000f175600000,0x000000f175700000) (1024K)]
  0x000002ebc3aba780 JavaThread "Unconstrained build operations Thread 56"        [_thread_blocked, id=13784, stack(0x000000f175700000,0x000000f175800000) (1024K)]
  0x000002ebc3abe290 JavaThread "Unconstrained build operations Thread 57"        [_thread_blocked, id=17860, stack(0x000000f175800000,0x000000f175900000) (1024K)]
  0x000002ebc3abae10 JavaThread "Unconstrained build operations Thread 58"        [_thread_blocked, id=33392, stack(0x000000f175900000,0x000000f175a00000) (1024K)]
  0x000002ebc3abe920 JavaThread "Unconstrained build operations Thread 59"        [_thread_blocked, id=19972, stack(0x000000f175a00000,0x000000f175b00000) (1024K)]
  0x000002ebc3abefb0 JavaThread "Unconstrained build operations Thread 60"        [_thread_blocked, id=25940, stack(0x000000f175b00000,0x000000f175c00000) (1024K)]
  0x000002ebc3abf640 JavaThread "Unconstrained build operations Thread 61"        [_thread_blocked, id=33592, stack(0x000000f175c00000,0x000000f175d00000) (1024K)]
  0x000002ebc3abfcd0 JavaThread "Unconstrained build operations Thread 62"        [_thread_blocked, id=33308, stack(0x000000f175d00000,0x000000f175e00000) (1024K)]
  0x000002ebc427a6d0 JavaThread "Unconstrained build operations Thread 63"        [_thread_blocked, id=24524, stack(0x000000f175e00000,0x000000f175f00000) (1024K)]
  0x000002ebc4278c90 JavaThread "build event listener"              [_thread_blocked, id=14512, stack(0x000000f174900000,0x000000f174a00000) (1024K)]
  0x000002ebc4278600 JavaThread "Memory manager"                    [_thread_blocked, id=4948, stack(0x000000f175f00000,0x000000f176000000) (1024K)]
  0x000002ebc52fe9d0 JavaThread "C2 CompilerThread1"         daemon [_thread_in_native, id=11016, stack(0x000000f16f900000,0x000000f16fa00000) (1024K)]
Total: 106

Other Threads:
  0x000002ebbbec8230 VMThread "VM Thread"                           [id=18876, stack(0x000000f16ee00000,0x000000f16ef00000) (1024K)]
  0x000002ebbbf619e0 WatcherThread "VM Periodic Task Thread"        [id=34524, stack(0x000000f16ed00000,0x000000f16ee00000) (1024K)]
  0x000002eba48184e0 WorkerThread "GC Thread#0"                     [id=9124, stack(0x000000f16e800000,0x000000f16e900000) (1024K)]
  0x000002ebbc6bf690 WorkerThread "GC Thread#1"                     [id=34372, stack(0x000000f16fa00000,0x000000f16fb00000) (1024K)]
  0x000002ebbc6bfa30 WorkerThread "GC Thread#2"                     [id=20124, stack(0x000000f16fb00000,0x000000f16fc00000) (1024K)]
  0x000002ebbc6f5fe0 WorkerThread "GC Thread#3"                     [id=10776, stack(0x000000f16fc00000,0x000000f16fd00000) (1024K)]
  0x000002ebbc6f6380 WorkerThread "GC Thread#4"                     [id=29260, stack(0x000000f16fd00000,0x000000f16fe00000) (1024K)]
  0x000002ebbc6f6720 WorkerThread "GC Thread#5"                     [id=7184, stack(0x000000f16fe00000,0x000000f16ff00000) (1024K)]
  0x000002ebc1c60540 WorkerThread "GC Thread#6"                     [id=21044, stack(0x000000f170900000,0x000000f170a00000) (1024K)]
  0x000002ebc1c608e0 WorkerThread "GC Thread#7"                     [id=3616, stack(0x000000f170a00000,0x000000f170b00000) (1024K)]
  0x000002eba48293d0 ConcurrentGCThread "G1 Main Marker"            [id=11396, stack(0x000000f16e900000,0x000000f16ea00000) (1024K)]
  0x000002eba482ac20 WorkerThread "G1 Conc#0"                       [id=17932, stack(0x000000f16ea00000,0x000000f16eb00000) (1024K)]
  0x000002ebc2e40000 WorkerThread "G1 Conc#1"                       [id=17740, stack(0x000000f170b00000,0x000000f170c00000) (1024K)]
  0x000002ebbbdda6b0 ConcurrentGCThread "G1 Refine#0"               [id=30780, stack(0x000000f16eb00000,0x000000f16ec00000) (1024K)]
  0x000002ebbbddafd0 ConcurrentGCThread "G1 Service"                [id=27700, stack(0x000000f16ec00000,0x000000f16ed00000) (1024K)]
Total: 15

Threads with active compile tasks:
C2 CompilerThread1  11353 10023       4       java.lang.Class::getMethodsRecursive (99 bytes)
Total: 1

VM state: not at safepoint (normal execution)

VM Mutex/Monitor currently owned by a thread:  ([mutex/lock_event])
[0x00007ff8e23e6490] Metaspace_lock - owner thread: 0x000002ebc23e4060

Heap address: 0x0000000080000000, size: 2048 MB, Compressed Oops mode: 32-bit

CDS archive(s) not mapped
Compressed class space mapped at: 0x0000000100000000-0x0000000140000000, reserved size: 1073741824
Narrow klass base: 0x0000000000000000, Narrow klass shift: 3, Narrow klass range: 0x140000000

GC Precious Log:
 CardTable entry size: 512
 Card Set container configuration: InlinePtr #cards 5 size 8 Array Of Cards #cards 12 size 40 Howl #buckets 4 coarsen threshold 1843 Howl Bitmap #cards 512 size 80 coarsen threshold 460 Card regions per heap region 1 cards per card region 2048
 CPUs: 8 total, 8 available
 Memory: 16215M
 Large Page Support: Disabled
 NUMA Support: Disabled
 Compressed Oops: Enabled (32-bit)
 Heap Region Size: 1M
 Heap Min Capacity: 8M
 Heap Initial Capacity: 254M
 Heap Max Capacity: 2G
 Pre-touch: Disabled
 Parallel Workers: 8
 Concurrent Workers: 2
 Concurrent Refinement Workers: 8
 Periodic GC: Disabled

Heap:
 garbage-first heap   total 146432K, used 111252K [0x0000000080000000, 0x0000000100000000)
  region size 1024K, 24 young (24576K), 3 survivors (3072K)
 Metaspace       used 83614K, committed 85376K, reserved 1179648K
  class space    used 11483K, committed 12352K, reserved 1048576K

Heap Regions: E=young(eden), S=young(survivor), O=old, HS=humongous(starts), HC=humongous(continues), CS=collection set, F=free, TAMS=top-at-mark-start, PB=parsable bottom
|   0|0x0000000080000000, 0x0000000080100000, 0x0000000080100000|100%|HS|  |TAMS 0x0000000080000000| PB 0x0000000080000000| Complete 
|   1|0x0000000080100000, 0x0000000080200000, 0x0000000080200000|100%|HC|  |TAMS 0x0000000080100000| PB 0x0000000080100000| Complete 
|   2|0x0000000080200000, 0x0000000080300000, 0x0000000080300000|100%|HC|  |TAMS 0x0000000080200000| PB 0x0000000080200000| Complete 
|   3|0x0000000080300000, 0x0000000080400000, 0x0000000080400000|100%| O|  |TAMS 0x0000000080300000| PB 0x0000000080300000| Untracked 
|   4|0x0000000080400000, 0x0000000080500000, 0x0000000080500000|100%| O|  |TAMS 0x0000000080400000| PB 0x0000000080400000| Untracked 
|   5|0x0000000080500000, 0x0000000080600000, 0x0000000080600000|100%| O|  |TAMS 0x0000000080500000| PB 0x0000000080500000| Untracked 
|   6|0x0000000080600000, 0x0000000080700000, 0x0000000080700000|100%|HS|  |TAMS 0x0000000080600000| PB 0x0000000080600000| Complete 
|   7|0x0000000080700000, 0x0000000080800000, 0x0000000080800000|100%| O|  |TAMS 0x0000000080700000| PB 0x0000000080700000| Untracked 
|   8|0x0000000080800000, 0x0000000080900000, 0x0000000080900000|100%| O|  |TAMS 0x0000000080800000| PB 0x0000000080800000| Untracked 
|   9|0x0000000080900000, 0x0000000080a00000, 0x0000000080a00000|100%| O|  |TAMS 0x0000000080900000| PB 0x0000000080900000| Untracked 
|  10|0x0000000080a00000, 0x0000000080b00000, 0x0000000080b00000|100%| O|  |TAMS 0x0000000080a00000| PB 0x0000000080a00000| Untracked 
|  11|0x0000000080b00000, 0x0000000080c00000, 0x0000000080c00000|100%| O|  |TAMS 0x0000000080b00000| PB 0x0000000080b00000| Untracked 
|  12|0x0000000080c00000, 0x0000000080d00000, 0x0000000080d00000|100%| O|  |TAMS 0x0000000080c00000| PB 0x0000000080c00000| Untracked 
|  13|0x0000000080d00000, 0x0000000080e00000, 0x0000000080e00000|100%| O|  |TAMS 0x0000000080d00000| PB 0x0000000080d00000| Untracked 
|  14|0x0000000080e00000, 0x0000000080f00000, 0x0000000080f00000|100%| O|  |TAMS 0x0000000080e00000| PB 0x0000000080e00000| Untracked 
|  15|0x0000000080f00000, 0x0000000081000000, 0x0000000081000000|100%| O|  |TAMS 0x0000000080f00000| PB 0x0000000080f00000| Untracked 
|  16|0x0000000081000000, 0x0000000081100000, 0x0000000081100000|100%| O|  |TAMS 0x0000000081000000| PB 0x0000000081000000| Untracked 
|  17|0x0000000081100000, 0x0000000081200000, 0x0000000081200000|100%| O|  |TAMS 0x0000000081100000| PB 0x0000000081100000| Untracked 
|  18|0x0000000081200000, 0x0000000081300000, 0x0000000081300000|100%| O|  |TAMS 0x0000000081200000| PB 0x0000000081200000| Untracked 
|  19|0x0000000081300000, 0x0000000081400000, 0x0000000081400000|100%| O|  |TAMS 0x0000000081300000| PB 0x0000000081300000| Untracked 
|  20|0x0000000081400000, 0x0000000081500000, 0x0000000081500000|100%| O|  |TAMS 0x0000000081400000| PB 0x0000000081400000| Untracked 
|  21|0x0000000081500000, 0x0000000081600000, 0x0000000081600000|100%|HS|  |TAMS 0x0000000081500000| PB 0x0000000081500000| Complete 
|  22|0x0000000081600000, 0x0000000081700000, 0x0000000081700000|100%|HC|  |TAMS 0x0000000081600000| PB 0x0000000081600000| Complete 
|  23|0x0000000081700000, 0x0000000081800000, 0x0000000081800000|100%| O|  |TAMS 0x0000000081700000| PB 0x0000000081700000| Untracked 
|  24|0x0000000081800000, 0x0000000081900000, 0x0000000081900000|100%| O|  |TAMS 0x0000000081800000| PB 0x0000000081800000| Untracked 
|  25|0x0000000081900000, 0x0000000081900000, 0x0000000081a00000|  0%| F|  |TAMS 0x0000000081900000| PB 0x0000000081900000| Untracked 
|  26|0x0000000081a00000, 0x0000000081b00000, 0x0000000081b00000|100%| O|  |TAMS 0x0000000081a00000| PB 0x0000000081a00000| Untracked 
|  27|0x0000000081b00000, 0x0000000081c00000, 0x0000000081c00000|100%| O|  |TAMS 0x0000000081b00000| PB 0x0000000081b00000| Untracked 
|  28|0x0000000081c00000, 0x0000000081d00000, 0x0000000081d00000|100%| O|  |TAMS 0x0000000081c00000| PB 0x0000000081c00000| Untracked 
|  29|0x0000000081d00000, 0x0000000081e00000, 0x0000000081e00000|100%| O|  |TAMS 0x0000000081d00000| PB 0x0000000081d00000| Untracked 
|  30|0x0000000081e00000, 0x0000000081f00000, 0x0000000081f00000|100%| O|  |TAMS 0x0000000081e00000| PB 0x0000000081e00000| Untracked 
|  31|0x0000000081f00000, 0x0000000082000000, 0x0000000082000000|100%| O|  |TAMS 0x0000000081f00000| PB 0x0000000081f00000| Untracked 
|  32|0x0000000082000000, 0x0000000082100000, 0x0000000082100000|100%| O|  |TAMS 0x0000000082000000| PB 0x0000000082000000| Untracked 
|  33|0x0000000082100000, 0x0000000082200000, 0x0000000082200000|100%| O|  |TAMS 0x0000000082100000| PB 0x0000000082100000| Untracked 
|  34|0x0000000082200000, 0x0000000082300000, 0x0000000082300000|100%| O|  |TAMS 0x0000000082200000| PB 0x0000000082200000| Untracked 
|  35|0x0000000082300000, 0x0000000082400000, 0x0000000082400000|100%| O|  |TAMS 0x0000000082300000| PB 0x0000000082300000| Untracked 
|  36|0x0000000082400000, 0x0000000082500000, 0x0000000082500000|100%| O|  |TAMS 0x0000000082400000| PB 0x0000000082400000| Untracked 
|  37|0x0000000082500000, 0x0000000082600000, 0x0000000082600000|100%| O|  |TAMS 0x0000000082500000| PB 0x0000000082500000| Untracked 
|  38|0x0000000082600000, 0x0000000082700000, 0x0000000082700000|100%|HS|  |TAMS 0x0000000082600000| PB 0x0000000082600000| Complete 
|  39|0x0000000082700000, 0x0000000082800000, 0x0000000082800000|100%|HS|  |TAMS 0x0000000082700000| PB 0x0000000082700000| Complete 
|  40|0x0000000082800000, 0x0000000082900000, 0x0000000082900000|100%| O|  |TAMS 0x0000000082800000| PB 0x0000000082800000| Untracked 
|  41|0x0000000082900000, 0x0000000082a00000, 0x0000000082a00000|100%| O|  |TAMS 0x0000000082900000| PB 0x0000000082900000| Untracked 
|  42|0x0000000082a00000, 0x0000000082b00000, 0x0000000082b00000|100%| O|  |TAMS 0x0000000082a00000| PB 0x0000000082a00000| Untracked 
|  43|0x0000000082b00000, 0x0000000082c00000, 0x0000000082c00000|100%|HS|  |TAMS 0x0000000082b00000| PB 0x0000000082b00000| Complete 
|  44|0x0000000082c00000, 0x0000000082d00000, 0x0000000082d00000|100%| O|  |TAMS 0x0000000082c00000| PB 0x0000000082c00000| Untracked 
|  45|0x0000000082d00000, 0x0000000082e00000, 0x0000000082e00000|100%| O|  |TAMS 0x0000000082d00000| PB 0x0000000082d00000| Untracked 
|  46|0x0000000082e00000, 0x0000000082f00000, 0x0000000082f00000|100%| O|  |TAMS 0x0000000082e00000| PB 0x0000000082e00000| Untracked 
|  47|0x0000000082f00000, 0x0000000083000000, 0x0000000083000000|100%| O|  |TAMS 0x0000000082f00000| PB 0x0000000082f00000| Untracked 
|  48|0x0000000083000000, 0x0000000083100000, 0x0000000083100000|100%|HS|  |TAMS 0x0000000083000000| PB 0x0000000083000000| Complete 
|  49|0x0000000083100000, 0x0000000083200000, 0x0000000083200000|100%|HC|  |TAMS 0x0000000083100000| PB 0x0000000083100000| Complete 
|  50|0x0000000083200000, 0x0000000083300000, 0x0000000083300000|100%|HS|  |TAMS 0x0000000083200000| PB 0x0000000083200000| Complete 
|  51|0x0000000083300000, 0x0000000083400000, 0x0000000083400000|100%|HS|  |TAMS 0x0000000083300000| PB 0x0000000083300000| Complete 
|  52|0x0000000083400000, 0x0000000083500000, 0x0000000083500000|100%| O|  |TAMS 0x0000000083400000| PB 0x0000000083400000| Untracked 
|  53|0x0000000083500000, 0x0000000083600000, 0x0000000083600000|100%| O|  |TAMS 0x0000000083500000| PB 0x0000000083500000| Untracked 
|  54|0x0000000083600000, 0x0000000083700000, 0x0000000083700000|100%| O|  |TAMS 0x0000000083600000| PB 0x0000000083600000| Untracked 
|  55|0x0000000083700000, 0x0000000083800000, 0x0000000083800000|100%|HS|  |TAMS 0x0000000083700000| PB 0x0000000083700000| Complete 
|  56|0x0000000083800000, 0x0000000083900000, 0x0000000083900000|100%|HC|  |TAMS 0x0000000083800000| PB 0x0000000083800000| Complete 
|  57|0x0000000083900000, 0x0000000083a00000, 0x0000000083a00000|100%|HS|  |TAMS 0x0000000083900000| PB 0x0000000083900000| Complete 
|  58|0x0000000083a00000, 0x0000000083b00000, 0x0000000083b00000|100%|HC|  |TAMS 0x0000000083a00000| PB 0x0000000083a00000| Complete 
|  59|0x0000000083b00000, 0x0000000083c00000, 0x0000000083c00000|100%|HC|  |TAMS 0x0000000083b00000| PB 0x0000000083b00000| Complete 
|  60|0x0000000083c00000, 0x0000000083d00000, 0x0000000083d00000|100%|HC|  |TAMS 0x0000000083c00000| PB 0x0000000083c00000| Complete 
|  61|0x0000000083d00000, 0x0000000083e00000, 0x0000000083e00000|100%| O|  |TAMS 0x0000000083d00000| PB 0x0000000083d00000| Untracked 
|  62|0x0000000083e00000, 0x0000000083f00000, 0x0000000083f00000|100%|HS|  |TAMS 0x0000000083e00000| PB 0x0000000083e00000| Complete 
|  63|0x0000000083f00000, 0x0000000084000000, 0x0000000084000000|100%| O|  |TAMS 0x0000000083f00000| PB 0x0000000083f00000| Untracked 
|  64|0x0000000084000000, 0x0000000084100000, 0x0000000084100000|100%| O|  |TAMS 0x0000000084000000| PB 0x0000000084000000| Untracked 
|  65|0x0000000084100000, 0x0000000084200000, 0x0000000084200000|100%| O|  |TAMS 0x0000000084100000| PB 0x0000000084100000| Untracked 
|  66|0x0000000084200000, 0x0000000084300000, 0x0000000084300000|100%| O|  |TAMS 0x0000000084200000| PB 0x0000000084200000| Untracked 
|  67|0x0000000084300000, 0x0000000084400000, 0x0000000084400000|100%| O|  |TAMS 0x0000000084300000| PB 0x0000000084300000| Untracked 
|  68|0x0000000084400000, 0x0000000084500000, 0x0000000084500000|100%| O|  |TAMS 0x0000000084400000| PB 0x0000000084400000| Untracked 
|  69|0x0000000084500000, 0x0000000084600000, 0x0000000084600000|100%|HS|  |TAMS 0x0000000084500000| PB 0x0000000084500000| Complete 
|  70|0x0000000084600000, 0x0000000084700000, 0x0000000084700000|100%| O|  |TAMS 0x0000000084600000| PB 0x0000000084600000| Untracked 
|  71|0x0000000084700000, 0x0000000084800000, 0x0000000084800000|100%| O|  |TAMS 0x0000000084700000| PB 0x0000000084700000| Untracked 
|  72|0x0000000084800000, 0x0000000084800000, 0x0000000084900000|  0%| F|  |TAMS 0x0000000084800000| PB 0x0000000084800000| Untracked 
|  73|0x0000000084900000, 0x0000000084900000, 0x0000000084a00000|  0%| F|  |TAMS 0x0000000084900000| PB 0x0000000084900000| Untracked 
|  74|0x0000000084a00000, 0x0000000084a00000, 0x0000000084b00000|  0%| F|  |TAMS 0x0000000084a00000| PB 0x0000000084a00000| Untracked 
|  75|0x0000000084b00000, 0x0000000084c00000, 0x0000000084c00000|100%| O|  |TAMS 0x0000000084b00000| PB 0x0000000084b00000| Untracked 
|  76|0x0000000084c00000, 0x0000000084d00000, 0x0000000084d00000|100%| O|  |TAMS 0x0000000084c00000| PB 0x0000000084c00000| Untracked 
|  77|0x0000000084d00000, 0x0000000084deeea8, 0x0000000084e00000| 93%| O|  |TAMS 0x0000000084d00000| PB 0x0000000084d00000| Untracked 
|  78|0x0000000084e00000, 0x0000000084e00000, 0x0000000084f00000|  0%| F|  |TAMS 0x0000000084e00000| PB 0x0000000084e00000| Untracked 
|  79|0x0000000084f00000, 0x0000000084f00000, 0x0000000085000000|  0%| F|  |TAMS 0x0000000084f00000| PB 0x0000000084f00000| Untracked 
|  80|0x0000000085000000, 0x0000000085000000, 0x0000000085100000|  0%| F|  |TAMS 0x0000000085000000| PB 0x0000000085000000| Untracked 
|  81|0x0000000085100000, 0x0000000085100000, 0x0000000085200000|  0%| F|  |TAMS 0x0000000085100000| PB 0x0000000085100000| Untracked 
|  82|0x0000000085200000, 0x0000000085200000, 0x0000000085300000|  0%| F|  |TAMS 0x0000000085200000| PB 0x0000000085200000| Untracked 
|  83|0x0000000085300000, 0x0000000085300000, 0x0000000085400000|  0%| F|  |TAMS 0x0000000085300000| PB 0x0000000085300000| Untracked 
|  84|0x0000000085400000, 0x00000000854b6520, 0x0000000085500000| 71%| S|CS|TAMS 0x0000000085400000| PB 0x0000000085400000| Complete 
|  85|0x0000000085500000, 0x0000000085600000, 0x0000000085600000|100%| S|CS|TAMS 0x0000000085500000| PB 0x0000000085500000| Complete 
|  86|0x0000000085600000, 0x0000000085700000, 0x0000000085700000|100%| S|CS|TAMS 0x0000000085600000| PB 0x0000000085600000| Complete 
|  87|0x0000000085700000, 0x0000000085700000, 0x0000000085800000|  0%| F|  |TAMS 0x0000000085700000| PB 0x0000000085700000| Untracked 
|  88|0x0000000085800000, 0x0000000085800000, 0x0000000085900000|  0%| F|  |TAMS 0x0000000085800000| PB 0x0000000085800000| Untracked 
|  89|0x0000000085900000, 0x0000000085900000, 0x0000000085a00000|  0%| F|  |TAMS 0x0000000085900000| PB 0x0000000085900000| Untracked 
|  90|0x0000000085a00000, 0x0000000085a00000, 0x0000000085b00000|  0%| F|  |TAMS 0x0000000085a00000| PB 0x0000000085a00000| Untracked 
|  91|0x0000000085b00000, 0x0000000085b00000, 0x0000000085c00000|  0%| F|  |TAMS 0x0000000085b00000| PB 0x0000000085b00000| Untracked 
|  92|0x0000000085c00000, 0x0000000085c00000, 0x0000000085d00000|  0%| F|  |TAMS 0x0000000085c00000| PB 0x0000000085c00000| Untracked 
|  93|0x0000000085d00000, 0x0000000085d00000, 0x0000000085e00000|  0%| F|  |TAMS 0x0000000085d00000| PB 0x0000000085d00000| Untracked 
|  94|0x0000000085e00000, 0x0000000085e00000, 0x0000000085f00000|  0%| F|  |TAMS 0x0000000085e00000| PB 0x0000000085e00000| Untracked 
|  95|0x0000000085f00000, 0x0000000085f00000, 0x0000000086000000|  0%| F|  |TAMS 0x0000000085f00000| PB 0x0000000085f00000| Untracked 
|  96|0x0000000086000000, 0x0000000086000000, 0x0000000086100000|  0%| F|  |TAMS 0x0000000086000000| PB 0x0000000086000000| Untracked 
|  97|0x0000000086100000, 0x0000000086100000, 0x0000000086200000|  0%| F|  |TAMS 0x0000000086100000| PB 0x0000000086100000| Untracked 
|  98|0x0000000086200000, 0x0000000086200000, 0x0000000086300000|  0%| F|  |TAMS 0x0000000086200000| PB 0x0000000086200000| Untracked 
|  99|0x0000000086300000, 0x0000000086300000, 0x0000000086400000|  0%| F|  |TAMS 0x0000000086300000| PB 0x0000000086300000| Untracked 
| 100|0x0000000086400000, 0x0000000086400000, 0x0000000086500000|  0%| F|  |TAMS 0x0000000086400000| PB 0x0000000086400000| Untracked 
| 101|0x0000000086500000, 0x0000000086500000, 0x0000000086600000|  0%| F|  |TAMS 0x0000000086500000| PB 0x0000000086500000| Untracked 
| 102|0x0000000086600000, 0x0000000086600000, 0x0000000086700000|  0%| F|  |TAMS 0x0000000086600000| PB 0x0000000086600000| Untracked 
| 103|0x0000000086700000, 0x0000000086700000, 0x0000000086800000|  0%| F|  |TAMS 0x0000000086700000| PB 0x0000000086700000| Untracked 
| 104|0x0000000086800000, 0x0000000086800000, 0x0000000086900000|  0%| F|  |TAMS 0x0000000086800000| PB 0x0000000086800000| Untracked 
| 105|0x0000000086900000, 0x0000000086900000, 0x0000000086a00000|  0%| F|  |TAMS 0x0000000086900000| PB 0x0000000086900000| Untracked 
| 106|0x0000000086a00000, 0x0000000086a00000, 0x0000000086b00000|  0%| F|  |TAMS 0x0000000086a00000| PB 0x0000000086a00000| Untracked 
| 107|0x0000000086b00000, 0x0000000086b00000, 0x0000000086c00000|  0%| F|  |TAMS 0x0000000086b00000| PB 0x0000000086b00000| Untracked 
| 108|0x0000000086c00000, 0x0000000086c00000, 0x0000000086d00000|  0%| F|  |TAMS 0x0000000086c00000| PB 0x0000000086c00000| Untracked 
| 109|0x0000000086d00000, 0x0000000086d00000, 0x0000000086e00000|  0%| F|  |TAMS 0x0000000086d00000| PB 0x0000000086d00000| Untracked 
| 110|0x0000000086e00000, 0x0000000086f00000, 0x0000000086f00000|100%| E|  |TAMS 0x0000000086e00000| PB 0x0000000086e00000| Complete 
| 111|0x0000000086f00000, 0x0000000087000000, 0x0000000087000000|100%| E|CS|TAMS 0x0000000086f00000| PB 0x0000000086f00000| Complete 
| 112|0x0000000087000000, 0x0000000087100000, 0x0000000087100000|100%| E|CS|TAMS 0x0000000087000000| PB 0x0000000087000000| Complete 
| 113|0x0000000087100000, 0x0000000087200000, 0x0000000087200000|100%| E|CS|TAMS 0x0000000087100000| PB 0x0000000087100000| Complete 
| 114|0x0000000087200000, 0x0000000087300000, 0x0000000087300000|100%| E|CS|TAMS 0x0000000087200000| PB 0x0000000087200000| Complete 
| 115|0x0000000087300000, 0x0000000087400000, 0x0000000087400000|100%| E|CS|TAMS 0x0000000087300000| PB 0x0000000087300000| Complete 
| 116|0x0000000087400000, 0x0000000087500000, 0x0000000087500000|100%| E|CS|TAMS 0x0000000087400000| PB 0x0000000087400000| Complete 
| 117|0x0000000087500000, 0x0000000087600000, 0x0000000087600000|100%| E|CS|TAMS 0x0000000087500000| PB 0x0000000087500000| Complete 
| 118|0x0000000087600000, 0x0000000087700000, 0x0000000087700000|100%| E|CS|TAMS 0x0000000087600000| PB 0x0000000087600000| Complete 
| 119|0x0000000087700000, 0x0000000087800000, 0x0000000087800000|100%| E|CS|TAMS 0x0000000087700000| PB 0x0000000087700000| Complete 
| 120|0x0000000087800000, 0x0000000087900000, 0x0000000087900000|100%| E|CS|TAMS 0x0000000087800000| PB 0x0000000087800000| Complete 
| 121|0x0000000087900000, 0x0000000087a00000, 0x0000000087a00000|100%| E|CS|TAMS 0x0000000087900000| PB 0x0000000087900000| Complete 
| 122|0x0000000087a00000, 0x0000000087b00000, 0x0000000087b00000|100%| E|CS|TAMS 0x0000000087a00000| PB 0x0000000087a00000| Complete 
| 123|0x0000000087b00000, 0x0000000087c00000, 0x0000000087c00000|100%| E|CS|TAMS 0x0000000087b00000| PB 0x0000000087b00000| Complete 
| 124|0x0000000087c00000, 0x0000000087d00000, 0x0000000087d00000|100%| E|CS|TAMS 0x0000000087c00000| PB 0x0000000087c00000| Complete 
| 125|0x0000000087d00000, 0x0000000087e00000, 0x0000000087e00000|100%| E|CS|TAMS 0x0000000087d00000| PB 0x0000000087d00000| Complete 
| 126|0x0000000087e00000, 0x0000000087f00000, 0x0000000087f00000|100%| E|CS|TAMS 0x0000000087e00000| PB 0x0000000087e00000| Complete 
| 127|0x0000000087f00000, 0x0000000088000000, 0x0000000088000000|100%| E|CS|TAMS 0x0000000087f00000| PB 0x0000000087f00000| Complete 
| 128|0x0000000088000000, 0x0000000088100000, 0x0000000088100000|100%| E|CS|TAMS 0x0000000088000000| PB 0x0000000088000000| Complete 
| 252|0x000000008fc00000, 0x000000008fd00000, 0x000000008fd00000|100%| E|CS|TAMS 0x000000008fc00000| PB 0x000000008fc00000| Complete 
| 253|0x000000008fd00000, 0x000000008fe00000, 0x000000008fe00000|100%| E|CS|TAMS 0x000000008fd00000| PB 0x000000008fd00000| Complete 
|2036|0x00000000ff400000, 0x00000000ff500000, 0x00000000ff500000|100%| O|  |TAMS 0x00000000ff400000| PB 0x00000000ff400000| Untracked 
|2037|0x00000000ff500000, 0x00000000ff600000, 0x00000000ff600000|100%| O|  |TAMS 0x00000000ff500000| PB 0x00000000ff500000| Untracked 
|2038|0x00000000ff600000, 0x00000000ff700000, 0x00000000ff700000|100%| O|  |TAMS 0x00000000ff600000| PB 0x00000000ff600000| Untracked 
|2039|0x00000000ff700000, 0x00000000ff800000, 0x00000000ff800000|100%| O|  |TAMS 0x00000000ff700000| PB 0x00000000ff700000| Untracked 
|2040|0x00000000ff800000, 0x00000000ff900000, 0x00000000ff900000|100%| O|  |TAMS 0x00000000ff800000| PB 0x00000000ff800000| Untracked 
|2041|0x00000000ff900000, 0x00000000ffa00000, 0x00000000ffa00000|100%| O|  |TAMS 0x00000000ff900000| PB 0x00000000ff900000| Untracked 
|2042|0x00000000ffa00000, 0x00000000ffb00000, 0x00000000ffb00000|100%| O|  |TAMS 0x00000000ffa00000| PB 0x00000000ffa00000| Untracked 
|2043|0x00000000ffb00000, 0x00000000ffc00000, 0x00000000ffc00000|100%| O|  |TAMS 0x00000000ffb00000| PB 0x00000000ffb00000| Untracked 
|2044|0x00000000ffc00000, 0x00000000ffd00000, 0x00000000ffd00000|100%| O|  |TAMS 0x00000000ffc00000| PB 0x00000000ffc00000| Untracked 
|2045|0x00000000ffd00000, 0x00000000ffe00000, 0x00000000ffe00000|100%| O|  |TAMS 0x00000000ffd00000| PB 0x00000000ffd00000| Untracked 
|2046|0x00000000ffe00000, 0x00000000fff00000, 0x00000000fff00000|100%| O|  |TAMS 0x00000000ffe00000| PB 0x00000000ffe00000| Untracked 
|2047|0x00000000fff00000, 0x0000000100000000, 0x0000000100000000|100%| O|  |TAMS 0x00000000fff00000| PB 0x00000000fff00000| Untracked 

Card table byte_map: [0x000002ebb7060000,0x000002ebb7460000] _byte_map_base: 0x000002ebb6c60000

Marking Bits: (CMBitMap*) 0x000002eba4818af0
 Bits: [0x000002ebb7460000, 0x000002ebb9460000)

Polling page: 0x000002eba2a10000

Metaspace:

Usage:
  Non-class:     70.44 MB used.
      Class:     11.21 MB used.
       Both:     81.65 MB used.

Virtual space:
  Non-class space:      128.00 MB reserved,      71.31 MB ( 56%) committed,  2 nodes.
      Class space:        1.00 GB reserved,      12.06 MB (  1%) committed,  1 nodes.
             Both:        1.12 GB reserved,      83.38 MB (  7%) committed. 

Chunk freelists:
   Non-Class:  8.30 MB
       Class:  3.95 MB
        Both:  12.25 MB

MaxMetaspaceSize: unlimited
CompressedClassSpaceSize: 1.00 GB
Initial GC threshold: 21.00 MB
Current GC threshold: 124.81 MB
CDS: off
 - commit_granule_bytes: 65536.
 - commit_granule_words: 8192.
 - virtual_space_node_default_size: 8388608.
 - enlarge_chunks_in_place: 1.
 - use_allocation_guard: 0.


Internal statistics:

num_allocs_failed_limit: 9.
num_arena_births: 3568.
num_arena_deaths: 0.
num_vsnodes_births: 3.
num_vsnodes_deaths: 0.
num_space_committed: 1334.
num_space_uncommitted: 0.
num_chunks_returned_to_freelist: 9.
num_chunks_taken_from_freelist: 7044.
num_chunk_merges: 9.
num_chunk_splits: 4571.
num_chunks_enlarged: 2826.
num_inconsistent_stats: 0.

CodeHeap 'non-profiled nmethods': size=120000Kb used=5517Kb max_used=5517Kb free=114482Kb
 bounds [0x000002ebaf3f0000, 0x000002ebaf960000, 0x000002ebb6920000]
CodeHeap 'profiled nmethods': size=120000Kb used=15518Kb max_used=15518Kb free=104481Kb
 bounds [0x000002eba7920000, 0x000002eba8850000, 0x000002ebaee50000]
CodeHeap 'non-nmethods': size=5760Kb used=2620Kb max_used=2715Kb free=3139Kb
 bounds [0x000002ebaee50000, 0x000002ebaf100000, 0x000002ebaf3f0000]
CodeCache: size=245760Kb, used=23655Kb, max_used=23750Kb, free=222102Kb
 total_blobs=9433, nmethods=8524, adapters=812, full_count=0
Compilation: enabled, stopped_count=0, restarted_count=0

Compilation events (20 events):
Event: 11.030 Thread 0x000002ebbc03eb20 10038       2       groovy.lang.MetaClassImpl::filterPropertyMethod (305 bytes)
Event: 11.031 Thread 0x000002ebbc03eb20 nmethod 10038 0x000002eba8840810 code [0x000002eba8840aa0, 0x000002eba8841398]
Event: 11.031 Thread 0x000002ebbc03eb20 10035       3       java.beans.PropertyDescriptor::setPropertyEditorClass (9 bytes)
Event: 11.032 Thread 0x000002ebbc03eb20 nmethod 10035 0x000002eba8841910 code [0x000002eba8841ae0, 0x000002eba8841e60]
Event: 11.032 Thread 0x000002ebbc03eb20 10037  s    3       java.beans.PropertyDescriptor::setWriteMethod (19 bytes)
Event: 11.032 Thread 0x000002ebbc03eb20 nmethod 10037 0x000002eba8841f90 code [0x000002eba88421a0, 0x000002eba88427b8]
Event: 11.034 Thread 0x000002ebbc03dd50 nmethod 9874% 0x000002ebaf942910 code [0x000002ebaf943080, 0x000002ebaf94a380]
Event: 11.036 Thread 0x000002ebbc03dd50 10027       4       groovy.lang.MetaClassImpl$1MOPIter::processFastArray (133 bytes)
Event: 11.037 Thread 0x000002ebbc03eb20 10039       3       java.util.LinkedList$ListItr::hasPrevious (13 bytes)
Event: 11.037 Thread 0x000002ebbc03eb20 nmethod 10039 0x000002eba8327810 code [0x000002eba83279a0, 0x000002eba8327b00]
Event: 11.041 Thread 0x000002ebbc03eb20 10040       3       groovy.lang.MetaClassImpl::applyStrayPropertyMethods (288 bytes)
Event: 11.044 Thread 0x000002ebbc03eb20 nmethod 10040 0x000002eba8842990 code [0x000002eba8842e60, 0x000002eba88456b0]
Event: 11.044 Thread 0x000002ebbc03eb20 10041       3       groovyjarjarasm.asm.Frame::merge (395 bytes)
Event: 11.045 Thread 0x000002ebbc03eb20 nmethod 10041 0x000002eba8846690 code [0x000002eba8846940, 0x000002eba88476b8]
Event: 11.045 Thread 0x000002ebbc03eb20 10042       3       java.lang.ClassLoader::getResource (41 bytes)
Event: 11.046 Thread 0x000002ebbc03eb20 nmethod 10042 0x000002eba8847d10 code [0x000002eba8847f20, 0x000002eba88484f8]
Event: 11.046 Thread 0x000002ebbc03eb20 10043   !   3       jdk.internal.loader.URLClassPath::checkURL (16 bytes)
Event: 11.046 Thread 0x000002ebbc03eb20 nmethod 10043 0x000002eba8848710 code [0x000002eba88488c0, 0x000002eba8848a78]
Event: 11.056 Thread 0x000002ebbc03eb20 10044       3       com.google.common.collect.Ordering::sortedCopy (18 bytes)
Event: 11.056 Thread 0x000002ebbc03eb20 nmethod 10044 0x000002eba8848b10 code [0x000002eba8848dc0, 0x000002eba8849af0]

GC Heap History (20 events):
Event: 6.046 GC heap before
{Heap before GC invocations=12 (full 0):
 garbage-first heap   total 92160K, used 70756K [0x0000000080000000, 0x0000000100000000)
  region size 1024K, 33 young (33792K), 6 survivors (6144K)
 Metaspace       used 58800K, committed 60288K, reserved 1114112K
  class space    used 8284K, committed 9024K, reserved 1048576K
}
Event: 6.051 GC heap after
{Heap after GC invocations=13 (full 0):
 garbage-first heap   total 110592K, used 47115K [0x0000000080000000, 0x0000000100000000)
  region size 1024K, 3 young (3072K), 3 survivors (3072K)
 Metaspace       used 58800K, committed 60288K, reserved 1114112K
  class space    used 8284K, committed 9024K, reserved 1048576K
}
Event: 6.693 GC heap before
{Heap before GC invocations=14 (full 0):
 garbage-first heap   total 110592K, used 98315K [0x0000000080000000, 0x0000000100000000)
  region size 1024K, 52 young (53248K), 3 survivors (3072K)
 Metaspace       used 65495K, committed 67136K, reserved 1114112K
  class space    used 9245K, committed 10048K, reserved 1048576K
}
Event: 6.698 GC heap after
{Heap after GC invocations=15 (full 0):
 garbage-first heap   total 110592K, used 49708K [0x0000000080000000, 0x0000000100000000)
  region size 1024K, 5 young (5120K), 5 survivors (5120K)
 Metaspace       used 65495K, committed 67136K, reserved 1114112K
  class space    used 9245K, committed 10048K, reserved 1048576K
}
Event: 7.055 GC heap before
{Heap before GC invocations=15 (full 0):
 garbage-first heap   total 110592K, used 97836K [0x0000000080000000, 0x0000000100000000)
  region size 1024K, 53 young (54272K), 5 survivors (5120K)
 Metaspace       used 66333K, committed 67968K, reserved 1114112K
  class space    used 9290K, committed 10048K, reserved 1048576K
}
Event: 7.061 GC heap after
{Heap after GC invocations=16 (full 0):
 garbage-first heap   total 110592K, used 53531K [0x0000000080000000, 0x0000000100000000)
  region size 1024K, 7 young (7168K), 7 survivors (7168K)
 Metaspace       used 66333K, committed 67968K, reserved 1114112K
  class space    used 9290K, committed 10048K, reserved 1048576K
}
Event: 7.292 GC heap before
{Heap before GC invocations=16 (full 0):
 garbage-first heap   total 110592K, used 97563K [0x0000000080000000, 0x0000000100000000)
  region size 1024K, 51 young (52224K), 7 survivors (7168K)
 Metaspace       used 66564K, committed 68160K, reserved 1114112K
  class space    used 9290K, committed 10048K, reserved 1048576K
}
Event: 7.299 GC heap after
{Heap after GC invocations=17 (full 0):
 garbage-first heap   total 110592K, used 54973K [0x0000000080000000, 0x0000000100000000)
  region size 1024K, 2 young (2048K), 2 survivors (2048K)
 Metaspace       used 66564K, committed 68160K, reserved 1114112K
  class space    used 9290K, committed 10048K, reserved 1048576K
}
Event: 7.549 GC heap before
{Heap before GC invocations=17 (full 0):
 garbage-first heap   total 110592K, used 99005K [0x0000000080000000, 0x0000000100000000)
  region size 1024K, 46 young (47104K), 2 survivors (2048K)
 Metaspace       used 66625K, committed 68288K, reserved 1114112K
  class space    used 9300K, committed 10112K, reserved 1048576K
}
Event: 7.552 GC heap after
{Heap after GC invocations=18 (full 0):
 garbage-first heap   total 110592K, used 56728K [0x0000000080000000, 0x0000000100000000)
  region size 1024K, 4 young (4096K), 4 survivors (4096K)
 Metaspace       used 66625K, committed 68288K, reserved 1114112K
  class space    used 9300K, committed 10112K, reserved 1048576K
}
Event: 7.997 GC heap before
{Heap before GC invocations=19 (full 0):
 garbage-first heap   total 110592K, used 108952K [0x0000000080000000, 0x0000000100000000)
  region size 1024K, 42 young (43008K), 4 survivors (4096K)
 Metaspace       used 67573K, committed 69312K, reserved 1114112K
  class space    used 9416K, committed 10240K, reserved 1048576K
}
Event: 8.001 GC heap after
{Heap after GC invocations=20 (full 0):
 garbage-first heap   total 121856K, used 77655K [0x0000000080000000, 0x0000000100000000)
  region size 1024K, 6 young (6144K), 6 survivors (6144K)
 Metaspace       used 67573K, committed 69312K, reserved 1114112K
  class space    used 9416K, committed 10240K, reserved 1048576K
}
Event: 8.322 GC heap before
{Heap before GC invocations=20 (full 0):
 garbage-first heap   total 121856K, used 109399K [0x0000000080000000, 0x0000000100000000)
  region size 1024K, 37 young (37888K), 6 survivors (6144K)
 Metaspace       used 70535K, committed 72256K, reserved 1114112K
  class space    used 9804K, committed 10624K, reserved 1048576K
}
Event: 8.326 GC heap after
{Heap after GC invocations=21 (full 0):
 garbage-first heap   total 121856K, used 81314K [0x0000000080000000, 0x0000000100000000)
  region size 1024K, 3 young (3072K), 3 survivors (3072K)
 Metaspace       used 70535K, committed 72256K, reserved 1114112K
  class space    used 9804K, committed 10624K, reserved 1048576K
}
Event: 8.672 GC heap before
{Heap before GC invocations=21 (full 0):
 garbage-first heap   total 121856K, used 109986K [0x0000000080000000, 0x0000000100000000)
  region size 1024K, 32 young (32768K), 3 survivors (3072K)
 Metaspace       used 74367K, committed 76096K, reserved 1114112K
  class space    used 10178K, committed 11008K, reserved 1048576K
}
Event: 8.674 GC heap after
{Heap after GC invocations=22 (full 0):
 garbage-first heap   total 146432K, used 81494K [0x0000000080000000, 0x0000000100000000)
  region size 1024K, 3 young (3072K), 3 survivors (3072K)
 Metaspace       used 74367K, committed 76096K, reserved 1114112K
  class space    used 10178K, committed 11008K, reserved 1048576K
}
Event: 9.571 GC heap before
{Heap before GC invocations=23 (full 0):
 garbage-first heap   total 146432K, used 135766K [0x0000000080000000, 0x0000000100000000)
  region size 1024K, 52 young (53248K), 3 survivors (3072K)
 Metaspace       used 79079K, committed 80896K, reserved 1179648K
  class space    used 10886K, committed 11776K, reserved 1048576K
}
Event: 9.576 GC heap after
{Heap after GC invocations=24 (full 0):
 garbage-first heap   total 146432K, used 87621K [0x0000000080000000, 0x0000000100000000)
  region size 1024K, 7 young (7168K), 7 survivors (7168K)
 Metaspace       used 79079K, committed 80896K, reserved 1179648K
  class space    used 10886K, committed 11776K, reserved 1048576K
}
Event: 10.782 GC heap before
{Heap before GC invocations=24 (full 0):
 garbage-first heap   total 146432K, used 132677K [0x0000000080000000, 0x0000000100000000)
  region size 1024K, 51 young (52224K), 7 survivors (7168K)
 Metaspace       used 82902K, committed 84672K, reserved 1179648K
  class space    used 11360K, committed 12224K, reserved 1048576K
}
Event: 10.788 GC heap after
{Heap after GC invocations=25 (full 0):
 garbage-first heap   total 146432K, used 90772K [0x0000000080000000, 0x0000000100000000)
  region size 1024K, 3 young (3072K), 3 survivors (3072K)
 Metaspace       used 82902K, committed 84672K, reserved 1179648K
  class space    used 11360K, committed 12224K, reserved 1048576K
}

Dll operation events (3 events):
Event: 0.007 Loaded shared library C:\Program Files\Android\Android Studio\jbr\bin\java.dll
Event: 0.014 Loaded shared library C:\Program Files\Android\Android Studio\jbr\bin\zip.dll
Event: 0.558 Loaded shared library C:\Program Files\Android\Android Studio\jbr\bin\verify.dll

Deoptimization events (20 events):
Event: 10.917 Thread 0x000002ebc23e4060 Uncommon trap: trap_request=0xffffffde fr.pc=0x000002ebaf501600 relative=0x0000000000000dc0
Event: 10.917 Thread 0x000002ebc23e4060 Uncommon trap: reason=class_check action=maybe_recompile pc=0x000002ebaf501600 method=java.util.WeakHashMap.matchesKey(Ljava/util/WeakHashMap$Entry;Ljava/lang/Object;)Z @ 21 c2
Event: 10.917 Thread 0x000002ebc23e4060 DEOPT PACKING pc=0x000002ebaf501600 sp=0x000000f1705f7d30
Event: 10.917 Thread 0x000002ebc23e4060 DEOPT UNPACKING pc=0x000002ebaeea43a2 sp=0x000000f1705f7c90 mode 2
Event: 10.918 Thread 0x000002ebc23e4060 Uncommon trap: trap_request=0xffffffde fr.pc=0x000002ebaf501600 relative=0x0000000000000dc0
Event: 10.918 Thread 0x000002ebc23e4060 Uncommon trap: reason=class_check action=maybe_recompile pc=0x000002ebaf501600 method=java.util.WeakHashMap.matchesKey(Ljava/util/WeakHashMap$Entry;Ljava/lang/Object;)Z @ 21 c2
Event: 10.918 Thread 0x000002ebc23e4060 DEOPT PACKING pc=0x000002ebaf501600 sp=0x000000f1705f8130
Event: 10.918 Thread 0x000002ebc23e4060 DEOPT UNPACKING pc=0x000002ebaeea43a2 sp=0x000000f1705f8090 mode 2
Event: 10.923 Thread 0x000002ebc23e4060 Uncommon trap: trap_request=0xffffff45 fr.pc=0x000002ebaf5d605c relative=0x000000000000311c
Event: 10.923 Thread 0x000002ebc23e4060 Uncommon trap: reason=unstable_if action=reinterpret pc=0x000002ebaf5d605c method=java.lang.ClassLoader.checkCerts(Ljava/lang/String;Ljava/security/CodeSource;)V @ 30 c2
Event: 10.923 Thread 0x000002ebc23e4060 DEOPT PACKING pc=0x000002ebaf5d605c sp=0x000000f1705f8650
Event: 10.923 Thread 0x000002ebc23e4060 DEOPT UNPACKING pc=0x000002ebaeea43a2 sp=0x000000f1705f8590 mode 2
Event: 10.923 Thread 0x000002ebc23e4060 Uncommon trap: trap_request=0xffffff45 fr.pc=0x000002ebaf6fe810 relative=0x0000000000000e70
Event: 10.923 Thread 0x000002ebc23e4060 Uncommon trap: reason=unstable_if action=reinterpret pc=0x000002ebaf6fe810 method=java.lang.ClassLoader.loadClass(Ljava/lang/String;Z)Ljava/lang/Class; @ 29 c2
Event: 10.923 Thread 0x000002ebc23e4060 DEOPT PACKING pc=0x000002ebaf6fe810 sp=0x000000f1705f4670
Event: 10.923 Thread 0x000002ebc23e4060 DEOPT UNPACKING pc=0x000002ebaeea43a2 sp=0x000000f1705f4638 mode 2
Event: 10.932 Thread 0x000002ebc23e4060 Uncommon trap: trap_request=0xffffffde fr.pc=0x000002ebaf501600 relative=0x0000000000000dc0
Event: 10.932 Thread 0x000002ebc23e4060 Uncommon trap: reason=class_check action=maybe_recompile pc=0x000002ebaf501600 method=java.util.WeakHashMap.matchesKey(Ljava/util/WeakHashMap$Entry;Ljava/lang/Object;)Z @ 21 c2
Event: 10.932 Thread 0x000002ebc23e4060 DEOPT PACKING pc=0x000002ebaf501600 sp=0x000000f1705f7ba0
Event: 10.932 Thread 0x000002ebc23e4060 DEOPT UNPACKING pc=0x000002ebaeea43a2 sp=0x000000f1705f7b00 mode 2

Classes loaded (20 events):
Event: 10.545 Loading class java/security/KeyStore
Event: 10.546 Loading class java/security/KeyStore done
Event: 10.727 Loading class javax/xml/stream/XMLStreamException
Event: 10.727 Loading class javax/xml/stream/XMLStreamException done
Event: 10.914 Loading class java/util/ArrayListBeanInfo
Event: 10.914 Loading class java/util/ArrayListBeanInfo done
Event: 10.915 Loading class java/util/ArrayListBeanInfo
Event: 10.915 Loading class java/util/ArrayListBeanInfo done
Event: 10.915 Loading class java/util/AbstractListBeanInfo
Event: 10.915 Loading class java/util/AbstractListBeanInfo done
Event: 10.916 Loading class java/util/AbstractListBeanInfo
Event: 10.916 Loading class java/util/AbstractListBeanInfo done
Event: 10.916 Loading class java/util/AbstractListCustomizer
Event: 10.916 Loading class java/util/AbstractListCustomizer done
Event: 10.916 Loading class java/util/AbstractListCustomizer
Event: 10.916 Loading class java/util/AbstractListCustomizer done
Event: 10.917 Loading class java/util/ArrayListCustomizer
Event: 10.917 Loading class java/util/ArrayListCustomizer done
Event: 10.918 Loading class java/util/ArrayListCustomizer
Event: 10.918 Loading class java/util/ArrayListCustomizer done

Classes unloaded (0 events):
No events

Classes redefined (0 events):
No events

Internal exceptions (20 events):
Event: 10.928 Thread 0x000002ebc23e4060 Exception <a 'java/lang/ClassNotFoundException'{0x00000000879fb000}: org/gradle/api/internal/plugins/DefaultPluginContainerBeanInfo> (0x00000000879fb000) 
thrown [s\src\hotspot\share\classfile\systemDictionary.cpp, line 312]
Event: 10.929 Thread 0x000002ebc23e4060 Exception <a 'java/lang/ClassNotFoundException'{0x000000008780c770}: org/gradle/api/internal/plugins/DefaultPluginCollectionBeanInfo> (0x000000008780c770) 
thrown [s\src\hotspot\share\classfile\systemDictionary.cpp, line 312]
Event: 10.930 Thread 0x000002ebc23e4060 Exception <a 'java/lang/ClassNotFoundException'{0x000000008781d7a0}: org/gradle/api/internal/DefaultDomainObjectSetBeanInfo> (0x000000008781d7a0) 
thrown [s\src\hotspot\share\classfile\systemDictionary.cpp, line 312]
Event: 10.931 Thread 0x000002ebc23e4060 Exception <a 'java/lang/ClassNotFoundException'{0x000000008782e950}: org/gradle/api/internal/DefaultDomainObjectSetCustomizer> (0x000000008782e950) 
thrown [s\src\hotspot\share\classfile\systemDictionary.cpp, line 312]
Event: 10.937 Thread 0x000002ebc23e4060 Exception <a 'java/lang/ClassNotFoundException'{0x00000000878880f8}: org/gradle/api/internal/plugins/DefaultPluginCollectionCustomizer> (0x00000000878880f8) 
thrown [s\src\hotspot\share\classfile\systemDictionary.cpp, line 312]
Event: 10.943 Thread 0x000002ebc23e4060 Exception <a 'java/lang/ClassNotFoundException'{0x000000008770bc20}: org/gradle/api/internal/plugins/DefaultPluginContainerCustomizer> (0x000000008770bc20) 
thrown [s\src\hotspot\share\classfile\systemDictionary.cpp, line 312]
Event: 10.995 Thread 0x000002ebc23e4060 Exception <a 'java/lang/ClassNotFoundException'{0x000000008732c8f0}: com/android/build/gradle/internal/dsl/BaseAppModuleExtension_DecoratedBeanInfo> (0x000000008732c8f0) 
thrown [s\src\hotspot\share\classfile\systemDictionary.cpp, line 312]
Event: 10.999 Thread 0x000002ebc23e4060 Exception <a 'java/lang/ClassNotFoundException'{0x00000000873376b0}: com/android/build/gradle/internal/dsl/BaseAppModuleExtensionBeanInfo> (0x00000000873376b0) 
thrown [s\src\hotspot\share\classfile\systemDictionary.cpp, line 312]
Event: 11.000 Thread 0x000002ebc23e4060 Exception <a 'java/lang/ClassNotFoundException'{0x0000000087342030}: com/android/build/gradle/AppExtensionBeanInfo> (0x0000000087342030) 
thrown [s\src\hotspot\share\classfile\systemDictionary.cpp, line 312]
Event: 11.001 Thread 0x000002ebc23e4060 Exception <a 'java/lang/ClassNotFoundException'{0x000000008734cdc0}: com/android/build/gradle/AbstractAppExtensionBeanInfo> (0x000000008734cdc0) 
thrown [s\src\hotspot\share\classfile\systemDictionary.cpp, line 312]
Event: 11.002 Thread 0x000002ebc23e4060 Exception <a 'java/lang/ClassNotFoundException'{0x0000000087357b08}: com/android/build/gradle/TestedExtensionBeanInfo> (0x0000000087357b08) 
thrown [s\src\hotspot\share\classfile\systemDictionary.cpp, line 312]
Event: 11.002 Thread 0x000002ebc23e4060 Exception <a 'java/lang/ClassNotFoundException'{0x0000000087362768}: com/android/build/gradle/BaseExtensionBeanInfo> (0x0000000087362768) 
thrown [s\src\hotspot\share\classfile\systemDictionary.cpp, line 312]
Event: 11.003 Thread 0x000002ebc23e4060 Exception <a 'java/lang/ClassNotFoundException'{0x000000008736d478}: com/android/build/gradle/BaseExtensionCustomizer> (0x000000008736d478) 
thrown [s\src\hotspot\share\classfile\systemDictionary.cpp, line 312]
Event: 11.005 Thread 0x000002ebc23e4060 Exception <a 'java/lang/ClassNotFoundException'{0x00000000873d1688}: com/android/build/gradle/TestedExtensionCustomizer> (0x00000000873d1688) 
thrown [s\src\hotspot\share\classfile\systemDictionary.cpp, line 312]
Event: 11.006 Thread 0x000002ebc23e4060 Exception <a 'java/lang/ClassNotFoundException'{0x00000000873f84b8}: com/android/build/gradle/AbstractAppExtensionCustomizer> (0x00000000873f84b8) 
thrown [s\src\hotspot\share\classfile\systemDictionary.cpp, line 312]
Event: 11.008 Thread 0x000002ebc23e4060 Exception <a 'java/lang/ClassNotFoundException'{0x0000000087219a98}: com/android/build/gradle/AppExtensionCustomizer> (0x0000000087219a98) 
thrown [s\src\hotspot\share\classfile\systemDictionary.cpp, line 312]
Event: 11.008 Thread 0x000002ebc23e4060 Exception <a 'java/lang/ClassNotFoundException'{0x00000000872390c0}: com/android/build/gradle/internal/dsl/BaseAppModuleExtensionCustomizer> (0x00000000872390c0) 
thrown [s\src\hotspot\share\classfile\systemDictionary.cpp, line 312]
Event: 11.013 Thread 0x000002ebc23e4060 Exception <a 'java/lang/ClassNotFoundException'{0x0000000087130268}: com/android/build/gradle/internal/dsl/BaseAppModuleExtension_DecoratedCustomizer> (0x0000000087130268) 
thrown [s\src\hotspot\share\classfile\systemDictionary.cpp, line 312]
Event: 11.039 Thread 0x000002ebc23e4060 Exception <a 'java/lang/ClassNotFoundException'{0x0000000086f85718}: org/gradle/api/internal/DefaultDomainObjectSet_DecoratedBeanInfo> (0x0000000086f85718) 
thrown [s\src\hotspot\share\classfile\systemDictionary.cpp, line 312]
Event: 11.040 Thread 0x000002ebc23e4060 Exception <a 'java/lang/ClassNotFoundException'{0x0000000086f96be8}: org/gradle/api/internal/DefaultDomainObjectSet_DecoratedCustomizer> (0x0000000086f96be8) 
thrown [s\src\hotspot\share\classfile\systemDictionary.cpp, line 312]

ZGC Phase Switch (0 events):
No events

VM Operations (20 events):
Event: 8.739 Executing VM operation: HandshakeAllThreads (Deoptimize)
Event: 8.739 Executing VM operation: HandshakeAllThreads (Deoptimize) done
Event: 8.756 Executing VM operation: G1PauseCleanup
Event: 8.756 Executing VM operation: G1PauseCleanup done
Event: 8.817 Executing VM operation: HandshakeAllThreads (Deoptimize)
Event: 8.817 Executing VM operation: HandshakeAllThreads (Deoptimize) done
Event: 9.033 Executing VM operation: HandshakeAllThreads (Deoptimize)
Event: 9.034 Executing VM operation: HandshakeAllThreads (Deoptimize) done
Event: 9.300 Executing VM operation: HandshakeAllThreads (Deoptimize)
Event: 9.300 Executing VM operation: HandshakeAllThreads (Deoptimize) done
Event: 9.372 Executing VM operation: HandshakeAllThreads (Deoptimize)
Event: 9.373 Executing VM operation: HandshakeAllThreads (Deoptimize) done
Event: 9.571 Executing VM operation: G1CollectForAllocation (G1 Evacuation Pause)
Event: 9.576 Executing VM operation: G1CollectForAllocation (G1 Evacuation Pause) done
Event: 10.579 Executing VM operation: Cleanup
Event: 10.579 Executing VM operation: Cleanup done
Event: 10.782 Executing VM operation: G1CollectForAllocation (G1 Evacuation Pause)
Event: 10.788 Executing VM operation: G1CollectForAllocation (G1 Evacuation Pause) done
Event: 10.905 Executing VM operation: HandshakeAllThreads (Deoptimize)
Event: 10.905 Executing VM operation: HandshakeAllThreads (Deoptimize) done

Memory protections (0 events):
No events

Nmethod flushes (20 events):
Event: 8.735 Thread 0x000002ebbbec8230 flushing  nmethod 0x000002eba8238c10
Event: 8.735 Thread 0x000002ebbbec8230 flushing  nmethod 0x000002eba8239390
Event: 8.735 Thread 0x000002ebbbec8230 flushing  nmethod 0x000002eba8271090
Event: 8.735 Thread 0x000002ebbbec8230 flushing  nmethod 0x000002eba8271410
Event: 8.735 Thread 0x000002ebbbec8230 flushing  nmethod 0x000002eba8272290
Event: 8.735 Thread 0x000002ebbbec8230 flushing  nmethod 0x000002eba8274290
Event: 8.735 Thread 0x000002ebbbec8230 flushing  nmethod 0x000002eba8275390
Event: 8.735 Thread 0x000002ebbbec8230 flushing  nmethod 0x000002eba8276b90
Event: 8.735 Thread 0x000002ebbbec8230 flushing  nmethod 0x000002eba82c3a90
Event: 8.735 Thread 0x000002ebbbec8230 flushing  nmethod 0x000002eba82c4110
Event: 8.735 Thread 0x000002ebbbec8230 flushing  nmethod 0x000002eba82c5010
Event: 8.735 Thread 0x000002ebbbec8230 flushing  nmethod 0x000002eba82c7510
Event: 8.735 Thread 0x000002ebbbec8230 flushing  nmethod 0x000002eba82d7890
Event: 8.735 Thread 0x000002ebbbec8230 flushing  nmethod 0x000002eba8327810
Event: 8.735 Thread 0x000002ebbbec8230 flushing  nmethod 0x000002eba83e2890
Event: 8.735 Thread 0x000002ebbbec8230 flushing  nmethod 0x000002eba83e4090
Event: 8.735 Thread 0x000002ebbbec8230 flushing  nmethod 0x000002eba83e5310
Event: 8.735 Thread 0x000002ebbbec8230 flushing  nmethod 0x000002eba8452810
Event: 8.735 Thread 0x000002ebbbec8230 flushing  nmethod 0x000002eba8620f10
Event: 8.735 Thread 0x000002ebbbec8230 flushing  nmethod 0x000002eba8628410

Events (20 events):
Event: 7.720 Thread 0x000002ebc23e4060 Thread added: 0x000002ebc3abc1c0
Event: 7.720 Thread 0x000002ebc23e4060 Thread added: 0x000002ebc3abd570
Event: 7.721 Thread 0x000002ebc23e4060 Thread added: 0x000002ebc3abcee0
Event: 7.721 Thread 0x000002ebc23e4060 Thread added: 0x000002ebc3abdc00
Event: 7.722 Thread 0x000002ebc23e4060 Thread added: 0x000002ebc3abc850
Event: 7.722 Thread 0x000002ebc23e4060 Thread added: 0x000002ebc3aba780
Event: 7.729 Thread 0x000002ebc23e4060 Thread added: 0x000002ebc3abe290
Event: 7.729 Thread 0x000002ebc23e4060 Thread added: 0x000002ebc3abae10
Event: 7.729 Thread 0x000002ebc23e4060 Thread added: 0x000002ebc3abe920
Event: 7.730 Thread 0x000002ebc23e4060 Thread added: 0x000002ebc3abefb0
Event: 7.730 Thread 0x000002ebc23e4060 Thread added: 0x000002ebc3abf640
Event: 7.730 Thread 0x000002ebc23e4060 Thread added: 0x000002ebc3abfcd0
Event: 7.730 Thread 0x000002ebc23e4060 Thread added: 0x000002ebc427a6d0
Event: 8.471 Thread 0x000002ebbc03f8c0 Thread exited: 0x000002ebbc03f8c0
Event: 8.471 Thread 0x000002ebbc03f1f0 Thread exited: 0x000002ebbc03f1f0
Event: 8.490 Thread 0x000002ebbc03eb20 Thread added: 0x000002ebc52fce90
Event: 8.533 Thread 0x000002ebc23e4060 Thread added: 0x000002ebc4278c90
Event: 9.075 Thread 0x000002ebc23e4060 Thread added: 0x000002ebc4278600
Event: 9.956 Thread 0x000002ebc52fce90 Thread exited: 0x000002ebc52fce90
Event: 10.374 Thread 0x000002ebbc03eb20 Thread added: 0x000002ebc52fe9d0


Dynamic libraries:
0x00007ff7fb7c0000 - 0x00007ff7fb7ca000 	C:\Program Files\Android\Android Studio\jbr\bin\java.exe
0x00007ff985e00000 - 0x00007ff986068000 	C:\WINDOWS\SYSTEM32\ntdll.dll
0x00007ff985790000 - 0x00007ff985859000 	C:\WINDOWS\System32\KERNEL32.DLL
0x00007ff9837a0000 - 0x00007ff983b91000 	C:\WINDOWS\System32\KERNELBASE.dll
0x00007ff9826e0000 - 0x00007ff98282b000 	C:\WINDOWS\System32\ucrtbase.dll
0x00007ff91d6e0000 - 0x00007ff91d6f8000 	C:\Program Files\Android\Android Studio\jbr\bin\jli.dll
0x00007ff95aea0000 - 0x00007ff95aebb000 	C:\Program Files\Android\Android Studio\jbr\bin\VCRUNTIME140.dll
0x00007ff9847f0000 - 0x00007ff9849b6000 	C:\WINDOWS\System32\USER32.dll
0x00007ff96b2e0000 - 0x00007ff96b573000 	C:\WINDOWS\WinSxS\amd64_microsoft.windows.common-controls_6595b64144ccf1df_6.0.26100.7824_none_3e0870b2e3345462\COMCTL32.dll
0x00007ff9828e0000 - 0x00007ff982907000 	C:\WINDOWS\System32\win32u.dll
0x00007ff9856d0000 - 0x00007ff985779000 	C:\WINDOWS\System32\msvcrt.dll
0x00007ff984010000 - 0x00007ff98403b000 	C:\WINDOWS\System32\GDI32.dll
0x00007ff9835b0000 - 0x00007ff9836db000 	C:\WINDOWS\System32\gdi32full.dll
0x00007ff982830000 - 0x00007ff9828d3000 	C:\WINDOWS\System32\msvcp_win.dll
0x00007ff985c50000 - 0x00007ff985c81000 	C:\WINDOWS\System32\IMM32.DLL
0x00007ff961600000 - 0x00007ff96160c000 	C:\Program Files\Android\Android Studio\jbr\bin\vcruntime140_1.dll
0x00007ff91d650000 - 0x00007ff91d6dd000 	C:\Program Files\Android\Android Studio\jbr\bin\msvcp140.dll
0x00007ff8e1830000 - 0x00007ff8e24c6000 	C:\Program Files\Android\Android Studio\jbr\bin\server\jvm.dll
0x00007ff983db0000 - 0x00007ff983e64000 	C:\WINDOWS\System32\ADVAPI32.dll
0x00007ff983ef0000 - 0x00007ff983f96000 	C:\WINDOWS\System32\sechost.dll
0x00007ff985410000 - 0x00007ff985528000 	C:\WINDOWS\System32\RPCRT4.dll
0x00007ff9845d0000 - 0x00007ff984644000 	C:\WINDOWS\System32\WS2_32.dll
0x00007ff982540000 - 0x00007ff98259e000 	C:\WINDOWS\SYSTEM32\POWRPROF.dll
0x00007ff9771d0000 - 0x00007ff9771db000 	C:\WINDOWS\SYSTEM32\VERSION.dll
0x00007ff970fe0000 - 0x00007ff971015000 	C:\WINDOWS\SYSTEM32\WINMM.dll
0x00007ff982520000 - 0x00007ff982534000 	C:\WINDOWS\SYSTEM32\UMPDC.dll
0x00007ff981480000 - 0x00007ff98149b000 	C:\WINDOWS\SYSTEM32\kernel.appcore.dll
0x00007ff9615c0000 - 0x00007ff9615ca000 	C:\Program Files\Android\Android Studio\jbr\bin\jimage.dll
0x00007ff980530000 - 0x00007ff980772000 	C:\WINDOWS\SYSTEM32\DBGHELP.DLL
0x00007ff985860000 - 0x00007ff985be6000 	C:\WINDOWS\System32\combase.dll
0x00007ff984710000 - 0x00007ff9847e7000 	C:\WINDOWS\System32\OLEAUT32.dll
0x00007ff969c90000 - 0x00007ff969ccb000 	C:\WINDOWS\SYSTEM32\dbgcore.DLL
0x00007ff982c90000 - 0x00007ff982d35000 	C:\WINDOWS\System32\bcryptPrimitives.dll
0x00007ff952eb0000 - 0x00007ff952ebe000 	C:\Program Files\Android\Android Studio\jbr\bin\instrument.dll
0x00007ff95ae80000 - 0x00007ff95aea0000 	C:\Program Files\Android\Android Studio\jbr\bin\java.dll
0x00007ff95ade0000 - 0x00007ff95adf8000 	C:\Program Files\Android\Android Studio\jbr\bin\zip.dll
0x00007ff9849c0000 - 0x00007ff985112000 	C:\WINDOWS\System32\SHELL32.dll
0x00007ff9829a0000 - 0x00007ff982b0a000 	C:\WINDOWS\System32\wintypes.dll
0x00007ff982d40000 - 0x00007ff9835a3000 	C:\WINDOWS\System32\windows.storage.dll
0x00007ff985120000 - 0x00007ff985216000 	C:\WINDOWS\System32\SHCORE.dll
0x00007ff984560000 - 0x00007ff9845c7000 	C:\WINDOWS\System32\shlwapi.dll
0x00007ff982600000 - 0x00007ff982629000 	C:\WINDOWS\SYSTEM32\profapi.dll
0x00007ff961220000 - 0x00007ff961230000 	C:\Program Files\Android\Android Studio\jbr\bin\net.dll
0x00007ff976f50000 - 0x00007ff977077000 	C:\WINDOWS\SYSTEM32\WINHTTP.dll
0x00007ff9819f0000 - 0x00007ff981a5b000 	C:\WINDOWS\system32\mswsock.dll
0x00007ff95adc0000 - 0x00007ff95add6000 	C:\Program Files\Android\Android Studio\jbr\bin\nio.dll
0x00007ff95ab60000 - 0x00007ff95ab70000 	C:\Program Files\Android\Android Studio\jbr\bin\verify.dll
0x00007ff95ca50000 - 0x00007ff95ca77000 	C:\Users\thepe\.gradle\native\1def1411415f61bf3af743bc5b6707747c0891f09f0c88961ee8f79bc544acac\windows-amd64\native-platform.dll
0x00007ff91d5d0000 - 0x00007ff91d648000 	C:\Users\thepe\.gradle\native\0.2.7\x86_64-windows-gnu\gradle-fileevents.dll
0x00007ff95dcc0000 - 0x00007ff95dcc9000 	C:\Program Files\Android\Android Studio\jbr\bin\management.dll
0x00007ff95c000000 - 0x00007ff95c00b000 	C:\Program Files\Android\Android Studio\jbr\bin\management_ext.dll
0x00007ff985bf0000 - 0x00007ff985bf8000 	C:\WINDOWS\System32\PSAPI.DLL
0x00007ff980ea0000 - 0x00007ff980ed4000 	C:\WINDOWS\SYSTEM32\IPHLPAPI.DLL
0x00007ff983da0000 - 0x00007ff983daa000 	C:\WINDOWS\System32\NSI.dll
0x00007ff95f8e0000 - 0x00007ff95f8e9000 	C:\Program Files\Android\Android Studio\jbr\bin\extnet.dll
0x00007ff981cc0000 - 0x00007ff981cdb000 	C:\WINDOWS\SYSTEM32\CRYPTSP.dll
0x00007ff9813e0000 - 0x00007ff981419000 	C:\WINDOWS\system32\rsaenh.dll
0x00007ff981aa0000 - 0x00007ff981acb000 	C:\WINDOWS\SYSTEM32\USERENV.dll
0x00007ff9825d0000 - 0x00007ff9825fa000 	C:\WINDOWS\SYSTEM32\bcrypt.dll
0x00007ff981ce0000 - 0x00007ff981cec000 	C:\WINDOWS\SYSTEM32\CRYPTBASE.dll
0x00007ff9740d0000 - 0x00007ff9740d8000 	C:\WINDOWS\system32\wshunix.dll

JVMTI agents:
C:\Users\thepe\.gradle\wrapper\dists\gradle-8.13-bin\5xuhj0ry160q40clulazy9h7d\gradle-8.13\lib\agents\gradle-instrumentation-agent-8.13.jar path:C:\Program Files\Android\Android Studio\jbr\bin\instrument.dll, loaded, initialized, instrumentlib options:none

dbghelp: loaded successfully - version: 4.0.5 - missing functions: none
symbol engine: initialized successfully - sym options: 0x614 - pdb path: .;C:\Program Files\Android\Android Studio\jbr\bin;C:\WINDOWS\SYSTEM32;C:\WINDOWS\WinSxS\amd64_microsoft.windows.common-controls_6595b64144ccf1df_6.0.26100.7824_none_3e0870b2e3345462;C:\Program Files\Android\Android Studio\jbr\bin\server;C:\Users\thepe\.gradle\native\1def1411415f61bf3af743bc5b6707747c0891f09f0c88961ee8f79bc544acac\windows-amd64;C:\Users\thepe\.gradle\native\0.2.7\x86_64-windows-gnu

VM Arguments:
jvm_args: --add-opens=java.base/java.lang=ALL-UNNAMED --add-opens=java.base/java.lang.invoke=ALL-UNNAMED --add-opens=java.base/java.util=ALL-UNNAMED --add-opens=java.prefs/java.util.prefs=ALL-UNNAMED --add-exports=jdk.compiler/com.sun.tools.javac.api=ALL-UNNAMED --add-exports=jdk.compiler/com.sun.tools.javac.util=ALL-UNNAMED --add-opens=java.base/java.util=ALL-UNNAMED --add-opens=java.prefs/java.util.prefs=ALL-UNNAMED --add-opens=java.base/java.nio.charset=ALL-UNNAMED --add-opens=java.base/java.net=ALL-UNNAMED --add-opens=java.base/java.util.concurrent.atomic=ALL-UNNAMED --add-opens=java.xml/javax.xml.namespace=ALL-UNNAMED -Xmx2048m -Dfile.encoding=UTF-8 -Duser.country=PE -Duser.language=es -Duser.variant -javaagent:C:\Users\thepe\.gradle\wrapper\dists\gradle-8.13-bin\5xuhj0ry160q40clulazy9h7d\gradle-8.13\lib\agents\gradle-instrumentation-agent-8.13.jar 
java_command: org.gradle.launcher.daemon.bootstrap.GradleDaemon 8.13
java_class_path (initial): C:\Users\thepe\.gradle\wrapper\dists\gradle-8.13-bin\5xuhj0ry160q40clulazy9h7d\gradle-8.13\lib\gradle-daemon-main-8.13.jar
Launcher Type: SUN_STANDARD

[Global flags]
     intx CICompilerCount                          = 4                                         {product} {ergonomic}
     uint ConcGCThreads                            = 2                                         {product} {ergonomic}
     uint G1ConcRefinementThreads                  = 8                                         {product} {ergonomic}
   size_t G1HeapRegionSize                         = 1048576                                   {product} {ergonomic}
    uintx GCDrainStackTargetSize                   = 64                                        {product} {ergonomic}
   size_t InitialHeapSize                          = 266338304                                 {product} {ergonomic}
   size_t MarkStackSize                            = 4194304                                   {product} {ergonomic}
   size_t MaxHeapSize                              = 2147483648                                {product} {command line}
   size_t MaxNewSize                               = 1287651328                                {product} {ergonomic}
   size_t MinHeapDeltaBytes                        = 1048576                                   {product} {ergonomic}
   size_t MinHeapSize                              = 8388608                                   {product} {ergonomic}
    uintx NonNMethodCodeHeapSize                   = 5839372                                {pd product} {ergonomic}
    uintx NonProfiledCodeHeapSize                  = 122909434                              {pd product} {ergonomic}
    uintx ProfiledCodeHeapSize                     = 122909434                              {pd product} {ergonomic}
    uintx ReservedCodeCacheSize                    = 251658240                              {pd product} {ergonomic}
     bool SegmentedCodeCache                       = true                                      {product} {ergonomic}
   size_t SoftMaxHeapSize                          = 2147483648                             {manageable} {ergonomic}
     bool UseCompressedOops                        = true                           {product lp64_product} {ergonomic}
     bool UseG1GC                                  = true                                      {product} {ergonomic}
     bool UseLargePagesIndividualAllocation        = false                                  {pd product} {ergonomic}

Logging:
Log output configuration:
 #0: stdout all=warning uptime,level,tags foldmultilines=false
 #1: stderr all=off uptime,level,tags foldmultilines=false

Release file:
JAVA_VERSION="21.0.9" 
MODULES="java.base java.compiler java.datatransfer java.xml java.prefs java.desktop java.instrument java.logging java.management java.security.sasl java.naming java.rmi java.management.rmi java.net.http java.scripting java.security.jgss java.transaction.xa java.sql java.sql.rowset java.xml.crypto java.se java.smartcardio jdk.accessibility jdk.internal.jvmstat jdk.attach jdk.charsets jdk.internal.opt jdk.zipfs jdk.compiler jdk.crypto.ec jdk.crypto.cryptoki jdk.dynalink jdk.hotspot.agent jdk.httpserver jdk.internal.ed jdk.internal.le jdk.internal.vm.ci jdk.jartool jdk.javadoc jdk.jcmd jdk.jdeps jdk.jdwp.agent jdk.jdi jdk.jfr jdk.jlink jdk.jsobject jdk.localedata jdk.management jdk.management.agent jdk.management.jfr jdk.naming.dns jdk.naming.rmi jdk.net jdk.sctp jdk.security.auth jdk.security.jgss jdk.unsupported jdk.unsupported.desktop jdk.xml.dom" 
IMPLEMENTOR="JetBrains s.r.o." 
JAVA_RUNTIME_VERSION="21.0.9+-14649483-b1163.86" 
LIBC="default" 
OS_ARCH="x86_64" 
OS_NAME="Windows" 
SOURCE=".:git:554d0c326095" 

Environment Variables:
JAVA_HOME=C:\Program Files\Java\openlogic-openjdk-17.0.12+7-windows-x64
PATH=C:\Program Files\Eclipse Adoptium\jdk-25.0.1.8-hotspot\bin;C:\Program Files\NVIDIA GPU Computing Toolkit\CUDA\v11.2\bin;C:\Program Files\NVIDIA GPU Computing Toolkit\CUDA\v11.2\libnvvp;C:\ffmpeg\bin;C:\ProgramData\Oracle\Java\javapath;C:\Program Files\Common Files\Oracle\Java\javapath;C:\Program Files (x86)\Common Files\Oracle\Java\java8path;C:\Program Files (x86)\Common Files\Oracle\Java\javapath;C:\Windows\system32;C:\Windows;C:\Windows\System32\Wbem;C:\Windows\System32\WindowsPowerShell\v1.0\;C:\Windows\System32\OpenSSH\;C:\Program Files (x86)\NVIDIA Corporation\PhysX\Common;C:\Program Files\Java\jdk-16.0.1\bin;C:\Program Files\Microsoft SQL Server\Client SDK\ODBC\170\Tools\Binn\;C:\Program Files (x86)\Microsoft SQL Server\150\Tools\Binn\;C:\Program Files\Microsoft SQL Server\150\Tools\Binn\;C:\Program Files\Microsoft SQL Server\150\DTS\Binn\;C:\Program Files (x86);C:\sv2tts;C:\Program Files\dotnet\;C:\Program Files\Git\cmd;C:\Users\thepe\Documents\ffmpeg\ffmpeg_folder\bin;C:\Program Files\CMake\bin;C:\ProgramData\chocolatey\bin;C:\Users\thepe\AppData\Local\Android\Sdk\platform-tools\;C:\Users\thepe\AppData\Local\Muse Hub\lib;C:\Program Files\PostgreSQL\14\bin;C:\Program Files (x86)\Windows Kits\10\Windows Performance Toolkit\;C:\Program Files\NVIDIA Corporation\Nsight Compute 2020.3.1\;C:\Program Files\cursor\resources\app\bin;C:\Program Files\NVIDIA Corporation\NVIDIA App\NvDLISR;C:\Program Files\nodejs\;C:\WINDOWS\system32;C:\WINDOWS;C:\WINDOWS\System32\Wbem;C:\WINDOWS\System32\WindowsPowerShell\v1.0\;C:\WINDOWS\System32\OpenSSH\;C:\Users\thepe\anaconda3;C:\Users\thepe\anaconda3\Library\mingw-w64\bin;C:\Users\thepe\anaconda3\Library\usr\bin;C:\Users\thepe\anaconda3\Library\bin;C:\Users\thepe\anaconda3\Scripts;C:\Users\thepe\AppData\Local\Programs\Python\Python310\Scripts\;C:\Users\thepe\AppData\Local\Programs\Python\Python310\;C:\Users\thepe\AppData\Local\Microsoft\WindowsApps;C:\Users\thepe\AppData\Local\Programs\Microsoft VS Code\bin;C:\Program Files\Azure Data Studio\bin;C:\Users\thepe\AppData\Local\Muse Hub\lib;C:\Users\thepe\.dotnet\tools;C:\Users\thepe\AppData\Local\Programs\Antigravity\bin;C:\Users\thepe\AppData\Roaming\npm;
USERNAME=thepe
OS=Windows_NT
PROCESSOR_IDENTIFIER=Intel64 Family 6 Model 165 Stepping 2, GenuineIntel
TMP=C:\Users\thepe\AppData\Local\Temp
TEMP=C:\Users\thepe\AppData\Local\Temp




Periodic native trim disabled

JNI global refs:
JNI global refs: 27, weak refs: 0

JNI global refs memory usage: 835, weak refs: 833

Process memory usage:
Resident Set Size: 389440K (2% of 16604212K total physical memory with 550624K free physical memory)

OOME stack traces (most recent first):
Classloader memory used:
Loader org.gradle.internal.classloader.VisitableURLClassLoader                         : 33170K
Loader bootstrap                                                                       : 25666K
Loader org.gradle.internal.classloader.VisitableURLClassLoader$InstrumentingVisitableURLClassLoader: 12134K
Loader org.gradle.initialization.MixInLegacyTypesClassLoader                           : 11449K
Loader jdk.internal.loader.ClassLoaders$PlatformClassLoader                            : 555K
Loader jdk.internal.loader.ClassLoaders$AppClassLoader                                 : 235K
Loader org.gradle.groovy.scripts.internal.DefaultScriptCompilationHandler$ScriptClassLoader: 216K
Loader jdk.internal.reflect.DelegatingClassLoader                                      : 138K
Loader org.codehaus.groovy.runtime.callsite.CallSiteClassLoader                        : 47240B

Classes loaded by more than one classloader:
Class com.google.common.base.PairwiseEquivalence                                      : loaded 2 times (x 83B)
Class com.google.common.base.Equivalence$Identity                                     : loaded 2 times (x 82B)
Class com.google.common.collect.RegularImmutableMap$KeySet                            : loaded 2 times (x 152B)
Class org.gradle.internal.classloader.FilteringClassLoader                            : loaded 2 times (x 105B)
Class com.google.common.base.CharMatcher$IsEither                                     : loaded 2 times (x 111B)
Class org.gradle.internal.classloader.ClassLoaderHierarchy                            : loaded 2 times (x 70B)
Class com.google.common.collect.ImmutableEnumSet                                      : loaded 2 times (x 146B)
Class com.google.common.util.concurrent.ExecutionError                                : loaded 2 times (x 82B)
Class com.google.common.collect.ImmutableList$1                                       : loaded 2 times (x 97B)
Class org.gradle.api.internal.classpath.ManifestUtil                                  : loaded 2 times (x 71B)
Class com.google.common.collect.RegularImmutableMap                                   : loaded 2 times (x 121B)
Class com.google.common.collect.ImmutableMap$MapViewOfValuesAsSingletonSets           : loaded 2 times (x 126B)
Class [Lorg.objectweb.asm.Symbol;                                                     : loaded 2 times (x 69B)
Class org.objectweb.asm.ClassVisitor                                                  : loaded 2 times (x 88B)
Class com.google.common.collect.UnmodifiableListIterator                              : loaded 2 times (x 95B)
Class org.objectweb.asm.MethodTooLargeException                                       : loaded 2 times (x 83B)
Class [Lcom.google.common.cache.CacheBuilder$OneWeigher;                              : loaded 2 times (x 69B)
Class com.google.common.base.Suppliers                                                : loaded 2 times (x 71B)
Class org.gradle.internal.classloader.DefaultClassLoaderFactory                       : loaded 2 times (x 82B)
Class ijKotlinCoroutineJvmDebugInit1_3j91fxw62fxy0tmxn581dd3g3$_run_closure1          : loaded 2 times (x 139B)
Class org.gradle.internal.classloader.ClassLoaderVisitor                              : loaded 2 times (x 76B)
Class [Lcom.google.common.collect.ImmutableMapEntry;                                  : loaded 2 times (x 69B)
Class settings_97rxkysmqq3d8zr8ewdveoyx9                                              : loaded 2 times (x 179B)
Class org.gradle.api.internal.classpath.EffectiveClassPath                            : loaded 2 times (x 90B)
Class com.google.common.collect.ListMultimap                                          : loaded 2 times (x 70B)
Class com.google.common.collect.ImmutableEnumMap                                      : loaded 2 times (x 126B)
Class com.google.common.collect.Sets$1                                                : loaded 2 times (x 139B)
Class org.objectweb.asm.AnnotationVisitor                                             : loaded 2 times (x 78B)
Class org.gradle.api.internal.DefaultClassPathProvider                                : loaded 2 times (x 76B)
Class com.google.common.collect.Sets$2                                                : loaded 2 times (x 139B)
Class [Lorg.gradle.api.internal.ClassPathProvider;                                    : loaded 2 times (x 69B)
Class org.gradle.api.internal.ClassPathProvider                                       : loaded 2 times (x 70B)
Class [Lorg.objectweb.asm.AnnotationVisitor;                                          : loaded 2 times (x 69B)
Class com.google.common.collect.Sets$3                                                : loaded 2 times (x 139B)
Class com.google.common.util.concurrent.AbstractFuture$SafeAtomicHelper               : loaded 2 times (x 79B)
Class com.google.common.cache.LocalCache$LocalLoadingCache                            : loaded 2 times (x 134B)
Class org.gradle.internal.service.UnknownServiceException                             : loaded 2 times (x 83B)
Class com.google.common.collect.Sets$4                                                : loaded 2 times (x 139B)
Class org.objectweb.asm.ModuleVisitor                                                 : loaded 2 times (x 81B)
Class com.google.common.cache.LocalCache$Strength$1                                   : loaded 2 times (x 81B)
Class settings_97rxkysmqq3d8zr8ewdveoyx9$_run_closure1                                : loaded 2 times (x 139B)
Class com.google.common.util.concurrent.SettableFuture                                : loaded 2 times (x 114B)
Class com.google.common.cache.LocalCache$Strength$2                                   : loaded 2 times (x 81B)
Class com.google.common.cache.LocalCache$Strength$3                                   : loaded 2 times (x 81B)
Class com.google.common.collect.MapDifference                                         : loaded 2 times (x 70B)
Class settings_97rxkysmqq3d8zr8ewdveoyx9$_run_closure1$_closure2                      : loaded 2 times (x 139B)
Class org.objectweb.asm.FieldWriter                                                   : loaded 2 times (x 78B)
Class com.google.common.cache.CacheBuilder$NullListener                               : loaded 2 times (x 82B)
Class org.gradle.internal.classpath.TransformedClassPath                              : loaded 2 times (x 96B)
Class org.gradle.internal.classloader.InstrumentingClassLoader                        : loaded 2 times (x 70B)
Class com.google.common.cache.CacheLoader$FunctionToCacheLoader                       : loaded 2 times (x 75B)
Class com.google.common.collect.Iterators$ArrayItr                                    : loaded 2 times (x 97B)
Class com.google.common.collect.ImmutableCollection$Builder                           : loaded 2 times (x 76B)
Class ijJvmDebugger1_dfb5n65i3sm3jygybathzvon1                                        : loaded 2 times (x 179B)
Class com.google.common.base.Joiner                                                   : loaded 2 times (x 79B)
Class com.google.common.base.MoreObjects                                              : loaded 2 times (x 71B)
Class com.google.common.collect.Platform                                              : loaded 2 times (x 71B)
Class [Lorg.objectweb.asm.Type;                                                       : loaded 2 times (x 69B)
Class com.google.common.collect.UnmodifiableIterator                                  : loaded 2 times (x 80B)
Class org.gradle.internal.service.ServiceLocator                                      : loaded 2 times (x 70B)
Class com.google.common.base.Ascii                                                    : loaded 2 times (x 71B)
Class com.google.common.collect.SingletonImmutableBiMap                               : loaded 2 times (x 143B)
Class com.google.common.cache.LocalCache$1                                            : loaded 2 times (x 89B)
Class com.google.common.collect.AbstractMapEntry                                      : loaded 2 times (x 81B)
Class com.google.common.collect.AbstractMultimap                                      : loaded 2 times (x 123B)
Class com.google.common.cache.LocalCache$2                                            : loaded 2 times (x 142B)
Class com.google.common.util.concurrent.AbstractFuture$UnsafeAtomicHelper$1           : loaded 2 times (x 76B)
Class com.google.common.collect.RegularImmutableAsList                                : loaded 2 times (x 217B)
Class com.google.common.util.concurrent.AbstractFuture$Trusted                        : loaded 2 times (x 70B)
Class com.google.common.collect.Iterators                                             : loaded 2 times (x 71B)
Class com.google.common.collect.Lists$StringAsImmutableList                           : loaded 2 times (x 207B)
Class com.google.common.util.concurrent.UncheckedExecutionException                   : loaded 2 times (x 82B)
Class org.gradle.internal.InternalTransformer                                         : loaded 2 times (x 70B)
Class org.objectweb.asm.ClassWriter                                                   : loaded 2 times (x 106B)
Class com.google.common.base.CharMatcher$And                                          : loaded 2 times (x 112B)
Class com.google.common.cache.CacheLoader$UnsupportedLoadingOperationException        : loaded 2 times (x 82B)
Class org.gradle.internal.classloader.ClasspathUtil$1                                 : loaded 2 times (x 76B)
Class org.objectweb.asm.FieldVisitor                                                  : loaded 2 times (x 77B)
Class com.google.common.collect.IndexedImmutableSet                                   : loaded 2 times (x 152B)
Class com.google.common.collect.ImmutableMap$1                                        : loaded 2 times (x 81B)
Class com.google.common.collect.BiMap                                                 : loaded 2 times (x 70B)
Class org.gradle.api.internal.classpath.DefaultModuleRegistry$DefaultModule           : loaded 2 times (x 86B)
Class com.google.common.primitives.Ints                                               : loaded 2 times (x 71B)
Class com.google.common.collect.AbstractIterator                                      : loaded 2 times (x 82B)
Class com.google.common.collect.ObjectArrays                                          : loaded 2 times (x 71B)
Class com.google.common.collect.Multiset                                              : loaded 2 times (x 70B)
Class com.google.common.collect.ArrayListMultimapGwtSerializationDependencies         : loaded 2 times (x 172B)
Class com.google.common.collect.AbstractIndexedListIterator                           : loaded 2 times (x 96B)
Class com.google.common.math.MathPreconditions                                        : loaded 2 times (x 71B)
Class com.google.common.collect.ImmutableMapEntrySet                                  : loaded 2 times (x 152B)
Class org.gradle.api.internal.classpath.Module                                        : loaded 2 times (x 70B)
Class com.google.common.cache.Weigher                                                 : loaded 2 times (x 70B)
Class org.gradle.api.internal.classpath.UnknownModuleException                        : loaded 2 times (x 82B)
Class com.google.common.base.Stopwatch                                                : loaded 2 times (x 72B)
Class com.google.common.cache.LocalCache$Strength                                     : loaded 2 times (x 81B)
Class com.google.common.cache.Cache                                                   : loaded 2 times (x 70B)
Class com.google.common.util.concurrent.AbstractFuture$Cancellation                   : loaded 2 times (x 72B)
Class com.google.common.collect.ImmutableMap$Builder                                  : loaded 2 times (x 82B)
Class com.google.common.cache.RemovalListener                                         : loaded 2 times (x 70B)
Class ijKotlinCoroutineJvmDebugInit1_3j91fxw62fxy0tmxn581dd3g3                        : loaded 2 times (x 179B)
Class org.gradle.api.internal.DefaultClassPathRegistry                                : loaded 2 times (x 76B)
Class com.google.common.primitives.IntsMethodsForWeb                                  : loaded 2 times (x 71B)
Class com.google.common.collect.Multimap                                              : loaded 2 times (x 70B)
Class org.gradle.api.internal.ClassPathRegistry                                       : loaded 2 times (x 70B)
Class org.gradle.internal.classpath.DefaultClassPath$ImmutableUniqueList              : loaded 2 times (x 199B)
Class com.google.common.cache.CacheBuilder                                            : loaded 2 times (x 72B)
Class com.google.common.collect.SingletonImmutableList                                : loaded 2 times (x 207B)
Class org.gradle.internal.classpath.ClassPath                                         : loaded 2 times (x 70B)
Class org.gradle.api.UncheckedIOException                                             : loaded 2 times (x 82B)
Class com.google.common.collect.ImmutableList$ReverseImmutableList                    : loaded 2 times (x 209B)
Class org.objectweb.asm.SymbolTable$Entry                                             : loaded 2 times (x 74B)
Class com.google.common.util.concurrent.AbstractFuture$AtomicHelper                   : loaded 2 times (x 78B)
Class org.objectweb.asm.Edge                                                          : loaded 2 times (x 72B)
Class com.google.common.base.Suppliers$SupplierOfInstance                             : loaded 2 times (x 79B)
Class com.google.common.collect.Iterators$1                                           : loaded 2 times (x 81B)
Class ijJvmDebugger1_dfb5n65i3sm3jygybathzvon1$_run_closure1$_closure2                : loaded 2 times (x 140B)
Class com.google.common.cache.LocalCache$ComputingValueReference                      : loaded 2 times (x 96B)
Class com.google.common.collect.SingletonImmutableSet                                 : loaded 2 times (x 146B)
Class com.google.common.collect.ImmutableMap$IteratorBasedImmutableMap                : loaded 2 times (x 126B)
Class com.google.common.cache.LocalCache$Segment                                      : loaded 2 times (x 154B)
Class com.google.common.collect.AbstractListMultimap                                  : loaded 2 times (x 172B)
Class [Lorg.objectweb.asm.SymbolTable$Entry;                                          : loaded 2 times (x 69B)
Class com.google.common.cache.CacheLoader                                             : loaded 2 times (x 74B)
Class com.google.common.collect.Iterators$4                                           : loaded 2 times (x 82B)
Class com.google.common.collect.ImmutableBiMap                                        : loaded 2 times (x 143B)
Class org.gradle.internal.installation.GradleInstallation$1                           : loaded 2 times (x 75B)
Class org.gradle.api.internal.classpath.ModuleRegistry                                : loaded 2 times (x 70B)
Class com.google.common.util.concurrent.internal.InternalFutureFailureAccess          : loaded 2 times (x 72B)
Class com.google.common.collect.Iterators$5                                           : loaded 2 times (x 82B)
Class com.google.common.collect.ImmutableSet$JdkBackedSetBuilderImpl                  : loaded 2 times (x 76B)
Class com.google.common.util.concurrent.AbstractFuture$UnsafeAtomicHelper             : loaded 2 times (x 78B)
Class com.google.common.base.CharMatcher$ForPredicate                                 : loaded 2 times (x 112B)
Class com.google.common.cache.LocalCache$LocalManualCache$1                           : loaded 2 times (x 75B)
Class com.google.common.base.CharMatcher$AnyOf                                        : loaded 2 times (x 112B)
Class com.google.common.collect.ImmutableCollection                                   : loaded 2 times (x 125B)
Class org.gradle.api.internal.classpath.DefaultModuleRegistry                         : loaded 2 times (x 86B)
Class com.google.common.collect.Lists                                                 : loaded 2 times (x 71B)
Class com.google.common.util.concurrent.ListenableFuture                              : loaded 2 times (x 70B)
Class com.google.common.cache.ReferenceEntry                                          : loaded 2 times (x 70B)
Class com.google.common.base.Converter                                                : loaded 2 times (x 90B)
Class com.google.common.collect.ImmutableSet$CachingAsList                            : loaded 2 times (x 148B)
Class com.google.common.collect.AbstractMapBasedMultimap                              : loaded 2 times (x 139B)
Class com.google.common.util.concurrent.AbstractFuture                                : loaded 2 times (x 106B)
Class com.google.common.base.FunctionalEquivalence                                    : loaded 2 times (x 83B)
Class com.google.common.collect.Iterators$9                                           : loaded 2 times (x 81B)
Class com.google.common.collect.ImmutableAsList                                       : loaded 2 times (x 209B)
Class org.objectweb.asm.RecordComponentVisitor                                        : loaded 2 times (x 77B)
Class com.google.common.cache.CacheLoader$SupplierToCacheLoader                       : loaded 2 times (x 75B)
Class com.google.common.collect.Maps$EntryTransformer                                 : loaded 2 times (x 70B)
Class org.gradle.internal.service.ServiceLookupException                              : loaded 2 times (x 82B)
Class [Lcom.google.common.cache.LocalCache$EntryFactory;                              : loaded 2 times (x 69B)
Class org.gradle.internal.classloader.ClassLoaderFactory                              : loaded 2 times (x 70B)
Class com.google.common.base.CharMatcher$IsNot                                        : loaded 2 times (x 111B)
Class com.google.common.cache.LocalCache$LocalManualCache                             : loaded 2 times (x 99B)
Class org.gradle.internal.service.CachingServiceLocator                               : loaded 2 times (x 82B)
Class com.google.common.math.IntMath                                                  : loaded 2 times (x 71B)
Class com.google.common.collect.ImmutableMapEntry                                     : loaded 2 times (x 85B)
Class com.google.common.base.Equivalence                                              : loaded 2 times (x 82B)
Class com.google.common.base.Function                                                 : loaded 2 times (x 70B)
Class com.google.common.collect.ImmutableMapEntry$NonTerminalImmutableMapEntry        : loaded 2 times (x 85B)
Class com.google.common.collect.IndexedImmutableSet$1                                 : loaded 2 times (x 213B)
Class com.google.common.cache.CacheBuilder$OneWeigher                                 : loaded 2 times (x 82B)
Class com.google.common.collect.RegularImmutableList                                  : loaded 2 times (x 213B)
Class org.gradle.internal.classloader.ClasspathUtil                                   : loaded 2 times (x 71B)
Class com.google.common.base.Charsets                                                 : loaded 2 times (x 71B)
Class com.google.common.util.concurrent.Uninterruptibles                              : loaded 2 times (x 71B)
Class com.google.common.collect.Maps                                                  : loaded 2 times (x 71B)
Class org.gradle.api.specs.Spec                                                       : loaded 2 times (x 70B)
Class [Lcom.google.common.collect.ImmutableEntry;                                     : loaded 2 times (x 69B)
Class com.google.common.cache.LocalCache$LoadingValueReference                        : loaded 2 times (x 96B)
Class [Lorg.objectweb.asm.AnnotationWriter;                                           : loaded 2 times (x 69B)
Class com.google.common.collect.Maps$8                                                : loaded 2 times (x 82B)
Class com.google.common.collect.Sets$SetView                                          : loaded 2 times (x 138B)
Class com.google.common.cache.LocalCache$StrongValueReference                         : loaded 2 times (x 90B)
Class com.google.common.util.concurrent.AbstractFuture$SynchronizedHelper             : loaded 2 times (x 78B)
Class org.objectweb.asm.Type                                                          : loaded 2 times (x 72B)
Class org.gradle.internal.classloader.VisitableURLClassLoader$InstrumentingVisitableURLClassLoader: loaded 2 times (x 123B)
Class org.objectweb.asm.ByteVector                                                    : loaded 2 times (x 79B)
Class [Lcom.google.common.cache.CacheBuilder$NullListener;                            : loaded 2 times (x 69B)
Class com.google.common.math.IntMath$1                                                : loaded 2 times (x 71B)
Class org.gradle.internal.classloader.VisitableURLClassLoader$Spec                    : loaded 2 times (x 74B)
Class org.gradle.internal.classpath.DefaultClassPath                                  : loaded 2 times (x 90B)
Class org.objectweb.asm.Symbol                                                        : loaded 2 times (x 73B)
Class com.google.common.base.CharMatcher$Ascii                                        : loaded 2 times (x 112B)
Class com.google.common.base.CharMatcher$BitSetMatcher                                : loaded 2 times (x 112B)
Class com.google.common.collect.RegularImmutableMap$Values                            : loaded 2 times (x 207B)
Class com.google.common.collect.ImmutableSet                                          : loaded 2 times (x 145B)
Class org.gradle.internal.classloader.ClassLoaderSpec                                 : loaded 2 times (x 71B)
Class org.objectweb.asm.AnnotationWriter                                              : loaded 2 times (x 79B)
Class com.google.common.cache.CacheStats                                              : loaded 2 times (x 71B)
Class ijKotlinCoroutineJvmDebugInit1_3j91fxw62fxy0tmxn581dd3g3$_run_closure1$_closure2: loaded 2 times (x 139B)
Class org.objectweb.asm.RecordComponentWriter                                         : loaded 2 times (x 78B)
Class com.google.common.util.concurrent.AbstractFuture$Listener                       : loaded 2 times (x 72B)
Class com.google.common.base.CharMatcher$Or                                           : loaded 2 times (x 112B)
Class org.objectweb.asm.Attribute                                                     : loaded 2 times (x 77B)
Class com.google.common.base.Supplier                                                 : loaded 2 times (x 70B)
Class org.gradle.internal.classloader.VisitableURLClassLoader                         : loaded 2 times (x 117B)
Class com.google.common.util.concurrent.AbstractFuture$Waiter                         : loaded 2 times (x 72B)
Class org.gradle.internal.Cast                                                        : loaded 2 times (x 71B)
Class org.gradle.api.Action                                                           : loaded 2 times (x 70B)
Class com.google.common.collect.Sets                                                  : loaded 2 times (x 71B)
Class org.objectweb.asm.Handler                                                       : loaded 2 times (x 72B)
Class com.google.common.base.CharMatcher$FastMatcher                                  : loaded 2 times (x 111B)
Class com.google.common.base.Ticker                                                   : loaded 2 times (x 72B)
Class [Lcom.google.common.cache.LocalCache$Segment;                                   : loaded 2 times (x 69B)
Class com.google.common.base.Predicate                                                : loaded 2 times (x 70B)
Class [Lcom.google.common.cache.LocalCache$Strength;                                  : loaded 2 times (x 69B)
Class com.google.common.cache.CacheBuilder$1                                          : loaded 2 times (x 85B)
Class com.google.common.collect.ImmutableMap                                          : loaded 2 times (x 120B)
Class org.gradle.internal.classpath.DefaultClassPath$ImmutableUniqueList$Builder      : loaded 2 times (x 75B)
Class com.google.common.base.CharMatcher$NegatedFastMatcher                           : loaded 2 times (x 113B)
Class com.google.common.cache.LocalCache                                              : loaded 2 times (x 187B)
Class com.google.common.cache.CacheBuilder$2                                          : loaded 2 times (x 79B)
Class com.google.common.collect.ArrayListMultimap                                     : loaded 2 times (x 172B)
Class com.google.common.cache.CacheBuilder$3                                          : loaded 2 times (x 72B)
Class [Lcom.google.common.collect.AbstractMapEntry;                                   : loaded 2 times (x 69B)
Class com.google.common.collect.ImmutableEntry                                        : loaded 2 times (x 82B)
Class org.gradle.api.GradleException                                                  : loaded 2 times (x 82B)
Class com.google.common.collect.CollectPreconditions                                  : loaded 2 times (x 71B)
Class com.google.common.collect.SortedMapDifference                                   : loaded 2 times (x 70B)
Class com.google.common.cache.LocalCache$EntryFactory                                 : loaded 2 times (x 83B)
Class com.google.common.cache.LocalCache$AbstractReferenceEntry                       : loaded 2 times (x 107B)
Class org.gradle.internal.IoActions                                                   : loaded 2 times (x 71B)
Class org.objectweb.asm.SymbolTable                                                   : loaded 2 times (x 72B)
Class com.google.common.cache.CacheLoader$InvalidCacheLoadException                   : loaded 2 times (x 82B)
Class com.google.common.collect.ImmutableSet$RegularSetBuilderImpl                    : loaded 2 times (x 77B)
Class org.gradle.internal.classloader.SystemClassLoaderSpec                           : loaded 2 times (x 71B)
Class com.google.common.cache.LocalCache$StrongEntry                                  : loaded 2 times (x 108B)
Class com.google.common.util.concurrent.AbstractFuture$TrustedFuture                  : loaded 2 times (x 114B)
Class com.google.common.cache.LoadingCache                                            : loaded 2 times (x 70B)
Class org.objectweb.asm.MethodWriter                                                  : loaded 2 times (x 106B)
Class [Lcom.google.common.cache.Weigher;                                              : loaded 2 times (x 69B)
Class com.google.common.collect.RegularImmutableMap$BucketOverflowException           : loaded 2 times (x 82B)
Class com.google.common.collect.RegularImmutableBiMap                                 : loaded 2 times (x 149B)
Class com.google.common.base.CharMatcher$Negated                                      : loaded 2 times (x 113B)
Class com.google.common.base.CharMatcher$Is                                           : loaded 2 times (x 111B)
Class com.google.common.cache.LocalCache$ValueReference                               : loaded 2 times (x 70B)
Class com.google.common.util.concurrent.AbstractFuture$Failure                        : loaded 2 times (x 72B)
Class com.google.common.base.Equivalence$Equals                                       : loaded 2 times (x 82B)
Class com.google.common.collect.Hashing                                               : loaded 2 times (x 71B)
Class com.google.common.base.Preconditions                                            : loaded 2 times (x 71B)
Class com.google.common.base.Joiner$1                                                 : loaded 2 times (x 80B)
Class org.objectweb.asm.Label                                                         : loaded 2 times (x 73B)
Class org.objectweb.asm.CurrentFrame                                                  : loaded 2 times (x 73B)
Class org.objectweb.asm.ClassTooLargeException                                        : loaded 2 times (x 83B)
Class com.google.common.base.CharMatcher                                              : loaded 2 times (x 111B)
Class com.google.common.collect.PeekingIterator                                       : loaded 2 times (x 70B)
Class com.google.common.base.Joiner$2                                                 : loaded 2 times (x 79B)
Class org.objectweb.asm.Frame                                                         : loaded 2 times (x 73B)
Class org.objectweb.asm.MethodVisitor                                                 : loaded 2 times (x 105B)
Class com.google.common.base.CharMatcher$NamedFastMatcher                             : loaded 2 times (x 112B)
Class com.google.common.base.CharMatcher$1                                            : loaded 2 times (x 113B)
Class com.google.common.cache.LocalCache$EntryFactory$1                               : loaded 2 times (x 83B)
Class [Lcom.google.common.cache.RemovalListener;                                      : loaded 2 times (x 69B)
Class com.google.common.cache.LocalCache$EntryFactory$2                               : loaded 2 times (x 83B)
Class org.gradle.api.internal.classpath.GlobalCacheRootsProvider                      : loaded 2 times (x 70B)
Class org.objectweb.asm.ModuleWriter                                                  : loaded 2 times (x 82B)
Class com.google.common.cache.LocalCache$EntryFactory$3                               : loaded 2 times (x 83B)
Class com.google.common.base.Ticker$1                                                 : loaded 2 times (x 72B)
Class com.google.common.collect.Maps$BiMapConverter                                   : loaded 2 times (x 90B)
Class com.google.common.collect.ImmutableMapEntrySet$RegularEntrySet                  : loaded 2 times (x 152B)
Class com.google.common.base.CharMatcher$InRange                                      : loaded 2 times (x 111B)
Class com.google.common.cache.LocalCache$EntryFactory$4                               : loaded 2 times (x 83B)
Class com.google.common.collect.ImmutableSet$Builder                                  : loaded 2 times (x 85B)
Class com.google.common.cache.LocalCache$EntryFactory$5                               : loaded 2 times (x 83B)
Class com.google.common.cache.LocalCache$EntryFactory$6                               : loaded 2 times (x 83B)
Class org.gradle.internal.installation.CurrentGradleInstallationLocator               : loaded 2 times (x 71B)
Class com.google.common.cache.LocalCache$EntryFactory$7                               : loaded 2 times (x 83B)
Class com.google.common.collect.ImmutableSet$EmptySetBuilderImpl                      : loaded 2 times (x 76B)
Class com.google.common.collect.ImmutableList                                         : loaded 2 times (x 206B)
Class ijJvmDebugger1_dfb5n65i3sm3jygybathzvon1$_run_closure1                          : loaded 2 times (x 139B)
Class org.gradle.internal.service.DefaultServiceLocator                               : loaded 2 times (x 83B)
Class com.google.common.cache.LocalCache$EntryFactory$8                               : loaded 2 times (x 83B)
Class com.google.common.collect.ImmutableSet$SetBuilderImpl                           : loaded 2 times (x 76B)
Class org.gradle.internal.installation.CurrentGradleInstallation                      : loaded 2 times (x 73B)
Class com.google.common.cache.CacheLoader$1                                           : loaded 2 times (x 75B)
Class com.google.common.collect.ImmutableList$SubList                                 : loaded 2 times (x 209B)
Class org.gradle.util.internal.GUtil                                                  : loaded 2 times (x 71B)
Class com.google.common.util.concurrent.AbstractFuture$SetFuture                      : loaded 2 times (x 75B)
Class com.google.common.cache.AbstractCache$StatsCounter                              : loaded 2 times (x 70B)
Class com.google.common.collect.Iterators$MergingIterator                             : loaded 2 times (x 81B)
Class com.google.common.collect.RegularImmutableSet                                   : loaded 2 times (x 149B)
Class org.gradle.internal.installation.GradleInstallation                             : loaded 2 times (x 75B)
Class com.google.common.collect.Iterables                                             : loaded 2 times (x 71B)

---------------  S Y S T E M  ---------------

OS:
 Windows 11 , 64 bit Build 26100 (10.0.26100.7705)
OS uptime: 3 days 6:30 hours

CPU: total 8 (initial active 8) (4 cores per cpu, 2 threads per core) family 6 model 165 stepping 2 microcode 0xe2, cx8, cmov, fxsr, ht, mmx, 3dnowpref, sse, sse2, sse3, ssse3, sse4.1, sse4.2, popcnt, lzcnt, tsc, tscinvbit, avx, avx2, aes, erms, clmul, bmi1, bmi2, adx, fma, vzeroupper, clflush, clflushopt, rdtscp, f16c, pku
Processor Information for the first 8 processors :
  Max Mhz: 2496, Current Mhz: 2496, Mhz Limit: 2496

Memory: 4k page, system-wide physical 16215M (528M free)
TotalPageFile size 42391M (AvailPageFile size 0M)
current process WorkingSet (physical memory assigned to process): 380M, peak: 388M
current process commit charge ("private bytes"): 415M, peak: 423M

vm_info: OpenJDK 64-Bit Server VM (21.0.9+-14649483-b1163.86) for windows-amd64 JRE (21.0.9+-14649483-b1163.86), built on 2025-12-30T22:08:35Z by "builder" with MS VC++ 16.10 / 16.11 (VS2019)

END.
