"termino_espanol","termino_ingles","emotion","valence","arousal","dominance","nivel_arousal"
"a ciegas","blindly","sadness",-0.122,0.196,-0.444,"medio"
"a hurtadillas","stealthily","surprise",0.526,-0.412,-0.084,"bajo"
"a la deriva","adrift","anticipation",-0.204,-0.028,-0.54,"medio"
"a la deriva","adrift","fear",-0.204,-0.028,-0.54,"medio"
"a la deriva","adrift","sadness",-0.204,-0.028,-0.54,"medio"
"a la fuerza","forcibly","anger",-0.27,0.408,0.294,"alto"
"a la fuerza","forcibly","fear",-0.27,0.408,0.294,"alto"
"ábaco","abacus","trust",0.02,-0.448,-0.03,"bajo"
"abad","abbot","trust",-0.146,-0.358,-0.034,"bajo"
"abajo","bottom","sadness",-0.166,-0.26,-0.418,"medio"
"abandonado","forsaken","anger",-0.9,-0.02,-0.616,"medio"
"abandonado","abandoned","anger",-0.908,-0.038,-0.74,"medio"
"abandonado","deserted","anger",-0.688,-0.04,-0.572,"medio"
"abandonado","deserted","disgust",-0.688,-0.04,-0.572,"medio"
"abandonado","deserted","fear",-0.688,-0.04,-0.572,"medio"
"abandonado","abandoned","fear",-0.908,-0.038,-0.74,"medio"
"abandonado","abandoned","sadness",-0.908,-0.038,-0.74,"medio"
"abandonado","forsaken","sadness",-0.9,-0.02,-0.616,"medio"
"abandonado","forlorn","sadness",-0.368,0.142,-0.566,"medio"
"abandonado","deserted","sadness",-0.688,-0.04,-0.572,"medio"
"abandonar","abandon","fear",-0.896,0.038,-0.599,"medio"
"abandonar","abandon","sadness",-0.896,0.038,-0.599,"medio"
"abandonar","forsake","sadness",-0.796,0.134,-0.554,"medio"
"abandonar","leave","sadness",-0.25,-0.37,-0.41,"bajo"
"abandonar","leave","surprise",-0.25,-0.37,-0.41,"bajo"
"abandono","abandonment","anger",-0.744,-0.14,-0.596,"medio"
"abandono","abandonment","fear",-0.744,-0.14,-0.596,"medio"
"abandono","abandonment","sadness",-0.744,-0.14,-0.596,"medio"
"abandono","abandonment","surprise",-0.744,-0.14,-0.596,"medio"
"abedul","birch","anger",0.124,-0.308,-0.236,"medio"
"abedul","birch","disgust",0.124,-0.308,-0.236,"medio"
"abedul","birch","fear",0.124,-0.308,-0.236,"medio"
"abeja","bee","anger",0.04,0.018,-0.382,"medio"
"abeja","bee","fear",0.04,0.018,-0.382,"medio"
"aberración","aberration","disgust",-0.75,0.632,-0.166,"alto"
"abierto","overt","fear",0.416,-0.348,0.214,"bajo"
"abismal","abysmal","sadness",-0.5,0.42,0.196,"alto"
"abismo","abyss","fear",-0.294,0.45,-0.408,"alto"
"abismo","chasm","fear",-0.47,0.158,0,"medio"
"abismo","abyss","sadness",-0.294,0.45,-0.408,"alto"
"Abogacía","advocacy","anger",0,0.292,0.462,"medio"
"Abogacía","advocacy","anticipation",0,0.292,0.462,"medio"
"Abogacía","advocacy","joy",0,0.292,0.462,"medio"
"Abogacía","advocacy","trust",0,0.292,0.462,"medio"
"abogado","attorney","anger",0.2,0.188,0.508,"medio"
"abogado","lawyer","anger",0.042,0.138,0.568,"medio"
"abogado","lawyer","disgust",0.042,0.138,0.568,"medio"
"abogado","lawyer","fear",0.042,0.138,0.568,"medio"
"abogado","attorney","fear",0.2,0.188,0.508,"medio"
"abogado","attorney","trust",0.2,0.188,0.508,"medio"
"abolir","abolish","anger",-0.104,0.23,0.058,"medio"
"abollado","battered","fear",-0.84,0.58,-0.388,"alto"
"abollado","battered","sadness",-0.84,0.58,-0.388,"alto"
"abominable","abominable","disgust",-0.76,0.462,-0.036,"alto"
"abominable","abominable","fear",-0.76,0.462,-0.036,"alto"
"abominación","abomination","anger",-0.844,0.51,0.036,"alto"
"abominación","abomination","disgust",-0.844,0.51,0.036,"alto"
"abominación","abomination","fear",-0.844,0.51,0.036,"alto"
"abordar","tackle","anger",-0.27,0.372,0.138,"alto"
"abordar","tackle","surprise",-0.27,0.372,0.138,"alto"
"aborrecer","abhor","anger",-0.75,0.204,-0.302,"medio"
"aborrecer","abhor","disgust",-0.75,0.204,-0.302,"medio"
"aborrecer","abhor","fear",-0.75,0.204,-0.302,"medio"
"aborrecible","abhorrent","anger",-0.542,0.5,-0.052,"alto"
"aborrecible","abhorrent","disgust",-0.542,0.5,-0.052,"alto"
"aborrecible","abhorrent","fear",-0.542,0.5,-0.052,"alto"
"abortivo","abortive","sadness",-0.82,0.552,-0.44,"alto"
"aborto","abortion","disgust",-0.836,0.54,-0.434,"alto"
"aborto","abortion","fear",-0.836,0.54,-0.434,"alto"
"aborto","abortion","sadness",-0.836,0.54,-0.434,"alto"
"aborto espontáneo","miscarriage","fear",-0.916,0.562,-0.376,"alto"
"aborto espontáneo","miscarriage","sadness",-0.916,0.562,-0.376,"alto"
"abrasador","scorching","anger",-0.403,0.635,-0.072,"alto"
"abrazar","embrace","anticipation",0.898,-0.02,-0.096,"medio"
"abrazar","embrace","joy",0.898,-0.02,-0.096,"medio"
"abrazar","embrace","surprise",0.898,-0.02,-0.096,"medio"
"abrazar","embrace","trust",0.898,-0.02,-0.096,"medio"
"abrazo","cuddle","joy",0.77,0.118,-0.05,"medio"
"abrazo","hug","joy",0.816,-0.146,0.096,"medio"
"abrazo","hug","trust",0.816,-0.146,0.096,"medio"
"abrazo","cuddle","trust",0.77,0.118,-0.05,"medio"
"abrumada","overwhelmed","sadness",-0.318,0.36,-0.304,"alto"
"abrumador","overpowering","anger",-0.216,0.558,0.178,"alto"
"abrumador","overpowering","fear",-0.216,0.558,0.178,"alto"
"abrupto","abrupt","surprise",-0.458,0.638,0.09,"alto"
"absceso","abscess","sadness",-0.692,-0.098,-0.302,"medio"
"absolución","absolution","joy",0.43,0,0.328,"medio"
"absolución","absolution","trust",0.43,0,0.328,"medio"
"abstenerse","desist","anger",-0.593,-0.284,-0.418,"medio"
"abstenerse","desist","disgust",-0.593,-0.284,-0.418,"medio"
"absurdo","farcical","disgust",-0.188,-0.038,-0.482,"medio"
"absurdo","nonsensical","sadness",-0.654,-0.464,-0.614,"bajo"
"abuelo","grandfather","trust",0.654,-0.442,0.172,"bajo"
"abundancia","abundance","anticipation",0.624,0.38,0.704,"alto"
"abundancia","abundance","disgust",0.624,0.38,0.704,"alto"
"abundancia","abundance","joy",0.624,0.38,0.704,"alto"
"abundancia","abundance","trust",0.624,0.38,0.704,"alto"
"abundancia de nubes","cloudiness","fear",-0.062,-0.5,-0.314,"bajo"
"abundante","bountiful","anticipation",0.708,0.192,0.518,"medio"
"abundante","abundant","joy",0.916,0.18,0.52,"medio"
"abundante","bountiful","joy",0.708,0.192,0.518,"medio"
"aburrimiento","boredom","sadness",-0.666,-0.722,-0.49,"bajo"
"abuso","abuse","anger",-0.858,0.746,-0.062,"alto"
"abuso","abuse","disgust",-0.858,0.746,-0.062,"alto"
"abuso","abuse","fear",-0.858,0.746,-0.062,"alto"
"abuso","abuse","sadness",-0.858,0.746,-0.062,"alto"
"abyecto","abject","disgust",-0.292,0.18,-0.166,"medio"
"académico","academic","trust",0.562,-0.16,0.624,"medio"
"acantilado","cliff","fear",-0.278,0.24,0.018,"medio"
"accidental","accidental","fear",-0.362,0.568,-0.386,"alto"
"accidental","accidental","surprise",-0.362,0.568,-0.386,"alto"
"accidentalmente","accidentally","surprise",-0.334,0.482,-0.334,"alto"
"accidente","accident","fear",-0.75,0.816,-0.328,"alto"
"accidente","accident","sadness",-0.75,0.816,-0.328,"alto"
"accidente","accident","surprise",-0.75,0.816,-0.328,"alto"
"acción de gracias","thanksgiving","joy",0.854,-0.102,0.274,"medio"
"acechar","stalk","fear",-0.128,-0.456,-0.21,"bajo"
"acelerador","throttle","anger",0.124,0.608,0.5,"alto"
"acelerar","accelerate","anticipation",0.23,0.804,0.518,"alto"
"acelerar","quicken","anticipation",0.372,0.5,0.598,"alto"
"acera","pavement","trust",-0.08,-0.294,-0.05,"medio"
"aclarar","brighten","joy",0.52,0.094,0.298,"medio"
"aclarar","brighten","surprise",0.52,0.094,0.298,"medio"
"aclarar","brighten","trust",0.52,0.094,0.298,"medio"
"acompañamiento","accompaniment","anticipation",0.48,-0.042,0.39,"medio"
"acompañamiento","accompaniment","joy",0.48,-0.042,0.39,"medio"
"acompañamiento","accompaniment","trust",0.48,-0.042,0.39,"medio"
"aconsejable","advisable","trust",0.734,-0.04,0.02,"medio"
"aconsejado","advised","trust",0.635,-0.504,0.238,"bajo"
"acordado","agreed","trust",0.594,-0.102,0.148,"medio"
"acosando","harassing","anger",-0.76,0.746,-0.108,"alto"
"acosar","harass","anger",-0.68,0.55,0.24,"alto"
"acosar","harass","disgust",-0.68,0.55,0.24,"alto"
"acoso","molestation","anger",-0.796,0.616,-0.186,"alto"
"acoso","molestation","disgust",-0.796,0.616,-0.186,"alto"
"acoso","molestation","fear",-0.796,0.616,-0.186,"alto"
"acoso","molestation","sadness",-0.796,0.616,-0.186,"alto"
"acre","pungent","disgust",-0.306,0.51,0.07,"alto"
"acreditado","reputable","trust",0.562,-0.076,0.838,"medio"
"acreedor hipotecario","mortgagee","trust",-0.164,0.266,0.446,"medio"
"acróbata","acrobat","fear",0.416,0.656,0.204,"alto"
"acróbata","acrobat","joy",0.416,0.656,0.204,"alto"
"acróbata","acrobat","trust",0.416,0.656,0.204,"alto"
"acuerdo","deal","anticipation",0.438,0.198,0.086,"medio"
"acuerdo","deal","joy",0.438,0.198,0.086,"medio"
"acuerdo","deal","surprise",0.438,0.198,0.086,"medio"
"acuerdo","deal","trust",0.438,0.198,0.086,"medio"
"acuerdo","accord","trust",0.796,-0.472,-0.236,"bajo"
"acusación","accusation","anger",-0.854,0.436,0.128,"alto"
"acusación","arraignment","anger",-0.188,0.674,0.068,"alto"
"acusación","accusation","disgust",-0.854,0.436,0.128,"alto"
"acusación","indictment","fear",-0.51,0.49,0.154,"alto"
"acusación","arraignment","fear",-0.188,0.674,0.068,"alto"
"acusación","arraignment","sadness",-0.188,0.674,0.068,"alto"
"acusado","accused","anger",-0.74,0.34,-0.16,"alto"
"acusado","defendant","anger",-0.5,0.42,-0.018,"alto"
"acusado","defendant","fear",-0.5,0.42,-0.018,"alto"
"acusado","accused","fear",-0.74,0.34,-0.16,"alto"
"acusado","defendant","sadness",-0.5,0.42,-0.018,"alto"
"acusador","accuser","anger",-0.756,0.558,0.23,"alto"
"acusador","accuser","fear",-0.756,0.558,0.23,"alto"
"acusando","accusing","anger",-0.688,0.49,-0.352,"alto"
"acusando","accusing","fear",-0.688,0.49,-0.352,"alto"
"adecuado","fitting","anticipation",0.224,-0.118,0.276,"medio"
"adecuado","fitting","joy",0.224,-0.118,0.276,"medio"
"adecuado","fitting","trust",0.224,-0.118,0.276,"medio"
"adherido","adhering","trust",0.224,0.122,0.074,"medio"
"adherirse","cleave","fear",-0.408,0.09,-0.222,"medio"
"adiós","bye","anticipation",-0.25,-0.204,-0.358,"medio"
"Adivinación","divination","anticipation",0,0.3,0.09,"medio"
"adivinar","guess","surprise",0.28,-0.074,-0.116,"medio"
"administración","management","trust",0.584,-0.018,0.612,"medio"
"administrar","manage","trust",0.12,0.06,0.438,"medio"
"administrativo","administrative","trust",0.084,-0.17,0.158,"medio"
"admirable","admirable","joy",0.858,0.2,0.74,"medio"
"admirable","admirable","trust",0.858,0.2,0.74,"medio"
"admiración","admiration","joy",0.938,0.166,0.452,"medio"
"admiración","admiration","trust",0.938,0.166,0.452,"medio"
"admirar","admire","trust",0.734,0.384,0.408,"alto"
"admisible","admissible","trust",0.56,0.056,0.284,"medio"
"adoctrinamiento","indoctrination","anger",-0.346,0.314,0.396,"medio"
"adoctrinamiento","indoctrination","fear",-0.346,0.314,0.396,"medio"
"adorable","adorable","joy",0.938,0.038,-0.086,"medio"
"adoración","adoration","joy",0.77,0.398,0.416,"alto"
"adoración","adoration","trust",0.77,0.398,0.416,"alto"
"Adoración","worship","anticipation",0.376,-0.24,0.146,"medio"
"Adoración","worship","fear",0.376,-0.24,0.146,"medio"
"Adoración","worship","joy",0.376,-0.24,0.146,"medio"
"Adoración","worship","trust",0.376,-0.24,0.146,"medio"
"adorar","adore","anticipation",0.708,-0.124,0.314,"medio"
"adorar","adore","joy",0.708,-0.124,0.314,"medio"
"adorar","adore","trust",0.708,-0.124,0.314,"medio"
"adquisidor","acquiring","anticipation",0.47,0.02,0.634,"medio"
"adulterio","adultery","disgust",-0.76,0.844,0.02,"alto"
"adulterio","adultery","sadness",-0.76,0.844,0.02,"alto"
"adversario","opponent","anger",-0.84,0.482,0.432,"alto"
"adversario","adversary","anger",-0.302,0.554,-0.086,"alto"
"adversario","opponent","anticipation",-0.84,0.482,0.432,"alto"
"adversario","opponent","disgust",-0.84,0.482,0.432,"alto"
"adversario","opponent","fear",-0.84,0.482,0.432,"alto"
"adversidad","adversity","anger",-0.448,0.444,0.076,"alto"
"adversidad","adversity","fear",-0.448,0.444,0.076,"alto"
"adversidad","adversity","sadness",-0.448,0.444,0.076,"alto"
"adverso","adverse","anger",-0.354,0.22,-0.23,"medio"
"adverso","untoward","anger",-0.756,0.11,-0.418,"medio"
"adverso","untoward","disgust",-0.756,0.11,-0.418,"medio"
"adverso","adverse","disgust",-0.354,0.22,-0.23,"medio"
"adverso","adverse","fear",-0.354,0.22,-0.23,"medio"
"adverso","adverse","sadness",-0.354,0.22,-0.23,"medio"
"advertencia","warning","fear",-0.542,0.548,0.258,"alto"
"advertido","forewarned","anticipation",-0.04,0.236,0.212,"medio"
"advertido","forewarned","fear",-0.04,0.236,0.212,"medio"
"advertido","cautionary","fear",0.02,0.082,0.038,"medio"
"advertir","warn","anticipation",-0.142,0.294,0.128,"medio"
"advertir","warn","fear",-0.142,0.294,0.128,"medio"
"advertir","warn","surprise",-0.142,0.294,0.128,"medio"
"advertir","warn","trust",-0.142,0.294,0.128,"medio"
"adviento","advent","anticipation",0.33,0.12,0.254,"medio"
"adviento","advent","joy",0.33,0.12,0.254,"medio"
"adviento","advent","trust",0.33,0.12,0.254,"medio"
"aeropuerto","airport","anticipation",0.458,0.368,0.364,"alto"
"afán","eagerness","anticipation",-0.188,0.242,-0.114,"medio"
"afán","eagerness","joy",-0.188,0.242,-0.114,"medio"
"afán","eagerness","trust",-0.188,0.242,-0.114,"medio"
"áfido","aphid","disgust",-0.224,-0.054,-0.186,"medio"
"afilar","sharpen","anger",0.164,0.388,0.222,"alto"
"afilar","sharpen","anticipation",0.164,0.388,0.222,"alto"
"afirmando","asserting","trust",0.388,0.062,0.472,"medio"
"afirmar","affirm","trust",0.49,0.018,0.462,"medio"
"afirmativamente","affirmatively","trust",0.816,0,0.622,"medio"
"aflicción","affliction","disgust",-0.412,0.27,-0.216,"medio"
"aflicción","woe","disgust",-0.32,0.212,-0.592,"medio"
"aflicción","affliction","fear",-0.412,0.27,-0.216,"medio"
"aflicción","woe","fear",-0.32,0.212,-0.592,"medio"
"aflicción","woe","sadness",-0.32,0.212,-0.592,"medio"
"aflicción","affliction","sadness",-0.412,0.27,-0.216,"medio"
"afligido","distressed","fear",-0.714,0.542,-0.352,"alto"
"afligido","stricken","sadness",-0.674,0.44,-0.264,"alto"
"afligido","bereaved","sadness",-0.792,-0.042,-0.558,"medio"
"afligir","afflict","fear",-0.396,0.11,-0.414,"medio"
"afligir","afflict","sadness",-0.396,0.11,-0.414,"medio"
"afligir","ail","sadness",-0.25,-0.132,-0.23,"medio"
"afligirse","grieve","fear",-0.756,0,-0.334,"medio"
"afligirse","grieve","sadness",-0.756,0,-0.334,"medio"
"afluencia","affluence","joy",0.326,0.236,0.444,"medio"
"afluente","tributary","anticipation",0.23,-0.074,0.232,"medio"
"aforo","gauging","trust",-0.04,-0.074,0.112,"medio"
"afortunado","lucky","joy",0.92,0.22,0.586,"medio"
"afortunado","lucky","surprise",0.92,0.22,0.586,"medio"
"afrenta","affront","anger",-0.346,0.48,0.094,"alto"
"afrenta","affront","disgust",-0.346,0.48,0.094,"alto"
"afrenta","affront","fear",-0.346,0.48,0.094,"alto"
"afrenta","affront","sadness",-0.346,0.48,0.094,"alto"
"afrenta","affront","surprise",-0.346,0.48,0.094,"alto"
"aga","aga","fear",0.084,-0.346,-0.204,"bajo"
"aga","aga","trust",0.084,-0.346,-0.204,"bajo"
"agacharse","crouch","fear",-0.438,0.212,-0.376,"medio"
"agazapado","crouching","fear",-0.478,-0.142,-0.31,"medio"
"agitación","agitation","anger",-0.52,0.862,-0.106,"alto"
"agitación","unrest","fear",-0.595,0.154,-0.538,"medio"
"agitación","unrest","sadness",-0.595,0.154,-0.538,"medio"
"agitado","agitated","anger",-0.112,0.764,-0.018,"alto"
"agonía","agony","anger",-0.834,0.55,-0.214,"alto"
"agonía","agony","fear",-0.834,0.55,-0.214,"alto"
"agonía","agony","sadness",-0.834,0.55,-0.214,"alto"
"agonizante","agonizing","fear",-0.834,0.6,-0.32,"alto"
"agotador","punishing","anger",-0.812,0.796,-0.058,"alto"
"agotador","punishing","fear",-0.812,0.796,-0.058,"alto"
"agotador","punishing","sadness",-0.812,0.796,-0.058,"alto"
"agotamiento","exhaustion","anticipation",-0.268,0.266,-0.462,"medio"
"agotamiento","exhaustion","sadness",-0.268,0.266,-0.462,"medio"
"agradable","pleasant","anticipation",0.878,-0.38,0.346,"bajo"
"agradable","pleasant","joy",0.878,-0.38,0.346,"bajo"
"agradable","pleasurable","joy",0.896,0.058,0.338,"medio"
"agradable","pleasant","surprise",0.878,-0.38,0.346,"bajo"
"agradable","pleasant","trust",0.878,-0.38,0.346,"bajo"
"agradable","agreeable","trust",0.812,0,0.392,"medio"
"agradecido","thankful","joy",0.938,-0.312,0.428,"medio"
"agravación","aggravation","anger",-0.858,0.568,0.226,"alto"
"agravación","aggravation","disgust",-0.858,0.568,0.226,"alto"
"agravado","aggravated","anger",-0.842,0.52,-0.14,"alto"
"agravante","aggravating","anger",-0.486,0.467,0.28,"alto"
"agravante","aggravating","sadness",-0.486,0.467,0.28,"alto"
"agresión","assault","anger",-0.666,0.696,0.1,"alto"
"agresión","aggression","anger",-0.812,0.858,0.066,"alto"
"agresión","aggression","fear",-0.812,0.858,0.066,"alto"
"agresión","assault","fear",-0.666,0.696,0.1,"alto"
"agresivo","aggressive","anger",-0.75,0.898,0.296,"alto"
"agresivo","aggressive","fear",-0.75,0.898,0.296,"alto"
"agresor","attacking","anger",-0.448,0.674,0.284,"alto"
"agresor","assailant","anger",-0.632,0.736,0.204,"alto"
"agresor","aggressor","anger",-0.708,0.896,0.646,"alto"
"agresor","attacking","disgust",-0.448,0.674,0.284,"alto"
"agresor","assailant","fear",-0.632,0.736,0.204,"alto"
"agresor","aggressor","fear",-0.708,0.896,0.646,"alto"
"agresor","attacking","fear",-0.448,0.674,0.284,"alto"
"agresor","assailant","sadness",-0.632,0.736,0.204,"alto"
"agresor","attacking","sadness",-0.448,0.674,0.284,"alto"
"agresor","attacking","surprise",-0.448,0.674,0.284,"alto"
"agricultura","husbandry","trust",0.453,-0.054,-0.11,"medio"
"agrietado","cracked","anger",-0.552,0.04,-0.544,"medio"
"agrietado","cracked","fear",-0.552,0.04,-0.544,"medio"
"agrio","sour","disgust",-0.557,0.188,-0.273,"medio"
"agua sucia","slop","disgust",-0.388,-0.182,-0.35,"medio"
"aguante","stamina","trust",0.328,0.388,0.754,"alto"
"aguas residuales","sewage","disgust",-0.49,-0.314,-0.322,"medio"
"agudísimo","excruciating","fear",-0.917,0.837,-0.417,"alto"
"águila","eagle","trust",0.208,0.188,0.358,"medio"
"ahogar","smother","anger",-0.416,0.37,-0.16,"alto"
"ahogar","drown","fear",-0.858,0.72,-0.46,"alto"
"ahogar","drown","sadness",-0.858,0.72,-0.46,"alto"
"ahogo","choke","anger",-0.666,0.576,0.352,"alto"
"ahogo","choke","sadness",-0.666,0.576,0.352,"alto"
"ahorrar","save","joy",0.54,-0.122,0.364,"medio"
"ahorrar","save","trust",0.54,-0.122,0.364,"medio"
"ahorro","thrift","disgust",0.52,-0.566,0.298,"bajo"
"ahorro","thrift","trust",0.52,-0.566,0.298,"bajo"
"airado","irate","anger",-0.624,0.704,-0.052,"alto"
"aires","airs","disgust",0.166,-0.608,-0.26,"bajo"
"aislado","isolated","fear",-0.558,-0.288,-0.49,"medio"
"aislado","secluded","sadness",-0.286,-0.47,-0.52,"bajo"
"aislado","isolated","sadness",-0.558,-0.288,-0.49,"medio"
"aislamiento","isolation","sadness",-0.604,-0.324,-0.322,"medio"
"aislamiento","insulation","trust",-0.51,-0.346,-0.472,"bajo"
"aislar","isolate","sadness",-0.53,-0.156,-0.328,"medio"
"al azar","randomly","surprise",-0.18,0.188,-0.396,"medio"
"alabado","praised","joy",0.9,-0.118,0.442,"medio"
"alarma","alarm","fear",-0.518,0.764,0.396,"alto"
"alarma","alarm","surprise",-0.518,0.764,0.396,"alto"
"alarmante","alarming","fear",-0.592,0.78,0.17,"alto"
"alarmante","startling","surprise",0.5,0.536,0.66,"alto"
"alarmante","alarming","surprise",-0.592,0.78,0.17,"alto"
"alba","alb","trust",0.042,-0.24,-0.146,"medio"
"alborada","morn","anticipation",0.084,-0.432,-0.31,"bajo"
"alboroto","rampage","anger",-0.52,0.75,0.018,"alto"
"alboroto","rampage","fear",-0.52,0.75,0.018,"alto"
"alcantarillado","sewerage","disgust",-0.584,-0.1,-0.604,"medio"
"alcantarillado","sewer","disgust",-0.428,-0.266,-0.436,"medio"
"alcanzable","attainable","anticipation",0.52,0,0.518,"medio"
"alcoholismo","alcoholism","anger",-0.878,0.558,-0.186,"alto"
"alcoholismo","alcoholism","disgust",-0.878,0.558,-0.186,"alto"
"alcoholismo","alcoholism","fear",-0.878,0.558,-0.186,"alto"
"alcoholismo","alcoholism","sadness",-0.878,0.558,-0.186,"alto"
"aldeano","villager","trust",0.42,-0.226,0.018,"medio"
"alegación","allegation","anger",0.156,0.156,0.216,"medio"
"alegrarse","rejoice","anticipation",0.654,0.3,0.396,"medio"
"alegrarse","rejoice","joy",0.654,0.3,0.396,"medio"
"alegrarse","rejoice","surprise",0.654,0.3,0.396,"medio"
"alegrarse","rejoice","trust",0.654,0.3,0.396,"medio"
"alegre","cheery","anticipation",0.927,0.314,-0.028,"medio"
"alegre","cheery","joy",0.927,0.314,-0.028,"medio"
"alegre","merry","joy",0.958,0.462,0.528,"alto"
"alegre","rollicking","joy",0.756,0.612,0.104,"alto"
"alegre","cheerful","joy",0.99,0.228,0.25,"medio"
"alegre","joyful","joy",0.99,0.24,0.296,"medio"
"alegre","cheerful","surprise",0.99,0.228,0.25,"medio"
"alegre","joyful","trust",0.99,0.24,0.296,"medio"
"alegría","rejoicing","anticipation",0.622,0.274,0.184,"medio"
"alegría","cheer","anticipation",0.876,0.568,0.69,"alto"
"alegría","cheerfulness","anticipation",0.938,0.604,0.35,"alto"
"alegría","cheer","joy",0.876,0.568,0.69,"alto"
"alegría","glee","joy",0.396,0.16,-0.072,"medio"
"alegría","gladness","joy",0.792,0.34,0.286,"alto"
"alegría","cheerfulness","joy",0.938,0.604,0.35,"alto"
"alegría","joy","joy",0.96,0.648,0.588,"alto"
"alegría","mirth","joy",0.776,0.28,0.216,"medio"
"alegría","rejoicing","joy",0.622,0.274,0.184,"medio"
"alegría","merriment","joy",0.948,0.721,0.298,"alto"
"alegría","cheer","surprise",0.876,0.568,0.69,"alto"
"alegría","merriment","surprise",0.948,0.721,0.298,"alto"
"alegría","rejoicing","surprise",0.622,0.274,0.184,"medio"
"alegría","cheerfulness","trust",0.938,0.604,0.35,"alto"
"alegría","cheer","trust",0.876,0.568,0.69,"alto"
"alejado","banished","anger",-0.896,0.426,-0.26,"alto"
"alejado","banished","fear",-0.896,0.426,-0.26,"alto"
"alejado","banished","sadness",-0.896,0.426,-0.26,"alto"
"alentar","encourage","joy",0.792,0.16,0.408,"medio"
"alentar","encourage","trust",0.792,0.16,0.408,"medio"
"alertas","alerts","anticipation",-0.326,0.608,0.346,"alto"
"alertas","alerts","fear",-0.326,0.608,0.346,"alto"
"alertas","alerts","surprise",-0.326,0.608,0.346,"alto"
"algarabía","gibberish","anger",-0.25,0.02,-0.28,"medio"
"alguacil","bailiff","fear",-0.306,0.038,0.518,"medio"
"alguacil","sheriff","trust",0.204,0.082,0.604,"medio"
"alguacil","constable","trust",0.146,0.334,0.528,"alto"
"alguacil","bailiff","trust",-0.306,0.038,0.518,"medio"
"aliado","ally","trust",0.584,-0.36,0.376,"bajo"
"aliado","allied","trust",0.428,-0.51,0.284,"bajo"
"Alianza","alliance","trust",0.392,-0.054,0.538,"medio"
"alienación","alienation","anger",-0.244,0.06,-0.255,"medio"
"alienación","alienation","disgust",-0.244,0.06,-0.255,"medio"
"alienación","alienation","fear",-0.244,0.06,-0.255,"medio"
"alienación","alienation","sadness",-0.244,0.06,-0.255,"medio"
"alienado","alienated","sadness",-0.18,-0.154,0.118,"medio"
"alimañas","vermin","anger",-0.666,0.424,-0.23,"alto"
"alimañas","vermin","disgust",-0.666,0.424,-0.23,"alto"
"alimañas","vermin","fear",-0.666,0.424,-0.23,"alto"
"alimento","food","joy",0.776,-0.352,0.054,"bajo"
"alimento","food","trust",0.776,-0.352,0.054,"bajo"
"alma en pena","banshee","anger",-0.184,0.13,-0.038,"medio"
"alma en pena","banshee","disgust",-0.184,0.13,-0.038,"medio"
"alma en pena","banshee","fear",-0.184,0.13,-0.038,"medio"
"alma en pena","banshee","sadness",-0.184,0.13,-0.038,"medio"
"alma gemela","soulmate","fear",0.78,0,0.256,"medio"
"almirante","admiral","trust",0.688,-0.02,0.694,"medio"
"aloha","aloha","anticipation",0.396,-0.12,-0.118,"medio"
"aloha","aloha","joy",0.396,-0.12,-0.118,"medio"
"alojamiento","lodging","trust",0.426,-0.428,0.054,"bajo"
"alta burguesía","gentry","trust",0.12,-0.04,0.25,"medio"
"altercado","altercation","anger",-0.66,0.612,0,"alto"
"alucinación","hallucination","fear",-0.208,0.412,-0.26,"alto"
"amabilidad","friendliness","joy",0.899,-0.286,0.111,"medio"
"amabilidad","friendliness","trust",0.899,-0.286,0.111,"medio"
"amable","lovable","joy",0.948,-0.284,-0.054,"medio"
"amable","lovable","trust",0.948,-0.284,-0.054,"medio"
"amanecer","dawn","anticipation",0.654,-0.53,0.038,"bajo"
"amanecer","dawn","joy",0.654,-0.53,0.038,"bajo"
"amanecer","dawn","surprise",0.654,-0.53,0.038,"bajo"
"amanecer","dawn","trust",0.654,-0.53,0.038,"bajo"
"amante","mistress","anger",0.26,0.592,0.388,"alto"
"amante","lover","anticipation",0.666,0.649,0.393,"alto"
"amante","mistress","disgust",0.26,0.592,0.388,"alto"
"amante","lover","joy",0.666,0.649,0.393,"alto"
"amante","lover","trust",0.666,0.649,0.393,"alto"
"amargamente","bitterly","anger",-0.612,0.37,-0.276,"alto"
"amargamente","bitterly","disgust",-0.612,0.37,-0.276,"alto"
"amargamente","bitterly","sadness",-0.612,0.37,-0.276,"alto"
"amargura","bitterness","anger",-0.77,0.266,-0.46,"medio"
"amargura","bitterness","disgust",-0.77,0.266,-0.46,"medio"
"amargura","bitterness","sadness",-0.77,0.266,-0.46,"medio"
"amarras","moorings","trust",-0.188,0,0.032,"medio"
"ambición","ambition","anticipation",0.02,0.608,0.322,"alto"
"ambición","ambition","joy",0.02,0.608,0.322,"alto"
"ambición","ambition","trust",0.02,0.608,0.322,"alto"
"ambicioso","aspiring","anticipation",0.688,0.164,0.208,"medio"
"ambicioso","aspiring","joy",0.688,0.164,0.208,"medio"
"ambicioso","aspiring","trust",0.688,0.164,0.208,"medio"
"ambulancia","ambulance","fear",0,0.5,0.218,"alto"
"ambulancia","ambulance","trust",0,0.5,0.218,"alto"
"amén","amen","joy",0.562,-0.636,0.084,"bajo"
"amén","amen","trust",0.562,-0.636,0.084,"bajo"
"amenaza","threat","anger",-0.825,0.73,0.334,"alto"
"amenaza","menace","anger",-0.75,0.788,0.518,"alto"
"amenaza","threat","fear",-0.825,0.73,0.334,"alto"
"amenaza","menace","fear",-0.75,0.788,0.518,"alto"
"amenazador","menacing","anger",-0.916,0.76,0.286,"alto"
"amenazador","menacing","fear",-0.916,0.76,0.286,"alto"
"amenazante","forbidding","anger",-0.604,0.562,0,"alto"
"amenazante","threatening","anger",-0.858,0.75,0.304,"alto"
"amenazante","threatening","disgust",-0.858,0.75,0.304,"alto"
"amenazante","threatening","fear",-0.858,0.75,0.304,"alto"
"amenazante","forbidding","fear",-0.604,0.562,0,"alto"
"amenazar","threaten","anger",-0.881,0.913,0.009,"alto"
"amenazar","threaten","anticipation",-0.881,0.913,0.009,"alto"
"amenazar","threaten","fear",-0.881,0.913,0.009,"alto"
"amigable","friendly","anticipation",0.834,-0.204,0.196,"medio"
"amigable","friendly","joy",0.834,-0.204,0.196,"medio"
"amigable","friendly","trust",0.834,-0.204,0.196,"medio"
"amigo","buddy","anticipation",0.768,0.17,0.31,"medio"
"amigo","buddy","joy",0.768,0.17,0.31,"medio"
"amigo","friend","joy",0.812,-0.174,0.146,"medio"
"amigo","buddy","trust",0.768,0.17,0.31,"medio"
"amigo","friend","trust",0.812,-0.174,0.146,"medio"
"amistad","friendship","joy",0.916,-0.314,0.388,"medio"
"amistad","friendship","trust",0.916,-0.314,0.388,"medio"
"amistoso","amicable","joy",0.75,-0.34,0.014,"bajo"
"amnistía","amnesty","joy",0.102,-0.098,0.628,"medio"
"amonestación","admonition","fear",-0.286,0.212,-0.09,"medio"
"amoníaco","ammonia","disgust",-0.416,0.174,-0.182,"medio"
"amor","love","joy",0.996,0.334,0.234,"alto"
"amortización","amortization","trust",0.184,-0.018,0.044,"medio"
"ampolla","blister","disgust",-0.186,0.076,-0.196,"medio"
"anaconda","anaconda","disgust",-0.708,0.66,0.08,"alto"
"anaconda","anaconda","fear",-0.708,0.66,0.08,"alto"
"analfabeto","illiterate","disgust",-0.76,-0.18,-0.698,"medio"
"analista","analyst","anticipation",0.208,-0.17,0.51,"medio"
"analista","analyst","trust",0.208,-0.17,0.51,"medio"
"anarquía","anarchy","anger",-0.708,0.51,0.24,"alto"
"anarquía","anarchy","fear",-0.708,0.51,0.24,"alto"
"anarquismo","anarchism","anger",-0.75,0.608,0.246,"alto"
"anarquismo","anarchism","fear",-0.75,0.608,0.246,"alto"
"anarquista","anarchist","anger",-0.592,0.4,0.518,"alto"
"anarquista","anarchist","fear",-0.592,0.4,0.518,"alto"
"anatema","anathema","anger",-0.428,-0.02,0.038,"medio"
"anatema","anathema","disgust",-0.428,-0.02,0.038,"medio"
"anatema","anathema","fear",-0.428,-0.02,0.038,"medio"
"anatema","anathema","sadness",-0.428,-0.02,0.038,"medio"
"ancestral","ancestral","trust",0.28,-0.038,0.5,"medio"
"ancianos","elders","trust",0.204,-0.48,-0.118,"bajo"
"anclaje","anchorage","sadness",0,-0.35,0.278,"bajo"
"andamio","scaffold","fear",-0.04,0,-0.328,"medio"
"anexo","outhouse","disgust",-0.438,0.038,-0.49,"medio"
"anfetaminas","amphetamines","disgust",-0.734,0.334,0.052,"alto"
"ángel","angel","anticipation",0.812,-0.684,0.408,"bajo"
"ángel","angel","joy",0.812,-0.684,0.408,"bajo"
"ángel","angel","surprise",0.812,-0.684,0.408,"bajo"
"ángel","angel","trust",0.812,-0.684,0.408,"bajo"
"angelical","angelic","joy",0.656,-0.404,0.336,"bajo"
"angelical","angelic","trust",0.656,-0.404,0.336,"bajo"
"angina de pecho","angina","fear",-0.54,0.26,-0.072,"medio"
"Anguila","eel","fear",-0.416,0.128,-0.026,"medio"
"angustia","distress","anger",-0.854,0.68,-0.208,"alto"
"angustia","anguish","anger",-0.694,0.584,-0.47,"alto"
"angustia","distress","disgust",-0.854,0.68,-0.208,"alto"
"angustia","distress","fear",-0.854,0.68,-0.208,"alto"
"angustia","anguish","fear",-0.694,0.584,-0.47,"alto"
"angustia","heartache","sadness",-0.824,0.5,-0.418,"alto"
"angustia","anguish","sadness",-0.694,0.584,-0.47,"alto"
"angustia","distress","sadness",-0.854,0.68,-0.208,"alto"
"angustia","distress","surprise",-0.854,0.68,-0.208,"alto"
"angustia","pang","surprise",-0.708,0.19,-0.09,"medio"
"angustioso","distressing","anger",-0.85,0.5,-0.25,"alto"
"angustioso","distressing","fear",-0.85,0.5,-0.25,"alto"
"anhelo","hankering","anticipation",0.208,0.08,0.116,"medio"
"anhelo","yearning","anticipation",0.418,0.02,0.074,"medio"
"anhelo","yearning","joy",0.418,0.02,0.074,"medio"
"anhelo","yearning","trust",0.418,0.02,0.074,"medio"
"animado","animated","joy",0.646,0.352,0.076,"alto"
"animar","enliven","joy",0.666,0.366,0.404,"alto"
"animar","enliven","surprise",0.666,0.366,0.404,"alto"
"animar","enliven","trust",0.666,0.366,0.404,"alto"
"ánimo","animus","anger",0.396,0.352,-0.068,"alto"
"ánimo","zest","anticipation",0.834,0.538,0.69,"alto"
"ánimo","zest","joy",0.834,0.538,0.69,"alto"
"ánimo","zest","trust",0.834,0.538,0.69,"alto"
"animosidad","animosity","anger",0.02,0.448,0.09,"alto"
"animosidad","animosity","disgust",0.02,0.448,0.09,"alto"
"animosidad","animosity","fear",0.02,0.448,0.09,"alto"
"animosidad","animosity","sadness",0.02,0.448,0.09,"alto"
"aniquilación","annihilation","anger",-0.918,0.6,0.182,"alto"
"aniquilación","annihilation","fear",-0.918,0.6,0.182,"alto"
"aniquilación","annihilation","sadness",-0.918,0.6,0.182,"alto"
"aniquilado","annihilated","anger",-0.84,0.52,-0.352,"alto"
"aniquilado","annihilated","fear",-0.84,0.52,-0.352,"alto"
"aniquilado","annihilated","sadness",-0.84,0.52,-0.352,"alto"
"aniquilar","annihilate","anger",-0.77,0.836,0.362,"alto"
"aniquilar","annihilate","fear",-0.77,0.836,0.362,"alto"
"aniversario","jubilee","joy",0.832,0,0.158,"medio"
"aniversario","jubilee","surprise",0.832,0,0.158,"medio"
"anomalía","anomaly","fear",-0.624,0.076,-0.192,"medio"
"anomalía","anomaly","surprise",-0.624,0.076,-0.192,"medio"
"anormal","abnormal","disgust",-0.726,0.208,-0.382,"medio"
"ansiedad","anxiety","anger",-0.708,0.73,-0.316,"alto"
"ansiedad","anxiety","anticipation",-0.708,0.73,-0.316,"alto"
"ansiedad","anxiety","fear",-0.708,0.73,-0.316,"alto"
"ansiedad","anxiety","sadness",-0.708,0.73,-0.316,"alto"
"ansioso","eager","anticipation",0.042,0.624,-0.388,"alto"
"ansioso","anxious","anticipation",-0.438,0.75,-0.132,"alto"
"ansioso","anxious","fear",-0.438,0.75,-0.132,"alto"
"ansioso","eager","joy",0.042,0.624,-0.388,"alto"
"ansioso","eager","surprise",0.042,0.624,-0.388,"alto"
"ansioso","eager","trust",0.042,0.624,-0.388,"alto"
"antagonismo","antagonism","anger",-0.552,0.236,0.048,"medio"
"antagonista","antagonist","anger",-0.52,0.23,0.4,"medio"
"antagonista","antagonistic","anger",-0.408,0.208,0.13,"medio"
"antagonista","antagonistic","disgust",-0.408,0.208,0.13,"medio"
"antebrazo","forearm","anger",-0.062,-0.392,0.018,"bajo"
"antebrazo","forearm","anticipation",-0.062,-0.392,0.018,"bajo"
"antecristo","antichrist","anger",-0.836,0.674,0.088,"alto"
"antecristo","antichrist","disgust",-0.836,0.674,0.088,"alto"
"antecristo","antichrist","fear",-0.836,0.674,0.088,"alto"
"antepasados","forefathers","joy",0.38,-0.176,0.254,"medio"
"antepasados","forefathers","trust",0.38,-0.176,0.254,"medio"
"anticipación","anticipation","anticipation",0.396,0.078,0.422,"medio"
"anticipado","anticipatory","anticipation",0.306,0.102,0.364,"medio"
"antídoto","antidote","anticipation",0.082,-0.02,0.258,"medio"
"antídoto","antidote","trust",0.082,-0.02,0.258,"medio"
"antieconómico","wasteful","anger",-0.654,0.46,-0.182,"alto"
"antieconómico","wasteful","disgust",-0.654,0.46,-0.182,"alto"
"antieconómico","wasteful","sadness",-0.654,0.46,-0.182,"alto"
"antifúngico","antifungal","trust",-0.184,-0.176,-0.118,"medio"
"antigüedad","seniority","trust",0.625,-0.383,0.714,"bajo"
"antinatural","unnatural","disgust",-0.694,0.174,-0.132,"medio"
"antinatural","unnatural","fear",-0.694,0.174,-0.132,"medio"
"antipatía","antipathy","anger",-0.604,0.098,-0.214,"medio"
"antipatía","antipathy","disgust",-0.604,0.098,-0.214,"medio"
"antiséptico","antiseptic","trust",-0.124,-0.26,0.246,"medio"
"antisocial","antisocial","anger",-0.708,0.372,-0.218,"alto"
"antisocial","antisocial","disgust",-0.708,0.372,-0.218,"alto"
"antisocial","antisocial","fear",-0.708,0.372,-0.218,"alto"
"antisocial","antisocial","sadness",-0.708,0.372,-0.218,"alto"
"antítesis","antithesis","anger",-0.208,-0.176,0.072,"medio"
"antojo","craving","anticipation",0.02,0.51,0.272,"alto"
"ántrax","anthrax","disgust",-0.624,0.46,0,"alto"
"ántrax","anthrax","fear",-0.624,0.46,0,"alto"
"ántrax","anthrax","sadness",-0.624,0.46,0,"alto"
"anulación","annulment","sadness",-0.694,-0.25,-0.106,"medio"
"anular","quash","fear",-0.458,0.378,0.036,"alto"
"anular","nullify","surprise",-0.49,-0.254,-0.21,"medio"
"anular una hipoteca","foreclose","fear",-0.56,0.164,0.12,"medio"
"anular una hipoteca","foreclose","sadness",-0.56,0.164,0.12,"medio"
"anuncio","announcement","anticipation",0.458,-0.018,-0.036,"medio"
"apache","apache","fear",0.374,-0.062,0,"medio"
"aparición","apparition","fear",-0.188,0.146,0.272,"medio"
"aparición","apparition","surprise",-0.188,0.146,0.272,"medio"
"apasionado","passionate","anticipation",0.99,0.448,0.498,"alto"
"apasionado","passionate","joy",0.99,0.448,0.498,"alto"
"apasionado","passionate","trust",0.99,0.448,0.498,"alto"
"apatía","apathy","sadness",-0.632,-0.576,-0.592,"bajo"
"apático","listless","sadness",-0.562,-0.3,-0.538,"medio"
"apático","apathetic","sadness",-0.624,-0.416,-0.334,"bajo"
"apelación","appeal","anticipation",0.326,0.196,0.116,"medio"
"apenas","scarcely","sadness",-0.836,-0.176,-0.68,"medio"
"apendicitis","appendicitis","fear",-0.938,0.28,-0.306,"medio"
"apendicitis","appendicitis","sadness",-0.938,0.28,-0.306,"medio"
"aplastada","crushed","anger",-0.667,0.294,-0.926,"medio"
"aplastada","crushed","disgust",-0.667,0.294,-0.926,"medio"
"aplastada","crushed","fear",-0.667,0.294,-0.926,"medio"
"aplastada","crushed","sadness",-0.667,0.294,-0.926,"medio"
"aplastante","crushing","anger",-0.562,0.51,-0.178,"alto"
"aplastante","crushing","disgust",-0.562,0.51,-0.178,"alto"
"aplastante","crushing","fear",-0.562,0.51,-0.178,"alto"
"aplastar","squelch","anger",-0.458,0.02,-0.076,"medio"
"aplastar","smash","anger",-0.61,0.384,0.06,"alto"
"aplastar","squelch","disgust",-0.458,0.02,-0.076,"medio"
"aplastar","smash","fear",-0.61,0.384,0.06,"alto"
"aplaudir","clap","anticipation",0.558,0.462,0.058,"alto"
"aplaudir","clap","joy",0.558,0.462,0.058,"alto"
"aplaudir","clap","trust",0.558,0.462,0.058,"alto"
"aplausos","cheering","joy",0.63,0.648,0.284,"alto"
"aplausos","applause","joy",0.906,0.714,0.242,"alto"
"aplausos","applause","surprise",0.906,0.714,0.242,"alto"
"aplausos","applause","trust",0.906,0.714,0.242,"alto"
"aplazamiento","postponement","surprise",-0.104,0.138,-0.172,"medio"
"apoderado","proxy","trust",0.042,-0.184,0.04,"medio"
"apogeo","heyday","anticipation",0.292,0.36,0.346,"alto"
"apogeo","heyday","joy",0.292,0.36,0.346,"alto"
"apogeo","heyday","trust",0.292,0.36,0.346,"alto"
"apologético","apologetic","trust",-0.042,-0.078,0.142,"medio"
"apóstol","apostle","trust",0.292,-0.306,0.464,"medio"
"apostólico","apostolic","trust",0.184,-0.4,0.434,"bajo"
"apreciación","appreciation","joy",0.834,0.058,0.176,"medio"
"apreciación","appreciation","trust",0.834,0.058,0.176,"medio"
"aprehender","apprehend","fear",0.042,0.248,0.392,"medio"
"aprendiz","apprentice","trust",0.23,-0.174,-0.096,"medio"
"aprensivo","apprehensive","anticipation",-0.188,0.184,-0.138,"medio"
"aprensivo","apprehensive","fear",-0.188,0.184,-0.138,"medio"
"apresador","captor","fear",-0.306,0.25,0.224,"medio"
"apresurado","hurried","anticipation",-0.372,0.612,-0.214,"alto"
"apretar","tighten","anger",-0.224,-0.026,0.254,"medio"
"aprobación","approbation","trust",0.481,0.058,0.548,"medio"
"aprobar","approve","joy",0.75,0.096,0.482,"medio"
"aprobar","approve","trust",0.75,0.096,0.482,"medio"
"apuro","hurry","anticipation",-0.156,0.47,-0.038,"alto"
"arancel","tariff","anger",-0.082,-0.196,-0.018,"medio"
"arancel","tariff","disgust",-0.082,-0.196,-0.018,"medio"
"araña","spider","disgust",-0.542,0.138,-0.14,"medio"
"araña","spider","fear",-0.542,0.138,-0.14,"medio"
"arbitraje","arbitration","anticipation",0.174,0.204,0.34,"medio"
"árbitro","arbiter","trust",0.122,0.074,0.628,"medio"
"árbitro","arbitrator","trust",-0.23,-0.104,0.59,"medio"
"árbitro","umpire","trust",0.04,0.184,0.51,"medio"
"árbitro","referee","trust",0.062,0.288,0.556,"medio"
"árbol","tree","anger",0.34,-0.764,-0.116,"bajo"
"árbol","tree","anticipation",0.34,-0.764,-0.116,"bajo"
"árbol","tree","disgust",0.34,-0.764,-0.116,"bajo"
"árbol","tree","joy",0.34,-0.764,-0.116,"bajo"
"árbol","tree","surprise",0.34,-0.764,-0.116,"bajo"
"árbol","tree","trust",0.34,-0.764,-0.116,"bajo"
"árbol genealógico","pedigree","trust",0.25,-0.32,0.218,"medio"
"ardiente","ardent","anticipation",0.388,0.746,0.444,"alto"
"ardiente","ardent","joy",0.388,0.746,0.444,"alto"
"arena","grit","trust",-0.102,-0.408,-0.31,"bajo"
"argumentación","argumentation","anger",-0.042,0.098,0.52,"medio"
"argumento","argument","anger",0.02,-0.072,0.396,"medio"
"argumentos","arguments","anger",0.082,0.204,0.314,"medio"
"árido","arid","sadness",-0.354,-0.334,-0.242,"bajo"
"armado","armed","anger",-0.624,0.5,0.616,"alto"
"armado","armed","fear",-0.624,0.5,0.616,"alto"
"armadura","armor","fear",-0.062,0.25,0.568,"medio"
"armadura","armor","trust",-0.062,0.25,0.568,"medio"
"armamento","armament","anger",-0.604,0.528,0.62,"alto"
"armamento","armaments","fear",-0.616,0.678,0.66,"alto"
"armamento","armament","fear",-0.604,0.528,0.62,"alto"
"armas de fuego","firearms","anger",-0.56,0.886,0.762,"alto"
"armas de fuego","firearms","fear",-0.56,0.886,0.762,"alto"
"armonía","harmony","joy",0.898,-0.54,0.018,"bajo"
"armonía","harmony","trust",0.898,-0.54,0.018,"bajo"
"armoniosamente","harmoniously","joy",0.938,-0.47,0.294,"bajo"
"armoniosamente","harmoniously","trust",0.938,-0.47,0.294,"bajo"
"arqueología","archaeology","anticipation",0.192,-0.284,0.382,"medio"
"arquitectura","architecture","trust",0.64,-0.22,0.388,"medio"
"arraigado","rooted","trust",0.02,0.054,0.436,"medio"
"arrebatado","rapt","joy",0.042,0.472,0.02,"alto"
"arrebatado","rapt","surprise",0.042,0.472,0.02,"alto"
"arrebatado","rapt","trust",0.042,0.472,0.02,"alto"
"arrepentido","regretted","sadness",-0.296,0.08,-0.264,"medio"
"arrepentirse","repent","fear",-0.102,-0.156,-0.228,"medio"
"Arrestado","busted","anger",-0.592,0.352,-0.31,"alto"
"Arrestado","busted","fear",-0.592,0.352,-0.31,"alto"
"arriesgado","risky","anticipation",-0.552,0.844,0.4,"alto"
"arriesgado","risky","fear",-0.552,0.844,0.4,"alto"
"arrogante","arrogant","anger",-0.77,0.51,0.16,"alto"
"arrogante","haughty","anger",-0.52,0.416,0.176,"alto"
"arrogante","arrogant","disgust",-0.77,0.51,0.16,"alto"
"arrojar","spew","disgust",-0.48,0.302,0.146,"medio"
"arrugado","wrinkled","sadness",-0.458,-0.196,-0.6,"medio"
"arruinado","ruined","anger",-0.73,0.128,-0.612,"medio"
"arruinado","dilapidated","disgust",-0.542,0.236,-0.428,"medio"
"arruinado","ruined","disgust",-0.73,0.128,-0.612,"medio"
"arruinado","blighted","disgust",-0.708,0.23,-0.408,"medio"
"arruinado","ruined","fear",-0.73,0.128,-0.612,"medio"
"arruinado","bankrupt","fear",-0.674,0.346,-0.326,"alto"
"arruinado","bankrupt","sadness",-0.674,0.346,-0.326,"alto"
"arruinado","blighted","sadness",-0.708,0.23,-0.408,"medio"
"arruinado","ruined","sadness",-0.73,0.128,-0.612,"medio"
"arruinado","dilapidated","sadness",-0.542,0.236,-0.428,"medio"
"arruinar","spoil","disgust",-0.708,0.446,-0.344,"alto"
"arsenal","armory","trust",-0.104,0.326,0.6,"medio"
"arsénico","arsenic","disgust",-0.438,-0.056,-0.106,"medio"
"arsénico","arsenic","fear",-0.438,-0.056,-0.106,"medio"
"arsénico","arsenic","sadness",-0.438,-0.056,-0.106,"medio"
"Arte","art","anticipation",0.624,-0.28,0.206,"medio"
"Arte","art","joy",0.624,-0.28,0.206,"medio"
"Arte","art","sadness",0.624,-0.28,0.206,"medio"
"Arte","art","surprise",0.624,-0.28,0.206,"medio"
"artillería","ordnance","fear",-0.292,0.65,0.358,"alto"
"artillería","artillery","fear",-0.3,0.824,0.588,"alto"
"asalto","storming","anger",-0.47,0.82,0.338,"alto"
"asamblea","assembly","trust",0.396,0,0.28,"medio"
"asar","broil","anger",0.02,-0.192,-0.34,"medio"
"asco","disgust","anger",-0.896,0.55,-0.366,"alto"
"asco","disgust","disgust",-0.896,0.55,-0.366,"alto"
"asco","disgust","fear",-0.896,0.55,-0.366,"alto"
"asco","disgust","sadness",-0.896,0.55,-0.366,"alto"
"asegurar","assure","trust",0.82,-0.08,0.678,"medio"
"asegurar","insure","trust",0.4,-0.17,0.396,"medio"
"asequible","obtainable","joy",0.354,-0.346,0.404,"bajo"
"asesinar","assassinate","anger",-0.898,0.969,0.444,"alto"
"asesinar","assassinate","fear",-0.898,0.969,0.444,"alto"
"asesinato","assassination","anger",-0.834,0.882,0.05,"alto"
"asesinato","murder","anger",-0.878,0.884,0.23,"alto"
"asesinato","killing","anger",-0.84,0.95,0.392,"alto"
"asesinato","murder","disgust",-0.878,0.884,0.23,"alto"
"asesinato","murder","fear",-0.878,0.884,0.23,"alto"
"asesinato","assassination","fear",-0.834,0.882,0.05,"alto"
"asesinato","killing","fear",-0.84,0.95,0.392,"alto"
"asesinato","assassination","sadness",-0.834,0.882,0.05,"alto"
"asesinato","murder","sadness",-0.878,0.884,0.23,"alto"
"asesinato","killing","sadness",-0.84,0.95,0.392,"alto"
"asesinato","murder","surprise",-0.878,0.884,0.23,"alto"
"asesino","slayer","anger",-0.918,0.86,0.322,"alto"
"asesino","assassin","anger",-0.854,0.866,0.264,"alto"
"asesino","murderer","anger",-0.99,0.96,-0.242,"alto"
"asesino","murderous","anger",-0.972,0.669,0.364,"alto"
"asesino","cutthroat","anger",-0.78,0.646,0.326,"alto"
"asesino","murderous","disgust",-0.972,0.669,0.364,"alto"
"asesino","slayer","disgust",-0.918,0.86,0.322,"alto"
"asesino","murderer","disgust",-0.99,0.96,-0.242,"alto"
"asesino","cutthroat","fear",-0.78,0.646,0.326,"alto"
"asesino","assassin","fear",-0.854,0.866,0.264,"alto"
"asesino","slayer","fear",-0.918,0.86,0.322,"alto"
"asesino","murderous","fear",-0.972,0.669,0.364,"alto"
"asesino","murderer","fear",-0.99,0.96,-0.242,"alto"
"asesino","murderer","sadness",-0.99,0.96,-0.242,"alto"
"asesino","murderous","sadness",-0.972,0.669,0.364,"alto"
"asesino","slayer","sadness",-0.918,0.86,0.322,"alto"
"asesino","assassin","sadness",-0.854,0.866,0.264,"alto"
"asesino","murderous","surprise",-0.972,0.669,0.364,"alto"
"asesino","slayer","surprise",-0.918,0.86,0.322,"alto"
"asesor","assessor","trust",0.102,0.076,0.528,"medio"
"asesor","adviser","trust",0.49,-0.276,0.41,"medio"
"asfixia","suffocation","anger",-0.96,0.66,-0.076,"alto"
"asfixia","suffocation","fear",-0.96,0.66,-0.076,"alto"
"asilo","asylum","fear",-0.186,-0.34,-0.11,"bajo"
"asimetría","asymmetry","disgust",-0.048,-0.254,0.054,"medio"
"asistencia","attendance","anticipation",0.624,0,0.184,"medio"
"asistente","attendant","trust",0.16,-0.27,0.038,"medio"
"asistir","assist","trust",0.666,-0.13,0.258,"medio"
"asociación","association","trust",0.49,0,0.634,"medio"
"asociado","associate","trust",0.624,-0.182,0.25,"medio"
"asombro","astonishment","joy",0.36,0.436,0.038,"alto"
"asombro","astonishment","surprise",0.36,0.436,0.038,"alto"
"asombro","amaze","surprise",0.792,0.686,0.566,"alto"
"asombrosamente","surprisingly","anticipation",0.694,0.586,0.638,"alto"
"asombrosamente","astonishingly","surprise",0.654,0.796,0.546,"alto"
"asombrosamente","surprisingly","surprise",0.694,0.586,0.638,"alto"
"Asombrosamente","amazingly","joy",0.836,0.53,0.84,"alto"
"Asombrosamente","amazingly","surprise",0.836,0.53,0.84,"alto"
"áspid","asp","fear",-0.124,-0.022,-0.25,"medio"
"aspiración","aspiration","anticipation",0.408,0.448,0.35,"alto"
"aspiración","aspiration","joy",0.408,0.448,0.35,"alto"
"aspiración","aspiration","surprise",0.408,0.448,0.35,"alto"
"aspiración","aspiration","trust",0.408,0.448,0.35,"alto"
"aspirar","aspire","anticipation",0.624,-0.062,0.444,"medio"
"aspirar","aspire","joy",0.624,-0.062,0.444,"medio"
"asqueroso","nasty","anger",-0.77,0.24,-0.472,"medio"
"asqueroso","nasty","disgust",-0.77,0.24,-0.472,"medio"
"asqueroso","nasty","fear",-0.77,0.24,-0.472,"medio"
"asqueroso","nasty","sadness",-0.77,0.24,-0.472,"medio"
"astrólogo","astrologer","anticipation",0.188,0.038,0.346,"medio"
"astrónomo","astronomer","anticipation",0.5,0.018,0.47,"medio"
"astucia","trickery","anger",-0.708,0.635,-0.328,"alto"
"astucia","trickery","disgust",-0.708,0.635,-0.328,"alto"
"astucia","trickery","fear",-0.708,0.635,-0.328,"alto"
"astucia","trickery","sadness",-0.708,0.635,-0.328,"alto"
"astucia","trickery","surprise",-0.708,0.635,-0.328,"alto"
"astuto","sly","anger",0.146,0.38,0.5,"alto"
"astuto","sly","disgust",0.146,0.38,0.5,"alto"
"astuto","sly","fear",0.146,0.38,0.5,"alto"
"asustar","frighten","fear",-0.49,0.686,0,"alto"
"asustar","startle","fear",-0.448,0.634,-0.166,"alto"
"asustar","frighten","sadness",-0.49,0.686,0,"alto"
"asustar","startle","surprise",-0.448,0.634,-0.166,"alto"
"asustar","frighten","surprise",-0.49,0.686,0,"alto"
"atacar","assail","anger",-0.244,0.02,0,"medio"
"atacar","assail","fear",-0.244,0.02,0,"medio"
"atacar","assail","surprise",-0.244,0.02,0,"medio"
"ataque","attack","anger",-0.428,0.896,0.34,"alto"
"ataque","attack","fear",-0.428,0.896,0.34,"alto"
"ataúd","casket","fear",-0.75,-0.02,-0.308,"medio"
"ataúd","coffin","fear",-0.854,-0.136,-0.314,"medio"
"ataúd","coffin","sadness",-0.854,-0.136,-0.314,"medio"
"ataúd","casket","sadness",-0.75,-0.02,-0.308,"medio"
"atemorizado","afraid","fear",-0.977,0.352,-0.529,"alto"
"atemorizado","frightened","fear",-0.694,0.634,-0.49,"alto"
"atemorizado","frightened","surprise",-0.694,0.634,-0.49,"alto"
"atender","serve","trust",0.244,-0.2,-0.232,"medio"
"atento","attentive","trust",0.53,0.04,0.448,"medio"
"atenuación","attenuation","sadness",-0.084,-0.274,-0.072,"medio"
"aterosclerosis","atherosclerosis","fear",-0.5,-0.04,-0.314,"medio"
"aterosclerosis","atherosclerosis","sadness",-0.5,-0.04,-0.314,"medio"
"aterronado","lumpy","disgust",-0.458,-0.244,-0.27,"medio"
"aterrorizar","terrorize","anger",-0.918,0.814,0.154,"alto"
"aterrorizar","terrorize","fear",-0.918,0.814,0.154,"alto"
"aterrorizar","terrorize","sadness",-0.918,0.814,0.154,"alto"
"atestación","attestation","trust",-0.532,0.27,0,"medio"
"atestiguar","vouch","trust",0.25,-0.166,0.492,"medio"
"atornillado","screwed","anger",-0.396,0.04,-0.072,"medio"
"atractivo","inviting","anticipation",0.876,0.142,0.076,"medio"
"atractivo","inviting","joy",0.876,0.142,0.076,"medio"
"atractivo","engaging","joy",0.896,0.224,0.724,"medio"
"atractivo","inviting","surprise",0.876,0.142,0.076,"medio"
"atractivo","engaging","trust",0.896,0.224,0.724,"medio"
"atractivo","inviting","trust",0.876,0.142,0.076,"medio"
"atrasado","overdue","anticipation",-0.75,-0.146,-0.482,"medio"
"atrasado","overdue","sadness",-0.75,-0.146,-0.482,"medio"
"atrasado","overdue","surprise",-0.75,-0.146,-0.482,"medio"
"atrevimiento","dare","anticipation",0.354,0.576,0.368,"alto"
"atrevimiento","dare","trust",0.354,0.576,0.368,"alto"
"atrocidad","atrocity","anger",-0.77,0.688,0.186,"alto"
"atrocidad","atrocity","disgust",-0.77,0.688,0.186,"alto"
"atrocidad","atrocity","fear",-0.77,0.688,0.186,"alto"
"atrocidad","atrocity","sadness",-0.77,0.688,0.186,"alto"
"atrofia","atrophy","disgust",-0.646,0.08,-0.584,"medio"
"atrofia","atrophy","fear",-0.646,0.08,-0.584,"medio"
"atrofia","atrophy","sadness",-0.646,0.08,-0.584,"medio"
"atroz","atrocious","anger",-0.854,0.622,-0.11,"alto"
"atroz","atrocious","disgust",-0.854,0.622,-0.11,"alto"
"aturdido","stunned","fear",-0.388,0.326,-0.288,"medio"
"aturdido","stunned","surprise",-0.388,0.326,-0.288,"medio"
"audaz","fearless","fear",0.62,0.612,0.52,"alto"
"audiencia","audience","anticipation",0.396,0.22,0.226,"medio"
"audiencia","hearing","fear",0.338,-0.02,0.19,"medio"
"auditor","auditor","fear",0.164,0.142,0.452,"medio"
"auditor","auditor","trust",0.164,0.142,0.452,"medio"
"aullido","howl","anger",-0.286,0.292,-0.186,"medio"
"aullido","howl","disgust",-0.286,0.292,-0.186,"medio"
"aullido","howl","fear",-0.286,0.292,-0.186,"medio"
"aullido","howl","sadness",-0.286,0.292,-0.186,"medio"
"aullido","howl","surprise",-0.286,0.292,-0.186,"medio"
"aumentar","heighten","fear",0.51,0.244,0.53,"medio"
"ausencia","absence","fear",-0.694,-0.53,-0.468,"bajo"
"ausencia","absence","sadness",-0.694,-0.53,-0.468,"bajo"
"ausente","absentee","sadness",-0.53,-0.34,-0.442,"bajo"
"ausente","absent","sadness",-0.646,-0.558,-0.768,"bajo"
"austero","austere","fear",0,-0.22,-0.156,"medio"
"austero","austere","sadness",0,-0.22,-0.156,"medio"
"autenticación","authentication","trust",0.448,-0.018,0.5,"medio"
"autenticar","authenticate","trust",0.666,-0.04,0.578,"medio"
"autenticidad","authenticity","trust",0.34,0.096,0.69,"medio"
"auténtico","authentic","joy",0.77,0.02,0.564,"medio"
"auténtico","genuine","trust",0.75,-0.1,0.37,"medio"
"auténtico","authentic","trust",0.77,0.02,0.564,"medio"
"autobús","buss","joy",-0.062,0,-0.218,"medio"
"automático","automatic","trust",0.124,-0.134,0.328,"medio"
"autopsia","autopsy","disgust",-0.496,0.3,0.076,"medio"
"autopsia","autopsy","fear",-0.496,0.3,0.076,"medio"
"autopsia","autopsy","sadness",-0.496,0.3,0.076,"medio"
"autor","perpetrator","anger",-0.542,0.53,0.076,"alto"
"autor","perpetrator","disgust",-0.542,0.53,0.076,"alto"
"autor","perpetrator","fear",-0.542,0.53,0.076,"alto"
"autor","perpetrator","sadness",-0.542,0.53,0.076,"alto"
"autor","author","trust",0.55,-0.314,0.498,"medio"
"autoridad","authority","trust",0.184,0.184,0.868,"medio"
"autoritario","authoritative","trust",0.272,0.04,0.78,"medio"
"autorización","authorization","trust",0.042,0.134,0.634,"medio"
"autorización","clearance","trust",0.084,-0.082,-0.054,"medio"
"autorizado","accredited","trust",0.338,-0.042,0.515,"medio"
"autorizar","authorize","trust",0.544,0.192,0.642,"medio"
"avalancha","avalanche","fear",-0.47,0.83,0.366,"alto"
"avalancha","avalanche","sadness",-0.47,0.83,0.366,"alto"
"avalancha","avalanche","surprise",-0.47,0.83,0.366,"alto"
"avanzada","outpost","fear",0.27,0.142,0.35,"medio"
"avaricia","avarice","anger",-0.604,0.452,-0.296,"alto"
"avaricia","avarice","disgust",-0.604,0.452,-0.296,"alto"
"avaro","grasping","anticipation",-0.346,0.122,0.122,"medio"
"aventura","adventure","anticipation",0.834,0.714,0.42,"alto"
"aventura amorosa","amour","anticipation",0.73,-0.04,0.304,"medio"
"aventura amorosa","amour","joy",0.73,-0.04,0.304,"medio"
"aventura amorosa","amour","trust",0.73,-0.04,0.304,"medio"
"avergonzado","ashamed","disgust",-0.688,0.176,-0.544,"medio"
"avergonzado","ashamed","sadness",-0.688,0.176,-0.544,"medio"
"avergonzar","embarrass","sadness",-0.836,0.334,-0.272,"alto"
"aversión","aversion","anger",-0.852,0.326,0.05,"medio"
"aversión","loathing","disgust",-0.834,0.592,-0.264,"alto"
"aversión","aversion","disgust",-0.852,0.326,0.05,"medio"
"aversión","aversion","fear",-0.852,0.326,0.05,"medio"
"axioma","axiom","trust",-0.122,-0.118,0.166,"medio"
"axiomático","axiomatic","trust",-0.084,-0.216,0.254,"medio"
"ayudante","helper","trust",0.408,-0.124,0.134,"medio"
"ayuno","fasting","sadness",-0.224,-0.26,-0.212,"medio"
"azogue","quicksilver","surprise",-0.166,-0.118,0.058,"medio"
"azotaina","spanking","anger",-0.612,0.472,-0.216,"alto"
"azotar","scourge","anger",-0.572,0.28,-0.396,"medio"
"azotar","spank","anger",-0.776,0.764,0.284,"alto"
"azotar","flog","anger",-0.184,0.04,-0.236,"medio"
"azotar","flog","disgust",-0.184,0.04,-0.236,"medio"
"azotar","spank","fear",-0.776,0.764,0.284,"alto"
"azotar","flog","fear",-0.184,0.04,-0.236,"medio"
"azotar","scourge","fear",-0.572,0.28,-0.396,"medio"
"azotar","scourge","sadness",-0.572,0.28,-0.396,"medio"
"azotar","flog","sadness",-0.184,0.04,-0.236,"medio"
"azotar","spank","sadness",-0.776,0.764,0.284,"alto"
"azufre","brimstone","anger",-0.286,0.04,-0.12,"medio"
"azufre","brimstone","fear",-0.286,0.04,-0.12,"medio"
"azul","blue","sadness",0.292,-0.726,-0.418,"bajo"
"babear","drool","disgust",-0.23,-0.204,-0.592,"medio"
"babosa","slug","disgust",-0.448,-0.26,-0.68,"medio"
"baboso","slimy","disgust",-0.646,0,-0.382,"medio"
"babuino","baboon","disgust",-0.286,-0.18,-0.142,"medio"
"bacteria","bacterium","disgust",-0.612,0.09,-0.31,"medio"
"bacteria","bacterium","fear",-0.612,0.09,-0.31,"medio"
"bacterias","bacteria","disgust",-0.646,0.106,0.14,"medio"
"bacterias","bacteria","fear",-0.646,0.106,0.14,"medio"
"bacterias","bacteria","sadness",-0.646,0.106,0.14,"medio"
"baile","dance","joy",0.788,0.68,0.102,"alto"
"baile","dance","trust",0.788,0.68,0.102,"alto"
"baja calidad","trashy","disgust",-0.916,-0.24,-0.678,"medio"
"bala","bale","fear",-0.126,-0.274,-0.176,"medio"
"baloncesto","basketball","anticipation",0.628,0.528,-0.13,"alto"
"baloncesto","basketball","joy",0.628,0.528,-0.13,"alto"
"bálsamo","balm","anticipation",0.25,-0.45,-0.172,"bajo"
"bálsamo","balm","joy",0.25,-0.45,-0.172,"bajo"
"bancarrota","bankruptcy","anger",-0.91,0.301,-0.436,"medio"
"bancarrota","bankruptcy","disgust",-0.91,0.301,-0.436,"medio"
"bancarrota","bankruptcy","fear",-0.91,0.301,-0.436,"medio"
"bancarrota","bankruptcy","sadness",-0.91,0.301,-0.436,"medio"
"banco","bank","trust",0.124,-0.346,0.35,"bajo"
"banda","strip","sadness",-0.146,0,-0.128,"medio"
"banquero","banker","trust",0.172,0.176,0.584,"medio"
"banquete","banquet","anticipation",0.53,0.142,0.2,"medio"
"banquete","banquet","joy",0.53,0.142,0.2,"medio"
"bárbaro","barbaric","anger",-0.53,0.596,0.476,"alto"
"bárbaro","barbaric","disgust",-0.53,0.596,0.476,"alto"
"bárbaro","barbarian","fear",-0.354,0.792,0.426,"alto"
"bárbaro","barbaric","fear",-0.53,0.596,0.476,"alto"
"barman","bartender","trust",0.146,0.396,0.17,"alto"
"barra oblicua","slash","anger",-0.48,0,0.018,"medio"
"barranco","ravine","fear",-0.292,0.346,-0.174,"alto"
"barrera","barrier","anger",-0.334,-0.04,0.124,"medio"
"barricada","barricade","fear",-0.354,0.334,0.346,"alto"
"barrio bajo","slum","disgust",-0.416,0.056,-0.396,"medio"
"base","bedrock","trust",0.122,-0.32,0.196,"medio"
"base","base","trust",0.27,-0.404,0.106,"bajo"
"bastardo","bastard","disgust",-0.906,0.526,0.011,"alto"
"bastardo","bastard","sadness",-0.906,0.526,0.011,"alto"
"bastión","bastion","anger",0.062,0,0.192,"medio"
"basura","rubbish","disgust",-0.604,-0.092,-0.672,"medio"
"basura","trash","disgust",-0.674,0.082,-0.692,"medio"
"basura","garbage","disgust",-0.624,0.02,-0.616,"medio"
"basura","trash","sadness",-0.674,0.082,-0.692,"medio"
"batalla","battle","anger",-0.27,0.89,0.736,"alto"
"batallón","battalion","anger",-0.334,0.636,0.59,"alto"
"batea","punt","anticipation",-0.27,-0.04,-0.214,"medio"
"batería","battery","anger",-0.04,-0.15,-0.116,"medio"
"bautismal","baptismal","joy",0.292,-0.314,0.25,"medio"
"bayoneta","bayonet","anger",-0.474,0.55,0.122,"alto"
"bayoneta","bayonet","fear",-0.474,0.55,0.122,"alto"
"bebé","baby","joy",0.674,-0.27,-0.09,"medio"
"beca","scholarship","joy",0.732,-0.02,0.25,"medio"
"beca","bursary","trust",0.458,-0.076,0.142,"medio"
"becerro","calf","joy",0.062,-0.268,-0.328,"medio"
"becerro","calf","trust",0.062,-0.268,-0.328,"medio"
"belicoso","warlike","anger",-0.266,0.694,0.558,"alto"
"belicoso","warlike","fear",-0.266,0.694,0.558,"alto"
"beligerante","belligerent","anger",-0.312,0.36,0.188,"alto"
"beligerante","belligerent","fear",-0.312,0.36,0.188,"alto"
"belleza","beauty","joy",0.684,0.2,0.288,"medio"
"bendecido","blessed","joy",0.82,-0.442,0.392,"bajo"
"bendecir","bless","anticipation",0.858,-0.462,0.176,"bajo"
"bendecir","bless","joy",0.858,-0.462,0.176,"bajo"
"bendecir","bless","trust",0.858,-0.462,0.176,"bajo"
"bendición","blessing","anticipation",0.858,-0.472,0.6,"bajo"
"bendición","godsend","joy",0.73,0.124,0.226,"medio"
"bendición","blessing","joy",0.858,-0.472,0.6,"bajo"
"bendición","godsend","surprise",0.73,0.124,0.226,"medio"
"bendición","blessing","trust",0.858,-0.472,0.6,"bajo"
"bendiciones","blessings","anticipation",0.858,-0.278,0.246,"medio"
"bendiciones","blessings","joy",0.858,-0.278,0.246,"medio"
"bendiciones","blessings","surprise",0.858,-0.278,0.246,"medio"
"bendiciones","blessings","trust",0.858,-0.278,0.246,"medio"
"benefactor","benefactor","trust",0.833,0.097,0.684,"medio"
"benevolencia","benevolence","joy",0.572,-0.32,0.434,"medio"
"benevolencia","benevolence","trust",0.572,-0.32,0.434,"medio"
"benigno","benign","joy",0.388,-0.12,0.018,"medio"
"Beso","kiss","anticipation",0.934,0.626,0.26,"alto"
"Beso","kiss","joy",0.934,0.626,0.26,"alto"
"Beso","kiss","surprise",0.934,0.626,0.26,"alto"
"bestia","beast","anger",-0.572,0.56,0.464,"alto"
"bestia","beast","fear",-0.572,0.56,0.464,"alto"
"bestial","beastly","disgust",-0.708,0.748,0.686,"alto"
"bestial","bestial","disgust",-0.48,0.522,0.348,"alto"
"bestial","bestial","fear",-0.48,0.522,0.348,"alto"
"bestial","beastly","fear",-0.708,0.748,0.686,"alto"
"bicho","critter","disgust",0.084,0.078,-0.036,"medio"
"bicho raro","weirdo","fear",-0.654,0.078,-0.344,"medio"
"bienal","biennial","anticipation",0.062,-0.382,-0.294,"bajo"
"bienvenido","welcomed","joy",0.854,0.17,0.4,"medio"
"bilis","bile","anger",-0.686,-0.078,-0.352,"medio"
"bilis","bile","disgust",-0.686,-0.078,-0.352,"medio"
"biopsia","biopsy","fear",-0.354,0.314,-0.038,"medio"
"bisturí","scalpel","fear",-0.396,0.4,-0.036,"alto"
"blancura","whiteness","joy",0.376,-0.53,0.038,"bajo"
"blasfemia","blasphemy","anger",-0.708,0.588,-0.188,"alto"
"blasfemia","profanity","anger",-0.77,0.58,-0.018,"alto"
"blasfemo","blasphemous","anger",-0.79,0.302,-0.018,"medio"
"blasfemo","blasphemous","disgust",-0.79,0.302,-0.018,"medio"
"blindado","armored","fear",-0.062,0.018,0.722,"medio"
"bloqueo","blockade","anger",-0.24,0.038,0.02,"medio"
"bloqueo","blockade","fear",-0.24,0.038,0.02,"medio"
"bloqueo","blockade","sadness",-0.24,0.038,0.02,"medio"
"blues","blues","fear",-0.062,-0.56,-0.426,"bajo"
"blues","blues","sadness",-0.062,-0.56,-0.426,"bajo"
"boca","mouth","surprise",0.468,-0.412,-0.328,"bajo"
"bocado","mouthful","disgust",0.218,0.13,-0.222,"medio"
"bofetada","slap","anger",-0.8,0.608,0.036,"alto"
"bofetada","slap","surprise",-0.8,0.608,0.036,"alto"
"bomba","bomb","anger",-0.666,0.824,0.5,"alto"
"bomba","bomb","fear",-0.666,0.824,0.5,"alto"
"bomba","bomb","sadness",-0.666,0.824,0.5,"alto"
"bomba","bomb","surprise",-0.666,0.824,0.5,"alto"
"bombardeado","bombed","disgust",-0.898,0.702,0.254,"alto"
"bombardear","bombard","anger",-0.688,0.857,0.554,"alto"
"bombardear","bombard","fear",-0.688,0.857,0.554,"alto"
"bombardeo","bombardment","anger",-0.708,0.949,0.359,"alto"
"bombardeo","bombardment","fear",-0.708,0.949,0.359,"alto"
"bombardeo","bomber","fear",-0.75,0.674,0.62,"alto"
"bombardeo","bomber","sadness",-0.75,0.674,0.62,"alto"
"bombardeo aéreo","blitz","surprise",-0.166,0.444,0.578,"alto"
"bombero","fireman","trust",0.166,0.49,0.51,"alto"
"bombo publicitario","hype","anticipation",0.02,0,0.172,"medio"
"bonanza","bonanza","joy",0.75,-0.18,0.366,"medio"
"bondad","goodness","anticipation",0.938,-0.358,0.43,"bajo"
"bondad","goodness","joy",0.938,-0.358,0.43,"bajo"
"bondad","goodness","surprise",0.938,-0.358,0.43,"bajo"
"bondad","goodness","trust",0.938,-0.358,0.43,"bajo"
"bonita","pretty","anticipation",0.75,0.032,0.122,"medio"
"bonita","pretty","joy",0.75,0.032,0.122,"medio"
"bonita","pretty","trust",0.75,0.032,0.122,"medio"
"borde","verge","anticipation",0,-0.326,-0.39,"medio"
"borde","verge","fear",0,-0.326,-0.39,"medio"
"borracho","drunken","disgust",-0.69,0.698,-0.5,"alto"
"borrado","obliterated","anger",-0.52,-0.062,-0.312,"medio"
"borrado","obliterated","fear",-0.52,-0.062,-0.312,"medio"
"borrar","erase","fear",-0.52,-0.48,-0.358,"bajo"
"bote","jackpot","anticipation",0.9,0.5,0.572,"alto"
"bote","jackpot","joy",0.9,0.5,0.572,"alto"
"bote","jackpot","surprise",0.9,0.5,0.572,"alto"
"bovino","bovine","disgust",-0.102,-0.49,-0.294,"bajo"
"boxeo","boxing","anger",-0.146,0.708,0.29,"alto"
"bozal","muzzle","fear",-0.224,-0.14,-0.536,"medio"
"bragas","knickers","trust",0.104,-0.144,-0.344,"medio"
"braguero","truss","trust",0.042,-0.036,0.138,"medio"
"bribón","rascal","anger",-0.662,0.412,-0.11,"alto"
"bribón","rascal","disgust",-0.662,0.412,-0.11,"alto"
"bribón","rascal","fear",-0.662,0.412,-0.11,"alto"
"brida","flange","trust",0,-0.388,-0.22,"bajo"
"brigada","brigade","fear",0.208,0.42,0.656,"alto"
"brillante","brilliant","anticipation",0.878,0.15,0.846,"medio"
"brillante","shining","anticipation",0.77,0.346,0.624,"alto"
"brillante","brilliant","joy",0.878,0.15,0.846,"medio"
"brillante","shining","joy",0.77,0.346,0.624,"alto"
"brillante","brilliant","trust",0.878,0.15,0.846,"medio"
"Brillantina","glitter","disgust",0.628,0.5,0.524,"alto"
"Brillantina","glitter","joy",0.628,0.5,0.524,"alto"
"brillar","sparkle","anticipation",0.638,0.53,0.02,"alto"
"brillar","sparkle","joy",0.638,0.53,0.02,"alto"
"brillar","sparkle","surprise",0.638,0.53,0.02,"alto"
"Brillo Solar","sunshine","joy",0.77,-0.406,0.538,"bajo"
"broma","teasing","anger",-0.53,0.45,-0.296,"alto"
"broma","hoax","anger",-0.708,0.392,-0.394,"alto"
"broma","hoax","disgust",-0.708,0.392,-0.394,"alto"
"broma","teasing","fear",-0.53,0.45,-0.296,"alto"
"broma","jest","joy",0.04,0.472,-0.556,"alto"
"broma","hoax","sadness",-0.708,0.392,-0.394,"alto"
"broma","hoax","surprise",-0.708,0.392,-0.394,"alto"
"broma","prank","surprise",0.142,0.38,-0.222,"alto"
"broma","jest","surprise",0.04,0.472,-0.556,"alto"
"bruja","witch","anger",-0.416,0.42,-0.054,"alto"
"bruja","hag","disgust",-0.624,0.39,-0.178,"alto"
"bruja","witch","disgust",-0.416,0.42,-0.054,"alto"
"bruja","witch","fear",-0.416,0.42,-0.054,"alto"
"bruja","hag","fear",-0.624,0.39,-0.178,"alto"
"brujería","witchcraft","anger",-0.634,0.558,0.11,"alto"
"brujería","sorcery","anticipation",-0.442,0.48,0.28,"alto"
"brujería","sorcery","fear",-0.442,0.48,0.28,"alto"
"brujería","witchcraft","fear",-0.634,0.558,0.11,"alto"
"brujería","witchcraft","sadness",-0.634,0.558,0.11,"alto"
"brujería","sorcery","surprise",-0.442,0.48,0.28,"alto"
"brujo","warlock","fear",-0.376,0.116,0.314,"medio"
"Brújula","compass","trust",0.082,-0.386,0.058,"bajo"
"bruma","haze","fear",-0.146,-0.346,-0.566,"bajo"
"brusco","gruff","anger",-0.354,0.222,-0.056,"medio"
"brusco","gruff","disgust",-0.354,0.222,-0.056,"medio"
"brutal","brutal","anger",-0.592,0.764,0.286,"alto"
"brutal","brutal","fear",-0.592,0.764,0.286,"alto"
"brutalidad","brutality","anger",-0.756,0.664,0.142,"alto"
"brutalidad","brutality","fear",-0.756,0.664,0.142,"alto"
"bruto","brute","anger",-0.77,0.094,-0.242,"medio"
"bruto","gross","disgust",-0.77,0.15,-0.638,"medio"
"bruto","brute","fear",-0.77,0.094,-0.242,"medio"
"bruto","brute","sadness",-0.77,0.094,-0.242,"medio"
"bueno","good","anticipation",0.876,-0.264,0.068,"medio"
"bueno","good","joy",0.876,-0.264,0.068,"medio"
"bueno","good","surprise",0.876,-0.264,0.068,"medio"
"bueno","good","trust",0.876,-0.264,0.068,"medio"
"buffet","buffet","anger",0.312,0.092,0.038,"medio"
"bufido","snort","sadness",-0.062,0.062,-0.174,"medio"
"bufón","joker","joy",0.542,0.52,-0.168,"alto"
"bufón","joker","surprise",0.542,0.52,-0.168,"alto"
"bugle","bugle","anticipation",-0.042,0.176,-0.218,"medio"
"buitre","vulture","disgust",-0.368,0.208,-0.056,"medio"
"buitre","vulture","fear",-0.368,0.208,-0.056,"medio"
"bullicioso","boisterous","anger",-0.23,0.612,0.13,"alto"
"bullicioso","boisterous","anticipation",-0.23,0.612,0.13,"alto"
"bullicioso","boisterous","joy",-0.23,0.612,0.13,"alto"
"bumerang","boomerang","anticipation",0.062,0.25,0,"medio"
"bumerang","boomerang","trust",0.062,0.25,0,"medio"
"búnker","bunker","fear",-0.25,0.346,0.546,"alto"
"buque insignia","flagship","trust",0.184,0.174,0.406,"medio"
"burdel","brothel","disgust",-0.726,0.72,-0.285,"alto"
"Burke","burke","anger",-0.068,-0.118,-0.098,"medio"
"Burke","burke","disgust",-0.068,-0.118,-0.098,"medio"
"Burke","burke","fear",-0.068,-0.118,-0.098,"medio"
"Burke","burke","sadness",-0.068,-0.118,-0.098,"medio"
"burla","scoff","anger",-0.75,0.372,-0.388,"alto"
"burla","sneer","anger",-0.734,0.51,-0.31,"alto"
"burla","derision","anger",-0.47,0.34,-0.416,"alto"
"burla","derision","disgust",-0.47,0.34,-0.416,"alto"
"burla","sneer","disgust",-0.734,0.51,-0.31,"alto"
"burla","scoff","disgust",-0.75,0.372,-0.388,"alto"
"burlesco","burlesque","surprise",-0.346,0.23,-0.314,"medio"
"burlón","mocking","anger",-0.836,0.51,-0.212,"alto"
"burlón","mocking","disgust",-0.836,0.51,-0.212,"alto"
"burlón","mocking","sadness",-0.836,0.51,-0.212,"alto"
"burocracia","bureaucracy","trust",-0.24,0.156,0.48,"medio"
"burócrata","bureaucrat","disgust",-0.584,0.038,0.196,"medio"
"Burro","donkey","disgust",-0.188,-0.266,-0.51,"medio"
"buscar","seek","anticipation",0.244,-0.142,-0.036,"medio"
"búsqueda","quest","anticipation",0.286,0.432,0.09,"alto"
"cábala","cabal","fear",0,-0.188,0.146,"medio"
"caballero","gent","anger",0.146,-0.012,-0.072,"medio"
"caballero","gent","disgust",0.146,-0.012,-0.072,"medio"
"caballero","lord","disgust",0.236,-0.346,0.368,"bajo"
"caballero","gent","fear",0.146,-0.012,-0.072,"medio"
"caballero","lord","trust",0.236,-0.346,0.368,"bajo"
"Caballero","gentleman","trust",0.646,-0.122,0.424,"medio"
"caballo","horse","trust",0.27,0.02,0.058,"medio"
"cabaña","hut","sadness",0.266,-0.46,-0.25,"bajo"
"cabestro","halter","anger",-0.104,-0.098,-0.138,"medio"
"cabestro","halter","fear",-0.104,-0.098,-0.138,"medio"
"cabestro","halter","sadness",-0.104,-0.098,-0.138,"medio"
"cable","cable","surprise",0.166,-0.51,-0.132,"bajo"
"cachorro","puppy","anticipation",0.889,-0.078,-0.581,"medio"
"cachorro","puppy","trust",0.889,-0.078,-0.581,"medio"
"cacofonía","cacophony","anger",-0.184,0.124,-0.12,"medio"
"cacofonía","cacophony","disgust",-0.184,0.124,-0.12,"medio"
"cadáver","cadaver","disgust",-0.94,0.38,-0.48,"alto"
"cadáver","corpse","disgust",-0.812,0.314,-0.536,"medio"
"cadáver","cadaver","fear",-0.94,0.38,-0.48,"alto"
"cadáver","corpse","sadness",-0.812,0.314,-0.536,"medio"
"cadáver","cadaver","sadness",-0.94,0.38,-0.48,"alto"
"cadáver","cadaver","surprise",-0.94,0.38,-0.48,"alto"
"caída","downfall","fear",-0.6,0.434,-0.724,"alto"
"caída","downfall","sadness",-0.6,0.434,-0.724,"alto"
"cajero","cashier","trust",0.23,-0.174,-0.032,"medio"
"calabozo","dungeon","fear",-0.448,0.216,-0.12,"medio"
"calambre","cramp","anticipation",-0.612,0.592,-0.32,"alto"
"calamidad","calamity","sadness",-0.756,0.59,-0.314,"alto"
"calculadora","calculator","trust",0.026,-0.434,0.176,"bajo"
"cálculo","calculation","anticipation",0.292,-0.094,0.212,"medio"
"calibrar","gage","trust",0.104,-0.098,-0.054,"medio"
"caliente","hot","anger",-0.02,0.48,0.146,"alto"
"calificado","qualified","trust",0.52,0.04,0.63,"medio"
"callejear","gaby","disgust",0.02,-0.306,-0.246,"medio"
"calma","lull","anticipation",0.204,-0.74,-0.196,"bajo"
"calmante","soothing","joy",0.25,-0.642,0.038,"bajo"
"calmante","soothing","trust",0.25,-0.642,0.038,"bajo"
"calumnia","slander","anger",-0.632,0.208,-0.092,"medio"
"calumnia","slur","anger",-0.77,0.628,-0.146,"alto"
"calumnia","slur","disgust",-0.77,0.628,-0.146,"alto"
"calumnia","slander","disgust",-0.632,0.208,-0.092,"medio"
"calumnia","slur","sadness",-0.77,0.628,-0.146,"alto"
"camarada","comrade","trust",0.562,-0.176,0.608,"medio"
"camaradería","partnership","trust",0.572,-0.226,0.09,"medio"
"cambiable","changeable","anticipation",-0.02,-0.04,0.056,"medio"
"cambiable","changeable","surprise",-0.02,-0.04,0.056,"medio"
"cambio","change","fear",0.25,0.15,0.212,"medio"
"camilla","stretcher","fear",-0.124,-0.608,-0.41,"bajo"
"camilla","stretcher","sadness",-0.124,-0.608,-0.41,"bajo"
"camión","truck","trust",0.062,-0.264,0.092,"medio"
"campanero","ringer","anger",0.146,0.208,-0.306,"medio"
"campeón","champion","anticipation",0.78,0.76,0.89,"alto"
"campeón","champion","joy",0.78,0.76,0.89,"alto"
"campeón","champion","trust",0.78,0.76,0.89,"alto"
"campo de batalla","battlefield","fear",-0.734,0.836,0.562,"alto"
"camuflado","camouflaged","surprise",-0.3,-0.156,0.124,"medio"
"camuflaje","camouflage","surprise",-0.124,0.17,-0.1,"medio"
"canal","gutter","disgust",-0.068,-0.48,-0.2,"bajo"
"canalla","cur","anger",-0.12,0.038,-0.08,"medio"
"canalla","cad","anger",-0.106,-0.188,-0.192,"medio"
"canalla","cad","disgust",-0.106,-0.188,-0.192,"medio"
"canalla","cur","disgust",-0.12,0.038,-0.08,"medio"
"canalla","cur","fear",-0.12,0.038,-0.08,"medio"
"cancelar","cancel","sadness",-0.572,-0.388,-0.264,"bajo"
"cáncer","cancer","anger",-0.896,0.388,0.058,"alto"
"cáncer","cancer","disgust",-0.896,0.388,0.058,"alto"
"cáncer","cancer","fear",-0.896,0.388,0.058,"alto"
"cáncer","cancer","sadness",-0.896,0.388,0.058,"alto"
"canciller","chancellor","trust",0.292,0,0.774,"medio"
"cancioneta","ditty","joy",-0.06,-0.134,-0.332,"medio"
"canguelo","funk","sadness",-0.068,0.178,-0.22,"medio"
"caníbal","cannibal","disgust",-0.756,0.648,-0.04,"alto"
"caníbal","cannibal","fear",-0.756,0.648,-0.04,"alto"
"canibalismo","cannibalism","disgust",-0.812,0.78,0.166,"alto"
"cánones","canons","trust",-0.23,0.176,0.186,"medio"
"canoso","hoary","sadness",-0.062,-0.404,-0.152,"bajo"
"cansado","weary","sadness",-0.612,-0.438,-0.596,"bajo"
"cansancio","weariness","sadness",-0.792,-0.334,-0.548,"bajo"
"cantar","chant","anger",0.542,0.396,0.3,"alto"
"cantar","sing","anticipation",0.716,0.212,-0.16,"medio"
"cantar","chant","anticipation",0.542,0.396,0.3,"alto"
"cantar","chant","joy",0.542,0.396,0.3,"alto"
"cantar","sing","joy",0.716,0.212,-0.16,"medio"
"cantar","sing","sadness",0.716,0.212,-0.16,"medio"
"cantar","chant","surprise",0.542,0.396,0.3,"alto"
"cantar","sing","trust",0.716,0.212,-0.16,"medio"
"caña","cane","anger",-0.082,-0.404,-0.204,"bajo"
"caña","cane","fear",-0.082,-0.404,-0.204,"bajo"
"caña","shank","fear",0.06,-0.214,-0.428,"medio"
"cañón","cannon","anger",0.058,0.352,0.592,"alto"
"cañón","cannon","fear",0.058,0.352,0.592,"alto"
"caos","chaos","anger",-0.866,0.846,-0.224,"alto"
"caos","chaos","fear",-0.866,0.846,-0.224,"alto"
"caos","chaos","sadness",-0.866,0.846,-0.224,"alto"
"caótico","chaotic","anger",-0.77,0.694,-0.116,"alto"
"caparazón","shell","anger",0.23,-0.184,-0.218,"medio"
"caparazón","shell","fear",0.23,-0.184,-0.218,"medio"
"caparazón","shell","sadness",0.23,-0.184,-0.218,"medio"
"caparazón","shell","surprise",0.23,-0.184,-0.218,"medio"
"capellán","chaplain","trust",0.164,-0.26,0.154,"medio"
"capricho","whim","anticipation",-0.244,0.36,-0.066,"alto"
"capricho","whim","joy",-0.244,0.36,-0.066,"alto"
"capricho","whim","surprise",-0.244,0.36,-0.066,"alto"
"caprichoso","whimsical","joy",-0.102,0.274,-0.258,"medio"
"captura","catch","surprise",0.062,-0.126,0.104,"medio"
"capucha","hood","anger",-0.286,-0.082,-0.388,"medio"
"capucha","hood","disgust",-0.286,-0.082,-0.388,"medio"
"capucha","hood","fear",-0.286,-0.082,-0.388,"medio"
"carcaj","quiver","fear",-0.36,-0.096,-0.33,"medio"
"cárcel","lockup","fear",-0.52,0.204,0.234,"medio"
"cárcel","lockup","sadness",-0.52,0.204,0.234,"medio"
"carcinoma","carcinoma","fear",-0.694,0.384,-0.12,"alto"
"carcinoma","carcinoma","sadness",-0.694,0.384,-0.12,"alto"
"caridad","charity","joy",0.84,-0.432,0.102,"bajo"
"caries","caries","disgust",-0.77,0.138,-0.434,"medio"
"cariño","sweetheart","anticipation",0.918,-0.154,0.018,"medio"
"cariño","fondness","joy",0.77,-0.218,0.006,"medio"
"cariño","affection","joy",0.796,0.118,0.392,"medio"
"cariño","sweetheart","joy",0.918,-0.154,0.018,"medio"
"cariño","sweetheart","sadness",0.918,-0.154,0.018,"medio"
"cariño","affection","trust",0.796,0.118,0.392,"medio"
"cariño","sweetheart","trust",0.918,-0.154,0.018,"medio"
"cariñoso","loving","joy",0.688,0.224,0.272,"medio"
"cariñoso","loving","trust",0.688,0.224,0.272,"medio"
"Caritativo","charitable","anticipation",0.73,-0.24,0.186,"medio"
"Caritativo","charitable","joy",0.73,-0.24,0.186,"medio"
"Caritativo","charitable","trust",0.73,-0.24,0.186,"medio"
"carnada","bait","fear",-0.448,-0.346,-0.408,"bajo"
"carnada","bait","trust",-0.448,-0.346,-0.408,"bajo"
"carne","flesh","disgust",0.208,-0.22,-0.05,"medio"
"carnicería","carnage","anger",-0.188,0.2,0.116,"medio"
"carnicería","carnage","disgust",-0.188,0.2,0.116,"medio"
"carnicería","carnage","fear",-0.188,0.2,0.116,"medio"
"carnicería","carnage","sadness",-0.188,0.2,0.116,"medio"
"carnicería","carnage","surprise",-0.188,0.2,0.116,"medio"
"carnicero","butcher","anger",0,0.15,0.216,"medio"
"carnicero","butcher","disgust",0,0.15,0.216,"medio"
"carnicero","butcher","fear",0,0.15,0.216,"medio"
"carnívoro","carnivorous","fear",-0.552,0.226,0.302,"medio"
"caro","overpriced","anger",-0.458,0.112,-0.056,"medio"
"caro","overpriced","disgust",-0.458,0.112,-0.056,"medio"
"caro","overpriced","sadness",-0.458,0.112,-0.056,"medio"
"carrera","stroke","fear",0.124,-0.12,0.14,"medio"
"carrera","stroke","sadness",0.124,-0.12,0.14,"medio"
"carrera profesional","career","anticipation",0.48,0.424,0.212,"alto"
"carretilla","barrow","disgust",-0.042,-0.274,-0.276,"medio"
"carril","rail","anger",-0.06,0,0.052,"medio"
"carril","rail","anticipation",-0.06,0,0.052,"medio"
"carta","letter","anticipation",0.27,-0.442,-0.316,"bajo"
"cartel","placard","surprise",-0.224,-0.116,0,"medio"
"cartucho","cartridge","fear",-0.084,0,-0.186,"medio"
"casamentero","matchmaker","anticipation",0.23,0.018,0.038,"medio"
"casar","marry","anticipation",0.792,0.53,0.346,"alto"
"casar","marry","fear",0.792,0.53,0.346,"alto"
"casar","marry","joy",0.792,0.53,0.346,"alto"
"casar","marry","surprise",0.792,0.53,0.346,"alto"
"casar","marry","trust",0.792,0.53,0.346,"alto"
"casco","hulk","disgust",-0.08,0.48,0.5,"alto"
"casco","helmet","fear",0.146,-0.346,-0.196,"bajo"
"caso","case","fear",-0.146,-0.45,-0.118,"bajo"
"caso","case","sadness",-0.146,-0.45,-0.118,"bajo"
"castidad","chastity","anticipation",-0.062,-0.216,0.018,"medio"
"castidad","chastity","trust",-0.062,-0.216,0.018,"medio"
"castigado","punished","anger",-0.646,0.47,-0.038,"alto"
"castigado","punished","anticipation",-0.646,0.47,-0.038,"alto"
"castigado","punished","disgust",-0.646,0.47,-0.038,"alto"
"castigado","punished","fear",-0.646,0.47,-0.038,"alto"
"castigado","punished","sadness",-0.646,0.47,-0.038,"alto"
"castigar","punish","fear",-0.878,0.616,0.22,"alto"
"castigo","punishment","anger",-0.834,0.65,0.072,"alto"
"castigo","punishment","disgust",-0.834,0.65,0.072,"alto"
"castigo","punishment","fear",-0.834,0.65,0.072,"alto"
"casualidad","fluke","surprise",-0.108,-0.1,-0.136,"medio"
"catarata","cataract","anticipation",-0.188,0.09,0.098,"medio"
"catarata","cataract","fear",-0.188,0.09,0.098,"medio"
"catarata","cataract","sadness",-0.188,0.09,0.098,"medio"
"catástrofe","catastrophe","anger",-0.708,0.904,0.34,"alto"
"catástrofe","catastrophe","disgust",-0.708,0.904,0.34,"alto"
"catástrofe","catastrophe","fear",-0.708,0.904,0.34,"alto"
"catástrofe","catastrophe","sadness",-0.708,0.904,0.34,"alto"
"catástrofe","catastrophe","surprise",-0.708,0.904,0.34,"alto"
"catecismo","catechism","disgust",0.312,-0.528,0.226,"bajo"
"cátedra","professorship","trust",0.164,-0.322,0.436,"medio"
"catedral","cathedral","joy",0.196,-0.34,0.286,"bajo"
"catedral","cathedral","trust",0.196,-0.34,0.286,"bajo"
"cautelosamente","cautiously","fear",0.02,-0.224,0.05,"medio"
"cauteloso","stealthy","anticipation",-0.24,-0.274,0.068,"medio"
"cauteloso","wary","fear",0.02,-0.314,0.07,"medio"
"cauteloso","stealthy","fear",-0.24,-0.274,0.068,"medio"
"cauteloso","stealthy","surprise",-0.24,-0.274,0.068,"medio"
"cautivar","captivate","anticipation",0.396,0.208,0.446,"medio"
"cautivar","captivate","joy",0.396,0.208,0.446,"medio"
"cautivar","captivate","surprise",0.396,0.208,0.446,"medio"
"cautivar","captivate","trust",0.396,0.208,0.446,"medio"
"cautiverio","captivity","sadness",-0.55,-0.014,-0.226,"medio"
"cautivo","captive","fear",-0.53,0.116,-0.178,"medio"
"cautivo","captive","sadness",-0.53,0.116,-0.178,"medio"
"cayó","fell","sadness",-0.49,-0.076,-0.5,"medio"
"caza","hunting","anger",-0.104,0.426,0.428,"alto"
"caza","hunting","anticipation",-0.104,0.426,0.428,"alto"
"caza","hunting","fear",-0.104,0.426,0.428,"alto"
"caza furtiva","poaching","anger",-0.396,0.648,0.052,"alto"
"caza furtiva","poaching","disgust",-0.396,0.648,0.052,"alto"
"caza furtiva","poaching","fear",-0.396,0.648,0.052,"alto"
"caza furtiva","poaching","sadness",-0.396,0.648,0.052,"alto"
"cazador","hunter","anticipation",-0.416,0.634,0.634,"alto"
"cazador","hunter","fear",-0.416,0.634,0.634,"alto"
"cazador","hunter","sadness",-0.416,0.634,0.634,"alto"
"cebador","primer","trust",0.25,-0.274,0.376,"medio"
"ceguera","blindness","sadness",-0.51,-0.04,-0.608,"medio"
"celda","jail","fear",-0.812,0.796,-0.04,"alto"
"celda","jail","sadness",-0.812,0.796,-0.04,"alto"
"celebracion","celebration","anticipation",0.878,0.648,0.76,"alto"
"celebracion","celebration","joy",0.878,0.648,0.76,"alto"
"celebracion","celebration","surprise",0.878,0.648,0.76,"alto"
"celebracion","celebration","trust",0.878,0.648,0.76,"alto"
"celebrado","celebrated","anticipation",0.75,0.38,0.526,"alto"
"celebrado","celebrated","joy",0.75,0.38,0.526,"alto"
"celebrando","celebrating","anticipation",0.854,0.56,0.546,"alto"
"celebrando","celebrating","joy",0.854,0.56,0.546,"alto"
"celebridad","celebrity","anger",0.52,0.238,0.71,"medio"
"celebridad","celebrity","anticipation",0.52,0.238,0.71,"medio"
"celebridad","celebrity","disgust",0.52,0.238,0.71,"medio"
"celebridad","celebrity","joy",0.52,0.238,0.71,"medio"
"celebridad","celebrity","surprise",0.52,0.238,0.71,"medio"
"celebridad","celebrity","trust",0.52,0.238,0.71,"medio"
"celestial","celestial","anticipation",0.634,-0.28,0.462,"medio"
"celestial","heavenly","anticipation",0.688,-0.096,0.424,"medio"
"celestial","celestial","joy",0.634,-0.28,0.462,"medio"
"celestial","heavenly","joy",0.688,-0.096,0.424,"medio"
"celestial","heavenly","trust",0.688,-0.096,0.424,"medio"
"celo","zeal","anticipation",-0.266,0.482,0.232,"alto"
"celo","zeal","joy",-0.266,0.482,0.232,"alto"
"celo","zeal","surprise",-0.266,0.482,0.232,"alto"
"celo","zeal","trust",-0.266,0.482,0.232,"alto"
"celos","jealousy","anger",-0.708,0.566,-0.038,"alto"
"celos","jealousy","disgust",-0.708,0.566,-0.038,"alto"
"celos","jealousy","fear",-0.708,0.566,-0.038,"alto"
"celos","jealousy","sadness",-0.708,0.566,-0.038,"alto"
"celoso","jealous","anger",-0.654,0.71,-0.31,"alto"
"celoso","jealous","disgust",-0.654,0.71,-0.31,"alto"
"celoso","zealous","joy",-0.416,0.658,-0.306,"alto"
"celoso","zealous","trust",-0.416,0.658,-0.306,"alto"
"cementerio","cemetery","fear",-0.898,0.26,-0.166,"medio"
"cementerio","cemetery","sadness",-0.898,0.26,-0.166,"medio"
"cemento","cement","anticipation",0.088,-0.47,0.054,"bajo"
"cemento","cement","trust",0.088,-0.47,0.054,"bajo"
"cenagal","quagmire","disgust",-0.364,-0.04,-0.174,"medio"
"cenizas","ashes","sadness",-0.346,-0.442,-0.716,"bajo"
"censurar","censor","anger",-0.312,-0.448,0.076,"bajo"
"censurar","censor","disgust",-0.312,-0.448,0.076,"bajo"
"censurar","censor","fear",-0.312,-0.448,0.076,"bajo"
"censurar","censor","trust",-0.312,-0.448,0.076,"bajo"
"centelleo","twinkle","anticipation",0.438,0.448,0.22,"alto"
"centelleo","twinkle","joy",0.438,0.448,0.22,"alto"
"centinela","sentry","trust",-0.06,0.094,0.368,"medio"
"centinela","sentinel","trust",0.062,0.204,0.69,"medio"
"centro","center","trust",0.286,-0.538,-0.138,"bajo"
"ceñudo","frowning","anger",-0.612,0.164,0,"medio"
"ceñudo","frowning","disgust",-0.612,0.164,0,"medio"
"ceñudo","frowning","sadness",-0.612,0.164,0,"medio"
"cercado","fenced","anger",-0.354,-0.14,-0.142,"medio"
"cercanía","closeness","joy",0.592,-0.526,-0.1,"bajo"
"cercanía","closeness","trust",0.592,-0.526,-0.1,"bajo"
"cerdo","hog","disgust",-0.366,0.018,-0.458,"medio"
"cerdo","swine","disgust",-0.32,0.038,-0.446,"medio"
"cerdo","pig","disgust",-0.314,-0.264,-0.352,"medio"
"ceremonia","ceremony","joy",0.52,0.118,0.522,"medio"
"ceremonia","ceremony","surprise",0.52,0.118,0.522,"medio"
"certificar","certify","trust",0.732,-0.2,0.492,"medio"
"cerveza","beer","joy",0.184,0.308,0,"medio"
"cesionario","assignee","trust",0.02,-0.076,0.02,"medio"
"chantaje","blackmail","anger",-0.812,0.604,-0.036,"alto"
"chantaje","blackmail","fear",-0.812,0.604,-0.036,"alto"
"chapoteando","dabbling","anger",0.124,0.452,0.352,"alto"
"chapoteando","dabbling","disgust",0.124,0.452,0.352,"alto"
"chapoteo","splash","surprise",0.042,-0.176,-0.438,"medio"
"chillido","screech","fear",-0.619,0.802,-0.485,"alto"
"chillido","screech","surprise",-0.619,0.802,-0.485,"alto"
"chirrido","chirp","joy",-0.062,0.204,-0.27,"medio"
"chisporrotear","sizzle","anger",-0.146,0.408,-0.264,"alto"
"chivo expiatorio","scapegoat","anger",-0.632,0.37,-0.038,"alto"
"chivo expiatorio","scapegoat","fear",-0.632,0.37,-0.038,"alto"
"chocando","clashing","anger",-0.646,0.528,0.15,"alto"
"chocando","clashing","fear",-0.646,0.528,0.15,"alto"
"chocolate","chocolate","anticipation",0.77,-0.04,-0.164,"medio"
"chocolate","chocolate","joy",0.77,-0.04,-0.164,"medio"
"chocolate","chocolate","trust",0.77,-0.04,-0.164,"medio"
"choque","clash","anger",-0.414,0.836,-0.094,"alto"
"choque","shock","anger",-0.428,0.642,-0.094,"alto"
"choque","crash","fear",-0.612,0.812,-0.29,"alto"
"choque","shock","fear",-0.428,0.642,-0.094,"alto"
"choque","crash","sadness",-0.612,0.812,-0.29,"alto"
"choque","crash","surprise",-0.612,0.812,-0.29,"alto"
"choque","shock","surprise",-0.428,0.642,-0.094,"alto"
"chorro","gush","disgust",0.02,-0.02,-0.238,"medio"
"chorro","gush","joy",0.02,-0.02,-0.238,"medio"
"choza","shack","disgust",-0.208,-0.15,-0.322,"medio"
"choza","shack","sadness",-0.208,-0.15,-0.322,"medio"
"chubasco","squall","fear",-0.618,0.666,0.31,"alto"
"chubasco","squall","sadness",-0.618,0.666,0.31,"alto"
"chusma","rabble","anger",-0.632,0.204,-0.416,"medio"
"chusma","rabble","fear",-0.632,0.204,-0.416,"medio"
"cianuro","cyanide","fear",-0.542,0.334,0.09,"alto"
"cicatriz","scar","anger",-0.708,0,-0.206,"medio"
"cicatriz","scar","disgust",-0.708,0,-0.206,"medio"
"cicatriz","scar","fear",-0.708,0,-0.206,"medio"
"cicatriz","scar","sadness",-0.708,0,-0.206,"medio"
"cicatrización","healing","anticipation",0.5,-0.096,0.17,"medio"
"cicatrización","healing","joy",0.5,-0.096,0.17,"medio"
"cicatrización","healing","trust",0.5,-0.096,0.17,"medio"
"ciclón","cyclone","fear",-0.168,0.79,0.346,"alto"
"ciclón","cyclone","surprise",-0.168,0.79,0.346,"alto"
"Cielos","heavens","joy",0.612,-0.454,0.366,"bajo"
"Cielos","heavens","trust",0.612,-0.454,0.366,"bajo"
"científico","scientist","anticipation",0.124,0,0.58,"medio"
"científico","scientific","trust",0.306,0.02,0.672,"medio"
"científico","scientist","trust",0.124,0,0.58,"medio"
"cierre","closure","anticipation",-0.542,-0.56,-0.176,"bajo"
"cierre","closure","joy",-0.542,-0.56,-0.176,"bajo"
"cierre","closure","sadness",-0.542,-0.56,-0.176,"bajo"
"ciertamente","assuredly","trust",0.572,-0.208,0.666,"medio"
"cinta","ribbon","anger",0.438,-0.424,-0.286,"bajo"
"cinta","ribbon","anticipation",0.438,-0.424,-0.286,"bajo"
"cinta","ribbon","joy",0.438,-0.424,-0.286,"bajo"
"cinturón","belt","anger",0.082,-0.356,-0.11,"bajo"
"cinturón","belt","fear",0.082,-0.356,-0.11,"bajo"
"cirugía","surgery","fear",-0.428,0.538,0.2,"alto"
"cirugía","surgery","sadness",-0.428,0.538,0.2,"alto"
"cisma","schism","anger",-0.44,0.138,-0.228,"medio"
"cístico","cystic","disgust",-0.372,-0.038,-0.2,"medio"
"citomegalovirus","cytomegalovirus","sadness",-0.628,0.314,-0.114,"medio"
"civilización","civilization","trust",0.646,-0.096,0.678,"medio"
"civilizado","civilized","joy",0.584,-0.538,0.592,"bajo"
"civilizado","civilized","trust",0.584,-0.538,0.592,"bajo"
"clamor","clamor","anger",-0.124,0.286,-0.28,"medio"
"clamor","clamor","anticipation",-0.124,0.286,-0.28,"medio"
"clamor","clamor","disgust",-0.124,0.286,-0.28,"medio"
"clamor","clamor","surprise",-0.124,0.286,-0.28,"medio"
"clan","clan","trust",0.124,-0.018,0.372,"medio"
"clásicos","classics","joy",0.5,-0.334,0.02,"bajo"
"clasificación","rating","anger",0.326,0.358,0.274,"alto"
"clasificación","rating","fear",0.326,0.358,0.274,"alto"
"clasificación","rating","sadness",0.326,0.358,0.274,"alto"
"clave","clue","anticipation",0.306,-0.24,-0.176,"medio"
"clerical","clerical","trust",0.04,-0.208,-0.018,"medio"
"clímax","climax","anticipation",0.47,0.706,0.334,"alto"
"clímax","climax","joy",0.47,0.706,0.334,"alto"
"clímax","climax","surprise",0.47,0.706,0.334,"alto"
"clímax","climax","trust",0.47,0.706,0.334,"alto"
"coacción","duress","anger",-0.396,0.138,0.224,"medio"
"coacción","duress","disgust",-0.396,0.138,0.224,"medio"
"coacción","duress","fear",-0.396,0.138,0.224,"medio"
"coacción","duress","sadness",-0.396,0.138,0.224,"medio"
"cobarde","coward","disgust",-0.796,-0.02,-0.702,"medio"
"cobarde","coward","fear",-0.796,-0.02,-0.702,"medio"
"cobarde","coward","sadness",-0.796,-0.02,-0.702,"medio"
"cobardemente","cowardly","fear",-0.796,-0.23,-0.746,"medio"
"cobardía","cowardice","fear",-0.734,0.242,-0.666,"medio"
"cobija","blanket","trust",0.48,-0.736,-0.218,"bajo"
"cobra","cobra","fear",-0.522,1,0.857,"alto"
"cobrable","chargeable","fear",0.102,0.1,-0.094,"medio"
"cobrable","chargeable","sadness",0.102,0.1,-0.094,"medio"
"cocaína","cocaine","sadness",-0.688,0.68,-0.254,"alto"
"coche de turismo","roadster","joy",0.062,0.244,-0.054,"medio"
"coche de turismo","roadster","trust",0.062,0.244,-0.054,"medio"
"coche fúnebre","hearse","fear",-0.646,-0.02,-0.352,"medio"
"coche fúnebre","hearse","sadness",-0.646,-0.02,-0.352,"medio"
"cocodrilo","crocodile","fear",-0.312,0.416,0.22,"alto"
"codicia","greed","anger",-0.654,0.56,0.056,"alto"
"codicia","greed","disgust",-0.654,0.56,0.056,"alto"
"codicioso","greedy","disgust",-0.75,0.32,-0.048,"medio"
"codo","elbow","anger",-0.104,-0.734,-0.492,"bajo"
"codorniz","quail","fear",0,-0.364,-0.426,"bajo"
"coerción","coercion","anger",-0.34,0.416,0.154,"alto"
"coerción","coercion","disgust",-0.34,0.416,0.154,"alto"
"coerción","coercion","fear",-0.34,0.416,0.154,"alto"
"coerción","coercion","sadness",-0.34,0.416,0.154,"alto"
"coexistiendo","coexisting","trust",0.102,-0.302,0.296,"medio"
"coexistir","coexist","trust",0.416,-0.08,0.072,"medio"
"coger","nab","surprise",-0.062,0.088,-0.186,"medio"
"cohesión","cohesion","trust",0.208,0.072,0.11,"medio"
"cohesivo","cohesive","trust",0.062,-0.06,0.206,"medio"
"cohete","rocket","anger",0.328,0.648,0.548,"alto"
"coincidencia","coincidence","surprise",0.224,-0.1,0.036,"medio"
"colaborador","collaborator","trust",0.458,-0.36,0.538,"bajo"
"colapsar","collapse","disgust",-0.584,0.378,-0.316,"alto"
"colapsar","collapse","fear",-0.584,0.378,-0.316,"alto"
"colapsar","collapse","sadness",-0.584,0.378,-0.316,"alto"
"colateral","collateral","trust",0.062,-0.156,0.434,"medio"
"colectivamente","collectively","trust",0.634,0.146,0.066,"medio"
"cólera","cholera","disgust",-0.96,0.734,0.014,"alto"
"cólera","cholera","fear",-0.96,0.734,0.014,"alto"
"cólera","cholera","sadness",-0.96,0.734,0.014,"alto"
"colgando","hanging","anger",-0.244,-0.058,-0.222,"medio"
"colgando","hanging","disgust",-0.244,-0.058,-0.222,"medio"
"colgando","hanging","fear",-0.244,-0.058,-0.222,"medio"
"colgando","hanging","sadness",-0.244,-0.058,-0.222,"medio"
"colisión","collision","anger",-0.51,0.696,0.17,"alto"
"colmillo","fang","fear",-0.65,-0.018,-0.09,"medio"
"colmillos","fangs","fear",-0.428,0.196,-0.132,"medio"
"columna vertebral","backbone","anger",0.076,-0.072,0.24,"medio"
"columna vertebral","spine","anger",-0.01,-0.078,0.2,"medio"
"columna vertebral","backbone","trust",0.076,-0.072,0.24,"medio"
"colusión","collusion","anger",-0.27,0.02,-0.2,"medio"
"colusión","collusion","disgust",-0.27,0.02,-0.2,"medio"
"colusión","collusion","fear",-0.27,0.02,-0.2,"medio"
"colusión","collusion","sadness",-0.27,0.02,-0.2,"medio"
"coma","coma","fear",-0.562,-0.49,-0.396,"bajo"
"coma","coma","sadness",-0.562,-0.49,-0.396,"bajo"
"comandante","commandant","trust",0.244,0.4,0.886,"alto"
"comatoso","comatose","fear",-0.714,-0.124,-0.134,"medio"
"comatoso","comatose","sadness",-0.714,-0.124,-0.134,"medio"
"combate","combat","anger",-0.396,0.692,0.666,"alto"
"combate","bout","anger",-0.584,0.616,0.358,"alto"
"combate","combat","fear",-0.396,0.692,0.666,"alto"
"combatiente","combatant","anger",0.062,0.706,0.56,"alto"
"combatiente","combatant","fear",0.062,0.706,0.56,"alto"
"combativo","combative","anger",-0.238,0.38,0.632,"alto"
"combativo","combative","fear",-0.238,0.38,0.632,"alto"
"comenzado","begun","anticipation",0.354,0,-0.192,"medio"
"comerciante","merchant","trust",0.35,0,0.24,"medio"
"comercio","trade","trust",0.122,0.088,0.38,"medio"
"comercio","commerce","trust",0.292,0,0.576,"medio"
"cometa","kite","disgust",0.286,0,0.146,"medio"
"cómico","laughable","disgust",0.184,0.254,-0.404,"medio"
"comienzo","start","anticipation",0.368,-0.14,0.178,"medio"
"comienzo","onset","anticipation",0.346,-0.006,0,"medio"
"comisión","commission","trust",0.354,-0.04,0.142,"medio"
"comité","committee","trust",0.184,-0.216,0.442,"medio"
"comodidad","comfort","anticipation",0.726,-0.538,0.34,"bajo"
"comodidad","comfort","joy",0.726,-0.538,0.34,"bajo"
"comodidad","comfort","trust",0.726,-0.538,0.34,"bajo"
"comodoro","commodore","trust",-0.146,0.06,0.272,"medio"
"compacto","compact","trust",-0.084,-0.166,0.346,"medio"
"compadecerse","sympathize","sadness",0.54,0.254,0.288,"medio"
"compañero","companion","joy",0.54,-0.246,0.236,"medio"
"compañero","companion","trust",0.54,-0.246,0.236,"medio"
"compañero","fellow","trust",0.49,-0.404,0.14,"bajo"
"compañero","mate","trust",0.694,-0.166,0.338,"medio"
"compasión","compassion","fear",0.47,-0.484,0.018,"bajo"
"compasión","sympathy","sadness",0.654,-0.006,0.268,"medio"
"compatriota","countryman","trust",0.346,-0.118,0.578,"medio"
"compensar","offset","anticipation",0.438,-0.212,0.408,"medio"
"compensar","compensate","anticipation",0.224,-0.142,0.524,"medio"
"compensar","compensate","joy",0.224,-0.142,0.524,"medio"
"compensar","compensate","surprise",0.224,-0.142,0.524,"medio"
"compensar","compensate","trust",0.224,-0.142,0.524,"medio"
"competencia","competition","anticipation",0.16,0.58,0.596,"alto"
"competencia","proficiency","anticipation",0.334,0.714,0.608,"alto"
"competencia","proficiency","joy",0.334,0.714,0.608,"alto"
"competencia","proficiency","surprise",0.334,0.714,0.608,"alto"
"competencia","competence","trust",0.23,0.604,0.589,"alto"
"competencia","competency","trust",0.536,0.55,0.528,"alto"
"competencia","proficiency","trust",0.334,0.714,0.608,"alto"
"competente","competent","trust",0.73,0.12,0.808,"medio"
"competente","proficient","trust",0.708,-0.078,0.634,"medio"
"complementar","complement","anticipation",0.52,-0.446,0.2,"bajo"
"complementar","complement","joy",0.52,-0.446,0.2,"bajo"
"complementar","complement","surprise",0.52,-0.446,0.2,"bajo"
"complementar","complement","trust",0.52,-0.446,0.2,"bajo"
"completamente","downright","trust",0.25,-0.092,0.358,"medio"
"completamente","fully","trust",0.526,-0.1,0.558,"medio"
"completando","completing","anticipation",0.228,0,0.538,"medio"
"completando","completing","joy",0.228,0,0.538,"medio"
"complicar","complicate","anger",-0.58,0.314,-0.192,"medio"
"compost","compost","disgust",-0.04,-0.192,-0.118,"medio"
"compras","shopping","anticipation",0.83,-0.11,0.26,"medio"
"compras","shopping","joy",0.83,-0.11,0.26,"medio"
"compras","shopping","surprise",0.83,-0.11,0.26,"medio"
"compras","shopping","trust",0.83,-0.11,0.26,"medio"
"comprensión","understanding","trust",0.73,-0.392,0.378,"bajo"
"comprimir","compress","anger",-0.188,-0.176,-0.08,"medio"
"comprometido","engaged","anticipation",0.674,0.192,0.698,"medio"
"comprometido","engaged","joy",0.674,0.192,0.698,"medio"
"comprometido","committed","trust",0.42,0.084,0.424,"medio"
"comprometido","engaged","trust",0.674,0.192,0.698,"medio"
"compromiso","committal","sadness",-0.056,0.038,0.164,"medio"
"compulsión","compulsion","anger",-0.764,0.52,0.208,"alto"
"comunicación","communication","trust",0.674,-0.2,0.298,"medio"
"comunicar","communicate","trust",0.646,-0.18,0.392,"medio"
"comunión","communion","joy",0.53,-0.286,0.214,"medio"
"comunión","communion","trust",0.53,-0.286,0.214,"medio"
"comunismo","communism","anger",-0.472,0.14,0.246,"medio"
"comunismo","communism","fear",-0.472,0.14,0.246,"medio"
"comunismo","communism","sadness",-0.472,0.14,0.246,"medio"
"Con","feat","anticipation",0.5,0.412,0.698,"alto"
"Con","feat","joy",0.5,0.412,0.698,"alto"
"Con","feat","surprise",0.5,0.412,0.698,"alto"
"con cansancio","wearily","sadness",-0.346,-0.428,-0.744,"bajo"
"con crueldad","cruelly","anger",-0.708,0.58,-0.058,"alto"
"con crueldad","cruelly","fear",-0.708,0.58,-0.058,"alto"
"con miedo","fearfully","fear",-0.776,0.134,-0.458,"medio"
"con miedo","fearfully","sadness",-0.776,0.134,-0.458,"medio"
"con miedo","fearfully","surprise",-0.776,0.134,-0.458,"medio"
"conciencia","conscience","trust",0.326,-0.25,0.442,"medio"
"concienzudo","conscientious","trust",0.376,-0.192,0.376,"medio"
"conciliación","conciliation","joy",0.584,-0.05,0.452,"medio"
"conciliación","conciliation","trust",0.584,-0.05,0.452,"medio"
"concordancia","concordance","trust",0.25,-0.284,0.216,"medio"
"concordia","concord","trust",0.354,-0.36,0.172,"bajo"
"concusión","concussion","anger",-0.856,0.416,-0.036,"alto"
"concusión","concussion","sadness",-0.856,0.416,-0.036,"alto"
"condado","county","trust",-0.042,-0.264,0.09,"medio"
"condenación","condemnation","anger",-0.734,0.45,-0.102,"alto"
"condenación","damnation","anger",-0.73,0.5,-0.168,"alto"
"condenación","condemnation","anticipation",-0.734,0.45,-0.102,"alto"
"condenación","condemnation","disgust",-0.734,0.45,-0.102,"alto"
"condenación","condemnation","fear",-0.734,0.45,-0.102,"alto"
"condenación","damnation","fear",-0.73,0.5,-0.168,"alto"
"condenación","damnation","sadness",-0.73,0.5,-0.168,"alto"
"condenación","condemnation","sadness",-0.734,0.45,-0.102,"alto"
"condenado","doomed","fear",-0.918,0.51,-0.398,"alto"
"condenado","doomed","sadness",-0.918,0.51,-0.398,"alto"
"condenar","condemn","anger",-0.796,0.586,0.25,"alto"
"condenar","convict","anger",-0.646,0.68,-0.046,"alto"
"condenar","convict","disgust",-0.646,0.68,-0.046,"alto"
"condenar","doom","fear",-0.854,0.5,-0.116,"alto"
"condenar","convict","fear",-0.646,0.68,-0.046,"alto"
"condenar","convict","sadness",-0.646,0.68,-0.046,"alto"
"condescendencia","condescension","anger",0.042,-0.246,0.13,"medio"
"condescendencia","condescension","disgust",0.042,-0.246,0.13,"medio"
"condescendencia","condescension","sadness",0.042,-0.246,0.13,"medio"
"condición","proviso","trust",-0.164,-0.188,0.138,"medio"
"condolencia","condolence","sadness",-0.48,-0.114,-0.192,"medio"
"conectado a tierra","grounded","fear",0.062,0.202,0.018,"medio"
"conectado a tierra","grounded","sadness",0.062,0.202,0.018,"medio"
"conectivo","connective","trust",0.438,-0.018,0.528,"medio"
"confederado","confederate","trust",0.102,0.092,0.584,"medio"
"confesar","confess","trust",-0.28,0.424,-0.138,"alto"
"confesión","confession","anticipation",-0.062,0.284,-0.08,"medio"
"confesión","confession","fear",-0.062,0.284,-0.08,"medio"
"confesión","confession","sadness",-0.062,0.284,-0.08,"medio"
"confesión","confession","surprise",-0.062,0.284,-0.08,"medio"
"confesional","confessional","fear",-0.084,-0.216,0.258,"medio"
"confesional","confessional","trust",-0.084,-0.216,0.258,"medio"
"confianza","confidence","fear",0.918,-0.448,0.886,"bajo"
"confianza","confidence","joy",0.918,-0.448,0.886,"bajo"
"confianza","confidence","trust",0.918,-0.448,0.886,"bajo"
"confianza","trust","trust",0.776,0.094,0.482,"medio"
"confiar","confide","trust",0.338,-0.056,0.19,"medio"
"confiar","entrust","trust",0.386,-0.38,0.26,"bajo"
"confidencial","confidential","trust",0.286,-0.058,0.522,"medio"
"confidencialmente","confidentially","trust",0.266,-0.062,0.116,"medio"
"confidente","confident","joy",0.53,-0.352,0.446,"bajo"
"confidente","confident","trust",0.53,-0.352,0.446,"bajo"
"confinado","confined","anger",-0.428,-0.056,-0.112,"medio"
"confinado","confined","disgust",-0.428,-0.056,-0.112,"medio"
"confinado","confined","fear",-0.428,-0.056,-0.112,"medio"
"confinado","confined","sadness",-0.428,-0.056,-0.112,"medio"
"confinamiento","confinement","anger",-0.334,0.312,0.04,"medio"
"confinamiento","confinement","fear",-0.334,0.312,0.04,"medio"
"confinamiento","confinement","sadness",-0.334,0.312,0.04,"medio"
"confinar","confine","anger",-0.346,0.102,0.076,"medio"
"confinar","confine","fear",-0.346,0.102,0.076,"medio"
"confinar","confine","sadness",-0.346,0.102,0.076,"medio"
"confirmación","confirmation","trust",0.648,-0.04,0.384,"medio"
"confirmado","confirmed","trust",0.52,-0.02,0.528,"medio"
"confiscar","confiscate","anger",-0.5,0.25,-0.036,"medio"
"confiscar","seize","fear",0.312,0.288,0.346,"medio"
"confiscar","confiscate","sadness",-0.5,0.25,-0.036,"medio"
"conflagración","conflagration","anger",-0.312,0.442,0.188,"alto"
"conflagración","conflagration","fear",-0.312,0.442,0.188,"alto"
"conflicto","conflict","anger",-0.33,0.812,-0.058,"alto"
"conflicto","conflict","fear",-0.33,0.812,-0.058,"alto"
"conflicto","conflict","sadness",-0.33,0.812,-0.058,"alto"
"conformidad","conformity","trust",0.29,-0.274,0.158,"medio"
"confrontar","confront","anger",-0.438,0.52,0.492,"alto"
"confusión","turmoil","anger",-0.604,0.776,-0.166,"alto"
"confusión","confusion","anger",-0.49,0.334,-0.446,"alto"
"confusión","turmoil","fear",-0.604,0.776,-0.166,"alto"
"confusión","confusion","fear",-0.49,0.334,-0.446,"alto"
"confusión","turmoil","sadness",-0.604,0.776,-0.166,"alto"
"conglomerado","conglomerate","trust",0,0,0.676,"medio"
"congratulatorio","congratulatory","joy",0.918,0.232,0.378,"medio"
"congregación","congregation","trust",0.122,-0.02,0.4,"medio"
"congresista","congressman","trust",-0.124,-0.058,0.754,"medio"
"congreso","congress","disgust",-0.102,-0.112,0.714,"medio"
"congreso","congress","trust",-0.102,-0.112,0.714,"medio"
"congruencia","congruence","trust",0.312,-0.056,0.154,"medio"
"conjetura","conjecture","anticipation",-0.208,-0.204,0.068,"medio"
"conjunto","ensemble","trust",0.394,-0.164,0.172,"medio"
"conjurar","conjure","anticipation",-0.23,0.358,0.29,"alto"
"conjurar","conjure","surprise",-0.23,0.358,0.29,"alto"
"conmemoración","commemoration","anticipation",0.438,0.23,0.508,"medio"
"conmemoración","commemoration","joy",0.438,0.23,0.508,"medio"
"conmemorar","commemorate","anticipation",0.666,0.435,0.386,"alto"
"conmemorar","commemorate","joy",0.666,0.435,0.386,"alto"
"conmemorar","commemorate","sadness",0.666,0.435,0.386,"alto"
"conmemorativo","commemorative","anticipation",0.5,-0.124,0.508,"medio"
"conmoción","commotion","anger",-0.02,0.4,0.292,"alto"
"conocedor","connoisseur","joy",0.52,-0.078,0.538,"medio"
"conocedor","connoisseur","trust",0.52,-0.078,0.538,"medio"
"conquista","conquest","anger",0.42,0.404,0.666,"alto"
"conquista","conquest","fear",0.42,0.404,0.666,"alto"
"consagración","consecration","anticipation",0.542,-0.164,0.608,"medio"
"consagración","consecration","joy",0.542,-0.164,0.608,"medio"
"consagración","consecration","sadness",0.542,-0.164,0.608,"medio"
"consagración","consecration","trust",0.542,-0.164,0.608,"medio"
"consejero","counsellor","anger",0.646,-0.346,0.48,"bajo"
"consejero","counsellor","fear",0.646,-0.346,0.48,"bajo"
"consejero","counselor","trust",0.746,-0.27,0.412,"medio"
"consejero","counsellor","trust",0.646,-0.346,0.48,"bajo"
"consejo","counsel","trust",0.188,0.038,0.46,"medio"
"consejo","advise","trust",0.52,-0.214,0.41,"medio"
"consejo","advice","trust",0.396,-0.184,0.376,"medio"
"Consejo","council","anticipation",0.75,-0.442,0.27,"bajo"
"Consejo","council","trust",0.75,-0.442,0.27,"bajo"
"conserje","janitor","disgust",0.02,-0.3,0.054,"medio"
"conservación","conservation","anticipation",0.664,-0.198,0.212,"medio"
"conservación","conservation","trust",0.664,-0.198,0.212,"medio"
"considerado","considerate","trust",0.562,-0.24,0.266,"medio"
"consiguiente","consequent","anticipation",0.326,-0.058,0.25,"medio"
"consistencia","consistency","trust",0.428,0,0.774,"medio"
"consola","console","sadness",0.25,-0.204,-0.17,"medio"
"consorte","consort","trust",0.264,0.018,0.26,"medio"
"conspiración","conspiracy","fear",-0.75,0.574,0.304,"alto"
"conspirador","conspirator","anger",-0.458,0.572,0.414,"alto"
"conspirador","conspirator","anticipation",-0.458,0.572,0.414,"alto"
"conspirador","conspirator","disgust",-0.458,0.572,0.414,"alto"
"conspirador","conspirator","fear",-0.458,0.572,0.414,"alto"
"conspirar","conspire","fear",-0.588,0.48,0.04,"alto"
"constancia","constancy","trust",0.572,-0.114,0.526,"medio"
"constante","constant","trust",0.48,-0.408,0.372,"bajo"
"constantemente","constantly","trust",0.326,0.122,0.4,"medio"
"consternación","dismay","anger",-0.372,0.362,-0.082,"alto"
"consternación","consternation","anger",-0.537,0.36,-0.062,"alto"
"consternación","dismay","anticipation",-0.372,0.362,-0.082,"alto"
"consternación","dismay","fear",-0.372,0.362,-0.082,"alto"
"consternación","consternation","fear",-0.537,0.36,-0.062,"alto"
"consternación","dismay","sadness",-0.372,0.362,-0.082,"alto"
"consternación","dismay","surprise",-0.372,0.362,-0.082,"alto"
"constitucional","constitutional","trust",0.266,-0.164,0.654,"medio"
"constituir","constitute","trust",0.624,-0.302,0.812,"medio"
"constreñir","constrain","fear",-0.478,0,0,"medio"
"cónsul","consul","trust",0.146,-0.292,0.376,"medio"
"consulta","inquiry","anticipation",0.082,-0.16,0.072,"medio"
"consultar","consult","trust",0.51,-0.26,-0.118,"medio"
"contador","accountant","trust",0.25,-0.1,0.278,"medio"
"contagio","contagion","anticipation",-0.584,0.26,0.07,"medio"
"contagio","contagion","disgust",-0.584,0.26,0.07,"medio"
"contagio","contagion","fear",-0.584,0.26,0.07,"medio"
"contagioso","contagious","disgust",-0.632,0.45,-0.2,"alto"
"contagioso","contagious","fear",-0.632,0.45,-0.2,"alto"
"contaminación","pollution","disgust",-0.876,0.388,-0.11,"alto"
"contaminación","contamination","disgust",-0.75,0.22,-0.25,"medio"
"contaminado","contaminated","disgust",-0.92,0,-0.264,"medio"
"contaminado","contaminated","fear",-0.92,0,-0.264,"medio"
"contaminado","contaminated","sadness",-0.92,0,-0.264,"medio"
"contaminar","contaminate","disgust",-0.86,0.445,-0.296,"alto"
"contaminar","pollute","disgust",-0.654,0.32,-0.04,"medio"
"contar","count","trust",0.188,-0.222,-0.016,"medio"
"contencioso","contentious","anger",-0.156,0.146,0.274,"medio"
"contencioso","contentious","disgust",-0.156,0.146,0.274,"medio"
"contencioso","contentious","fear",-0.156,0.146,0.274,"medio"
"contener","restrain","anger",-0.732,0.392,-0.132,"alto"
"contener","restrain","fear",-0.732,0.392,-0.132,"alto"
"contenido","restrained","fear",-0.292,0.18,0.018,"medio"
"contenido","content","joy",0.528,-0.408,0.118,"bajo"
"contenido","content","trust",0.528,-0.408,0.118,"bajo"
"contento","glad","anticipation",0.876,0.52,0.48,"alto"
"contento","delighted","anticipation",0.938,0.944,0.122,"alto"
"contento","happy","anticipation",0.985,0.47,0.39,"alto"
"contento","happy","joy",0.985,0.47,0.39,"alto"
"contento","glad","joy",0.876,0.52,0.48,"alto"
"contento","delighted","joy",0.938,0.944,0.122,"alto"
"contento","delighted","surprise",0.938,0.944,0.122,"alto"
"contento","happy","trust",0.985,0.47,0.39,"alto"
"contingente","contingent","anticipation",-0.06,0.062,0.318,"medio"
"continuación","continuation","anticipation",0.23,-0.06,0.132,"medio"
"continuación","sequel","anticipation",0.3,-0.04,0.148,"medio"
"continuar","dragon","fear",0.082,0.642,0.424,"alto"
"contrabandista","smuggler","anger",-0.876,0.734,0.29,"alto"
"contrabandista","smuggler","disgust",-0.876,0.734,0.29,"alto"
"contrabandista","smuggler","fear",-0.876,0.734,0.29,"alto"
"contrabando","contraband","anger",-0.646,0.75,0.34,"alto"
"contrabando","contraband","disgust",-0.646,0.75,0.34,"alto"
"contrabando","contraband","fear",-0.646,0.75,0.34,"alto"
"contradecir","contradict","anger",-0.68,0.196,-0.036,"medio"
"contraerse de dolor","wince","anger",-0.428,-0.17,-0.412,"medio"
"contraerse de dolor","wince","disgust",-0.428,-0.17,-0.412,"medio"
"contraerse de dolor","wince","fear",-0.428,-0.17,-0.412,"medio"
"contraerse de dolor","wince","sadness",-0.428,-0.17,-0.412,"medio"
"contralor","comptroller","trust",-0.196,-0.038,0.732,"medio"
"contrario","averse","anger",-0.494,0.138,-0.016,"medio"
"contrario","averse","disgust",-0.494,0.138,-0.016,"medio"
"contrario","averse","fear",-0.494,0.138,-0.016,"medio"
"contratar","hire","anticipation",0.376,0.116,0.112,"medio"
"contratar","hire","joy",0.376,0.116,0.112,"medio"
"contratar","hire","trust",0.376,0.116,0.112,"medio"
"contribuyente","contributor","trust",0.688,0.02,0.52,"medio"
"controversial","controversial","anger",-0.458,0.716,0.076,"alto"
"convencer","convince","anticipation",0.416,0.078,0.526,"medio"
"convencer","convince","trust",0.416,0.078,0.526,"medio"
"convencido","convinced","trust",0.5,0,0.26,"medio"
"conveniente","expedient","joy",0.77,-0.078,-0.092,"medio"
"conveniente","expedient","trust",0.77,-0.078,-0.092,"medio"
"convenio","agreement","trust",0.52,-0.12,0.472,"medio"
"convento","convent","trust",-0.04,-0.566,0.188,"bajo"
"convergencia","convergence","anticipation",0.102,-0.018,0.25,"medio"
"convincente","cogent","trust",0.53,-0.042,0.672,"medio"
"Convincente","convincing","trust",0.52,0.054,0.8,"medio"
"convulsión","upheaval","anger",-0.42,0.66,0.14,"alto"
"convulsión","upheaval","fear",-0.42,0.66,0.14,"alto"
"convulsión","upheaval","sadness",-0.42,0.66,0.14,"alto"
"cooperación","cooperation","trust",0.694,-0.054,0.372,"medio"
"cooperando","cooperating","trust",0.52,-0.22,0.386,"medio"
"cooperativa","coop","anger",0.224,-0.11,0.3,"medio"
"cooperativa","coop","disgust",0.224,-0.11,0.3,"medio"
"cooperativa","cooperative","trust",0.632,-0.078,0.34,"medio"
"coral","choral","joy",0.704,-0.42,-0.158,"bajo"
"cordero","lamb","joy",0.292,-0.432,-0.358,"bajo"
"cordero","lamb","trust",0.292,-0.432,-0.358,"bajo"
"cordón","lace","anger",0.25,-0.6,-0.414,"bajo"
"cordón","lace","fear",0.25,-0.6,-0.414,"bajo"
"cordón","lace","sadness",0.25,-0.6,-0.414,"bajo"
"cordón","lace","trust",0.25,-0.6,-0.414,"bajo"
"cornudo","cuckold","disgust",-0.58,0.146,-0.54,"medio"
"coro","choir","joy",0.408,-0.404,-0.054,"bajo"
"coro","choir","trust",0.408,-0.404,-0.054,"bajo"
"coronación","coronation","joy",0.584,0.184,0.672,"medio"
"coronación","coronation","trust",0.584,0.184,0.672,"medio"
"coronamiento","crowning","anticipation",0.546,0.188,0.662,"medio"
"coronamiento","crowning","joy",0.546,0.188,0.662,"medio"
"coronamiento","crowning","surprise",0.546,0.188,0.662,"medio"
"coronamiento","crowning","trust",0.546,0.188,0.662,"medio"
"coronel","colonel","trust",-0.082,0.184,0.78,"medio"
"corporación","corporation","trust",-0.142,-0.336,0.746,"bajo"
"correo","mail","anticipation",0.23,-0.538,0.096,"bajo"
"correspondencia","correspondence","anticipation",0.326,-0.154,-0.018,"medio"
"corroboración","corroboration","trust",0.25,-0.138,0.466,"medio"
"corroborar","corroborate","trust",0.342,-0.058,0.232,"medio"
"corrompiendo","corrupting","anger",-0.876,0.608,-0.24,"alto"
"corrompiendo","corrupting","disgust",-0.876,0.608,-0.24,"alto"
"corrompiendo","corrupting","fear",-0.876,0.608,-0.24,"alto"
"corrompiendo","corrupting","sadness",-0.876,0.608,-0.24,"alto"
"corrosivo","corrosive","fear",-0.72,0.236,0.14,"medio"
"corrupción","corruption","disgust",-0.896,0.66,0.098,"alto"
"corso","corse","sadness",-0.104,-0.098,-0.236,"medio"
"cortador","cutter","fear",-0.146,0.462,0.166,"alto"
"cortar","pare","anger",0,-0.288,-0.382,"medio"
"cortar","pare","anticipation",0,-0.288,-0.382,"medio"
"cortar","pare","fear",0,-0.288,-0.382,"medio"
"cortar","pare","sadness",0,-0.288,-0.382,"medio"
"corte","cutting","anger",-0.104,-0.25,0.072,"medio"
"corte","cutting","disgust",-0.104,-0.25,0.072,"medio"
"corte","cutting","fear",-0.104,-0.25,0.072,"medio"
"corte","cutting","sadness",-0.104,-0.25,0.072,"medio"
"cosecha","harvest","anticipation",0.562,-0.294,0.096,"medio"
"cosecha","harvest","joy",0.562,-0.294,0.096,"medio"
"cosmopolita","cosmopolitan","trust",0.646,0.02,0.52,"medio"
"cosquillas","tickle","anticipation",0.52,0.454,-0.316,"alto"
"cosquillas","tickle","joy",0.52,0.454,-0.316,"alto"
"cosquillas","tickle","surprise",0.52,0.454,-0.316,"alto"
"cosquillas","tickle","trust",0.52,0.454,-0.316,"alto"
"costado","broadside","anticipation",-0.082,-0.368,-0.076,"bajo"
"cotizar","quote","anticipation",0.36,0.1,-0.14,"medio"
"cotizar","quote","surprise",0.36,0.1,-0.14,"medio"
"coyote","coyote","fear",-0.082,-0.058,-0.226,"medio"
"crear","create","joy",0.572,0.176,0.578,"medio"
"crecer","grow","anticipation",0.828,0.23,0.51,"medio"
"crecer","grow","joy",0.828,0.23,0.51,"medio"
"crecer","grow","trust",0.828,0.23,0.51,"medio"
"creciente","rising","anticipation",0.5,0.204,0.392,"medio"
"creciente","rising","joy",0.5,0.204,0.392,"medio"
"credencial","credential","trust",0.47,-0.326,0.194,"medio"
"credibilidad","credibility","trust",0.854,-0.264,0.679,"medio"
"crédito","credence","trust",0.52,-0.08,0.474,"medio"
"crédito","credit","trust",0.346,0.098,0.296,"medio"
"crédulo","gullible","sadness",-0.12,-0.116,-0.364,"medio"
"crédulo","gullible","trust",-0.12,-0.116,-0.364,"medio"
"creía","believed","trust",0,0.124,0.094,"medio"
"creíble","credible","trust",0.834,-0.118,0.5,"medio"
"crema","cream","anticipation",0.376,-0.482,-0.56,"bajo"
"crema","cream","joy",0.376,-0.482,-0.56,"bajo"
"crema","cream","surprise",0.376,-0.482,-0.56,"bajo"
"cremación","cremation","sadness",-0.832,0.24,-0.16,"medio"
"crescendo","crescendo","anticipation",0.52,0.15,0.188,"medio"
"crescendo","crescendo","joy",0.52,0.15,0.188,"medio"
"crescendo","crescendo","surprise",0.52,0.15,0.188,"medio"
"crescendo","crescendo","trust",0.52,0.15,0.188,"medio"
"creyendo","believing","trust",0.74,-0.164,0.666,"medio"
"creyente","believer","trust",0.45,-0.11,0.128,"medio"
"criatura","creature","disgust",0.338,0.25,0.24,"medio"
"criatura","creature","fear",0.338,0.25,0.24,"medio"
"crimen","malfeasance","disgust",-0.876,0.49,-0.35,"alto"
"criminalidad","criminality","anger",-0.756,0.726,0.16,"alto"
"criminalidad","criminality","disgust",-0.756,0.726,0.16,"alto"
"criminalidad","criminality","fear",-0.756,0.726,0.16,"alto"
"cripta","crypt","fear",-0.544,-0.138,-0.228,"medio"
"cripta","crypt","sadness",-0.544,-0.138,-0.228,"medio"
"crítica","criticism","anger",-0.77,0.126,0.01,"medio"
"crítica","chicane","anticipation",-0.286,-0.08,-0.038,"medio"
"crítica","criticism","sadness",-0.77,0.126,0.01,"medio"
"crítica","chicane","surprise",-0.286,-0.08,-0.038,"medio"
"crítica","chicane","trust",-0.286,-0.08,-0.038,"medio"
"criticar","criticize","anger",-0.714,0.416,-0.054,"alto"
"criticar","criticize","disgust",-0.714,0.416,-0.054,"alto"
"criticar","criticize","fear",-0.714,0.416,-0.054,"alto"
"criticar","criticize","sadness",-0.714,0.416,-0.054,"alto"
"crónica","chronicle","trust",-0.146,0.142,0.172,"medio"
"crónico","chronic","sadness",-0.49,0.23,-0.072,"medio"
"crucial","crucial","trust",0.082,0.314,0.554,"medio"
"crucifixión","crucifixion","anger",-0.865,0.711,-0.917,"alto"
"crucifixión","crucifixion","disgust",-0.865,0.711,-0.917,"alto"
"crucifixión","crucifixion","fear",-0.865,0.711,-0.917,"alto"
"crucifixión","crucifixion","sadness",-0.865,0.711,-0.917,"alto"
"crudo","crude","disgust",-0.604,-0.196,-0.286,"medio"
"cruel","unkind","anger",-0.73,-0.182,-0.38,"medio"
"cruel","cruel","anger",-0.756,0.732,-0.218,"alto"
"cruel","unkind","disgust",-0.73,-0.182,-0.38,"medio"
"cruel","cruel","disgust",-0.756,0.732,-0.218,"alto"
"cruel","cruel","fear",-0.756,0.732,-0.218,"alto"
"cruel","unkind","fear",-0.73,-0.182,-0.38,"medio"
"cruel","heartless","sadness",-0.858,0.304,-0.2,"medio"
"cruel","cruel","sadness",-0.756,0.732,-0.218,"alto"
"cruel","unkind","sadness",-0.73,-0.182,-0.38,"medio"
"crueldad","cruelty","anger",-0.816,0.672,0.072,"alto"
"crueldad","cruelty","disgust",-0.816,0.672,0.072,"alto"
"crueldad","cruelty","fear",-0.816,0.672,0.072,"alto"
"crueldad","cruelty","sadness",-0.816,0.672,0.072,"alto"
"crujido","crunch","anger",-0.416,0.26,-0.188,"medio"
"crujiente","crusty","disgust",0.25,0.062,-0.054,"medio"
"crujiente","crisp","trust",0.552,0.384,0.016,"alto"
"cruz","cross","anger",-0.104,-0.358,0.138,"bajo"
"cruz","cross","fear",-0.104,-0.358,0.138,"bajo"
"cruz","cross","sadness",-0.104,-0.358,0.138,"bajo"
"cruzada","crusade","anger",0.184,0.44,0.418,"alto"
"cruzada","crusade","fear",0.184,0.44,0.418,"alto"
"cuadro","chart","trust",-0.062,-0.366,-0.34,"bajo"
"cuarentena","quarantine","fear",-0.68,0.154,0.178,"medio"
"cubo","cube","trust",-0.062,-0.548,-0.452,"bajo"
"cubrir","cover","trust",-0.27,-0.52,-0.058,"bajo"
"cuenta","account","trust",0.062,-0.306,-0.056,"medio"
"cuenta regresiva","countdown","anticipation",-0.124,0.384,-0.02,"alto"
"cuentas","accounts","trust",0.184,-0.32,-0.058,"medio"
"cuerpo","carcass","disgust",-0.77,0.058,-0.382,"medio"
"cuerpo","carcass","fear",-0.77,0.058,-0.382,"medio"
"cuerpo","carcass","sadness","-0.77","0.058","-0.382","medio"
"cuesta arriba","uphill","anticipation","-0.208","0.446","0.144","alto"
"cuesta arriba","uphill","fear","-0.208","0.446","0.144","alto"
"cuestionable","questionable","disgust","-0.464","0.102","-0.27","medio"
"culinario","culinary","trust","0.308","-0.114","0.038","medio"
"culo","bum","disgust","-0.438","-0.098","-0.69","medio"
"culo","bum","sadness","-0.438","-0.098","-0.69","medio"
"culpa","blame","anger","-0.77","0.28","-0.382","medio"
"culpa","guilt","disgust","-0.584","0.134","-0.588","medio"
"culpa","blame","disgust","-0.77","0.28","-0.382","medio"
"culpa","fault","sadness","-0.624","0.116","-0.632","medio"
"culpa","guilt","sadness","-0.584","0.134","-0.588","medio"
"culpable","guilty","anger","-0.73","0.54","-0.296","alto"
"culpable","guilty","sadness","-0.73","0.54","-0.296","alto"
"cultivar","cultivate","anticipation","0.416","-0.18","0.196","medio"
"cultivar","cultivate","trust","0.416","-0.18","0.196","medio"
"culto","cult","fear","-0.104","0.07","0.296","medio"
"cumpleaños","birthday","anticipation","0.938","0.688","0.15","alto"
"cumpleaños","birthday","joy","0.938","0.688","0.15","alto"
"cumpleaños","birthday","surprise","0.938","0.688","0.15","alto"
"cumplido","compliment","anticipation","0.64","-0.02","0.302","medio"
"cumplido","compliment","joy","0.64","-0.02","0.302","medio"
"cumplido","compliment","surprise","0.64","-0.02","0.302","medio"
"cumplido","compliment","trust","0.64","-0.02","0.302","medio"
"cumplimiento","fulfillment","anticipation","0.666","0.056","0.366","medio"
"cumplimiento","fulfillment","joy","0.666","0.056","0.366","medio"
"cumplimiento","compliance","trust","0.5","-0.076","0.5","medio"
"cumplimiento","fulfillment","trust","0.666","0.056","0.366","medio"
"cuna","cradle","anticipation","0.552","-0.489","-0.334","bajo"
"cuna","cradle","joy","0.552","-0.489","-0.334","bajo"
"cuna","cradle","trust","0.552","-0.489","-0.334","bajo"
"Cuota","share","anticipation","0.518","0.096","0.09","medio"
"Cuota","share","joy","0.518","0.096","0.09","medio"
"Cuota","share","trust","0.518","0.096","0.09","medio"
"curable","curable","trust","0.646","-0.416","0.148","bajo"
"curandero","quack","disgust","0.06","-0.098","0.25","medio"
"curiosidad","curiosity","anticipation","0.5","0.51","-0.074","alto"
"curiosidad","curiosity","surprise","0.5","0.51","-0.074","alto"
"curtido","hardened","anger","-0.188","0.236","0.528","medio"
"curtido","hardened","disgust","-0.188","0.236","0.528","medio"
"curtido","hardened","fear","-0.188","0.236","0.528","medio"
"custodia","custody","trust","-0.012","-0.056","0.35","medio"
"custodia","safekeeping","trust","0.306","0.02","0.172","medio"
"custodio","custodian","trust","0.188","0.25","0.056","medio"
"dados","craps","anticipation","-0.25","-0.16","-0.454","medio"
"daga","dagger","fear","-0.552","0.594","0.226","alto"
"dama","dame","anger","0.388","-0.04","0","medio"
"dama","dame","disgust","0.388","-0.04","0","medio"
"dama","dame","trust","0.388","-0.04","0","medio"
"dama de honor","bridesmaid","joy","0.496","0.038","0.236","medio"
"dama de honor","bridesmaid","trust","0.496","0.038","0.236","medio"
"dandy","dandy","disgust","0.346","0.04","0.26","medio"
"dañar","harm","fear","-0.854","0.358","-0.154","alto"
"dañino","harmful","anger","-0.812","0.5","-0.418","alto"
"dañino","harmful","disgust","-0.812","0.5","-0.418","alto"
"dañino","harmful","fear","-0.812","0.5","-0.418","alto"
"dañino","harmful","sadness","-0.812","0.5","-0.418","alto"
"daño","damage","anger","-0.882","0.452","-0.194","alto"
"daño","damage","disgust","-0.882","0.452","-0.194","alto"
"daño","damage","sadness","-0.882","0.452","-0.194","alto"
"daños y perjuicios","damages","sadness","-0.836","0.52","-0.38","alto"
"dar fe","attest","trust","-0.122","0.42","0.37","alto"
"dar un toque","poke","anticipation","-0.27","0.426","-0.05","alto"
"dardo","dart","fear","-0.166","0.216","0","medio"
"de confianza","reliable","trust","0.824","-0.518","0.75","bajo"
"de despedida","parting","sadness","-0.48","0.084","-0.294","medio"
"de mala fama","disreputable","anger","-0.792","0.376","-0.294","alto"
"de mala fama","disreputable","disgust","-0.792","0.376","-0.294","alto"
"de mala fama","disreputable","fear","-0.792","0.376","-0.294","alto"
"de maniático","cranky","anger","-0.612","0.552","-0.208","alto"
"de repente","suddenly","surprise","0.34","0.02","-0.088","medio"
"de serie","serial","anticipation","-0.062","-0.3","-0.056","medio"
"debacle","debacle","fear","-0.688","0.212","-0.468","medio"
"debacle","debacle","sadness","-0.688","0.212","-0.468","medio"
"debido","owing","anger","-0.208","-0.386","-0.238","bajo"
"debido","owing","anticipation","-0.208","-0.386","-0.238","bajo"
"debido","owing","disgust","-0.208","-0.386","-0.238","bajo"
"debido","owing","fear","-0.208","-0.386","-0.238","bajo"
"debido","owing","sadness","-0.208","-0.386","-0.238","bajo"
"debido","owing","trust","-0.208","-0.386","-0.238","bajo"
"débil","feeble","sadness","-0.686","-0.44","-0.891","bajo"
"debilitante","wasting","disgust","-0.898","-0.166","-0.63","medio"
"debilitante","wasting","fear","-0.898","-0.166","-0.63","medio"
"debilitante","wasting","sadness","-0.898","-0.166","-0.63","medio"
"debilucho","wimpy","anger","-0.624","-0.416","-0.732","bajo"
"debilucho","wimpy","disgust","-0.624","-0.416","-0.732","bajo"
"debilucho","wimpy","fear","-0.624","-0.416","-0.732","bajo"
"debilucho","wimpy","sadness","-0.624","-0.416","-0.732","bajo"
"decadencia","decay","fear","-0.714","-0.376","-0.66","bajo"
"decadencia","decay","sadness","-0.714","-0.376","-0.66","bajo"
"decaido","decayed","disgust","-0.975","-0.284","-0.516","medio"
"decaido","decayed","sadness","-0.975","-0.284","-0.516","medio"
"decepción","disappointment","disgust","-0.77","-0.02","-0.328","medio"
"decepción","disappointment","sadness","-0.77","-0.02","-0.328","medio"
"decepcionado","upset","anger","-0.858","0.36","-0.34","alto"
"decepcionado","disappointed","anger","-0.858","-0.056","-0.518","medio"
"decepcionado","disappointed","disgust","-0.858","-0.056","-0.518","medio"
"decepcionado","disappointed","sadness","-0.858","-0.056","-0.518","medio"
"decepcionado","upset","sadness","-0.858","0.36","-0.34","alto"
"decepcionante","disappointing","sadness","-0.854","0.28","-0.6","medio"
"decepcionar","disappoint","anger","-0.7","0.266","-0.424","medio"
"decepcionar","disappoint","disgust","-0.7","0.266","-0.424","medio"
"decepcionar","disappoint","sadness","-0.7","0.266","-0.424","medio"
"dechado","paragon","anticipation","-0.02","-0.138","-0.054","medio"
"dechado","paragon","joy","-0.02","-0.138","-0.054","medio"
"dechado","paragon","trust","-0.02","-0.138","-0.054","medio"
"decimotercero","thirteenth","fear","-0.184","-0.34","-0.15","bajo"
"declaración","statement","trust","0.376","0.216","0.65","medio"
"declaración errónea","misstatement","anger","-0.396","0.094","-0.558","medio"
"declaración errónea","misstatement","disgust","-0.396","0.094","-0.558","medio"
"defecto","failing","anger","-0.75","-0.02","-0.464","medio"
"defecto","defect","anger","-0.73","0.122","-0.63","medio"
"defecto","blemish","anger","-0.562","0.116","-0.456","medio"
"defecto","failing","anticipation","-0.75","-0.02","-0.464","medio"
"defecto","blemish","disgust","-0.562","0.116","-0.456","medio"
"defecto","default","disgust","-0.082","-0.314","0.424","medio"
"defecto","blemish","fear","-0.562","0.116","-0.456","medio"
"defecto","failing","fear","-0.75","-0.02","-0.464","medio"
"defecto","default","fear","-0.082","-0.314","0.424","medio"
"defecto","blemish","sadness","-0.562","0.116","-0.456","medio"
"defecto","default","sadness","-0.082","-0.314","0.424","medio"
"defecto","failing","sadness","-0.75","-0.02","-0.464","medio"
"defectuoso","defective","disgust","-0.756","0.16","-0.452","medio"
"defender","defend","fear","0.396","0.444","0.34","alto"
"defendido","defended","trust","0.326","-0.098","0.164","medio"
"defensa","defense","anger","0.304","0.396","0.604","alto"
"defensa","defense","anticipation","0.304","0.396","0.604","alto"
"defensa","defense","fear","0.304","0.396","0.604","alto"
"defensa","fender","trust","-0.262","-0.082","-0.048","medio"
"defensor","defender","trust","0.278","0.416","0.5","alto"
"defensor","advocate","trust","0.102","0.06","0.636","medio"
"deferencia","deference","trust","0.02","-0.208","-0.106","medio"
"definitivo","definitive","trust","0.166","-0.042","0.574","medio"
"deflación","deflation","fear","-0.426","0.072","-0.186","medio"
"deformación","warp","anger","-0.312","-0.166","-0.254","medio"
"deformación","warp","sadness","-0.312","-0.166","-0.254","medio"
"deformado","deformed","disgust","-0.604","-0.13","-0.384","medio"
"deformado","deformed","sadness","-0.604","-0.13","-0.384","medio"
"deformar","deform","disgust","-0.776","0.308","-0.432","medio"
"deformidad","deformity","disgust","-0.68","0.138","-0.518","medio"
"deformidad","deformity","fear","-0.68","0.138","-0.518","medio"
"deformidad","deformity","sadness","-0.68","0.138","-0.518","medio"
"defraudar","defraud","anger","-0.552","0.27","-0.372","medio"
"defraudar","defraud","disgust","-0.552","0.27","-0.372","medio"
"degeneración","degeneracy","anger","-0.714","0.44","-0.404","alto"
"degeneración","degeneracy","disgust","-0.714","0.44","-0.404","alto"
"degeneración","degeneracy","sadness","-0.714","0.44","-0.404","alto"
"degradante","degrading","disgust","-0.938","0.166","-0.536","medio"
"degradante","degrading","fear","-0.938","0.166","-0.536","medio"
"degradante","degrading","sadness","-0.938","0.166","-0.536","medio"
"degradar","degrade","disgust","-0.834","0","-0.632","medio"
"delegar","delegate","trust","0.224","-0.018","0.316","medio"
"deleitar","delight","anticipation","0.898","0.332","0.294","medio"
"deleitar","delight","joy","0.898","0.332","0.294","medio"
"delfín","dolphin","joy","0.552","-0.3","-0.172","medio"
"delfín","dolphin","surprise","0.552","-0.3","-0.172","medio"
"delfín","dolphin","trust","0.552","-0.3","-0.172","medio"
"deliberado","willful","anger","0.114","0.438","0.284","alto"
"deliberado","willful","sadness","0.114","0.438","0.284","alto"
"delicado","squeamish","disgust","-0.648","0.312","-0.094","medio"
"delicado","squeamish","fear","-0.648","0.312","-0.094","medio"
"delicioso","luscious","anticipation","0.77","0.104","0.09","medio"
"delicioso","delicious","joy","0.854","0.3","0.178","medio"
"delicioso","luscious","joy","0.77","0.104","0.09","medio"
"delincuente","offender","anger","-0.792","0.702","0.074","alto"
"delincuente","criminal","anger","-0.958","0.66","0.058","alto"
"delincuente","delinquent","anger","-0.898","0.808","0","alto"
"delincuente","criminal","disgust","-0.958","0.66","0.058","alto"
"delincuente","offender","disgust","-0.792","0.702","0.074","alto"
"delincuente","delinquent","disgust","-0.898","0.808","0","alto"
"delincuente","criminal","fear","-0.958","0.66","0.058","alto"
"delincuente","offender","fear","-0.792","0.702","0.074","alto"
"delincuente","offender","sadness","-0.792","0.702","0.074","alto"
"delirante","raving","anger","-0.376","0.528","-0.284","alto"
"delirante","delusional","anger","-0.562","0.49","-0.346","alto"
"delirante","raving","anticipation","-0.376","0.528","-0.284","alto"
"delirante","raving","fear","-0.376","0.528","-0.284","alto"
"delirante","delusional","fear","-0.562","0.49","-0.346","alto"
"delirante","raving","joy","-0.376","0.528","-0.284","alto"
"delirante","delirious","sadness","-0.562","0.548","0.076","alto"
"delirante","raving","surprise","-0.376","0.528","-0.284","alto"
"delirio","rave","anger","-0.02","0.274","-0.16","medio"
"delirio","delirium","disgust","-0.534","0.388","-0.032","alto"
"delirio","rave","disgust","-0.02","0.274","-0.16","medio"
"delirio","rave","joy","-0.02","0.274","-0.16","medio"
"delirio","delirium","sadness","-0.534","0.388","-0.032","alto"
"delirio","rave","surprise","-0.02","0.274","-0.16","medio"
"delirio","rave","trust","-0.02","0.274","-0.16","medio"
"delito","crime","anger","-0.858","0.886","0.26","alto"
"demacrado","emaciated","fear","-0.794","0.082","-0.698","medio"
"demacrado","emaciated","sadness","-0.794","0.082","-0.698","medio"
"demacrado","haggard","sadness","-0.77","0.02","-0.508","medio"
"demanda judicial","lawsuit","anger","-0.562","0.588","0.222","alto"
"demanda judicial","lawsuit","disgust","-0.562","0.588","0.222","alto"
"demanda judicial","lawsuit","fear","-0.562","0.588","0.222","alto"
"demanda judicial","lawsuit","sadness","-0.562","0.588","0.222","alto"
"demanda judicial","lawsuit","surprise","-0.562","0.588","0.222","alto"
"demandante","claimant","anger","-0.458","0.38","0.558","alto"
"demandante","claimant","disgust","-0.458","0.38","0.558","alto"
"demandar","sue","anger","-0.562","0.462","0.358","alto"
"demandar","sue","sadness","-0.562","0.462","0.358","alto"
"demencia","dementia","fear","-0.816","0.558","-0.326","alto"
"demencia","dementia","sadness","-0.816","0.558","-0.326","alto"
"demente","demented","fear","-0.824","0.574","-0.382","alto"
"demoler","demolish","anger","-0.75","0.264","0.4","medio"
"demoler","demolish","sadness","-0.75","0.264","0.4","medio"
"demoníaco","demonic","anger","-0.708","0.75","0.2","alto"
"demoníaco","demonic","disgust","-0.708","0.75","0.2","alto"
"demoníaco","demonic","fear","-0.708","0.75","0.2","alto"
"demoníaco","demonic","sadness","-0.708","0.75","0.2","alto"
"demonio","daemon","anger","-0.334","-0.02","0","medio"
"demonio","fiend","anger","-0.708","0.806","0.216","alto"
"demonio","devil","anger","-0.678","0.8","0.222","alto"
"demonio","demon","anger","-0.926","0.816","0.018","alto"
"demonio","evil","anger","-0.92","0.654","0.09","alto"
"demonio","devil","anticipation","-0.678","0.8","0.222","alto"
"demonio","daemon","disgust","-0.334","-0.02","0","medio"
"demonio","evil","disgust","-0.92","0.654","0.09","alto"
"demonio","fiend","disgust","-0.708","0.806","0.216","alto"
"demonio","devil","disgust","-0.678","0.8","0.222","alto"
"demonio","demon","disgust","-0.926","0.816","0.018","alto"
"demonio","demon","fear","-0.926","0.816","0.018","alto"
"demonio","devil","fear","-0.678","0.8","0.222","alto"
"demonio","daemon","fear","-0.334","-0.02","0","medio"
"demonio","evil","fear","-0.92","0.654","0.09","alto"
"demonio","fiend","fear","-0.708","0.806","0.216","alto"
"demonio","daemon","sadness","-0.334","-0.02","0","medio"
"demonio","devil","sadness","-0.678","0.8","0.222","alto"
"demonio","demon","sadness","-0.926","0.816","0.018","alto"
"demonio","evil","sadness","-0.92","0.654","0.09","alto"
"demonio","daemon","surprise","-0.334","-0.02","0","medio"
"demora","delay","anger","-0.592","0.02","-0.619","medio"
"demora","delay","disgust","-0.592","0.02","-0.619","medio"
"demora","delay","fear","-0.592","0.02","-0.619","medio"
"demora","delay","sadness","-0.592","0.02","-0.619","medio"
"demostrativo","demonstrative","joy","0.312","0.056","0.472","medio"
"demostrativo","demonstrative","sadness","0.312","0.056","0.472","medio"
"denegado","denied","sadness","-0.624","0.208","-0.334","medio"
"dentro de poco","shortly","anticipation","0.164","-0.38","-0.28","bajo"
"denuncia","denunciation","anger","-0.708","0.66","0.122","alto"
"denuncia","denunciation","disgust","-0.708","0.66","0.122","alto"
"denuncia","denunciation","fear","-0.708","0.66","0.122","alto"
"denunciar","denounce","anger","-0.834","0.56","-0.148","alto"
"denunciar","denounce","disgust","-0.834","0.56","-0.148","alto"
"dependencia","dependence","fear","-0.5","-0.098","-0.134","medio"
"dependencia","dependence","sadness","-0.5","-0.098","-0.134","medio"
"dependencia","reliance","trust","0.688","-0.138","0.706","medio"
"depender","depend","anticipation","-0.224","-0.142","-0.284","medio"
"depender","depend","trust","-0.224","-0.142","-0.284","medio"
"dependiente","dependent","trust","-0.292","-0.09","-0.192","medio"
"deplorable","deplorable","anger","-0.73","0.314","-0.54","medio"
"deplorable","deplorable","disgust","-0.73","0.314","-0.54","medio"
"deplorable","deplorable","fear","-0.73","0.314","-0.54","medio"
"deplorable","deplorable","sadness","-0.73","0.314","-0.54","medio"
"deplorar","deplore","anger","-0.73","0.15","-0.254","medio"
"deplorar","deplore","disgust","-0.73","0.15","-0.254","medio"
"deplorar","deplore","sadness","-0.73","0.15","-0.254","medio"
"deportación","deportation","anger","-0.792","0.572","-0.1","alto"
"deportación","deportation","fear","-0.792","0.572","-0.1","alto"
"deportación","deportation","sadness","-0.792","0.572","-0.1","alto"
"deportar","deport","fear","-0.666","0.334","0.092","alto"
"deportar","deport","sadness","-0.666","0.334","0.092","alto"
"depositario","depository","trust","0.102","-0.254","-0.038","medio"
"depravación","depravity","anger","-0.77","0.708","-0.094","alto"
"depravación","depravity","disgust","-0.77","0.708","-0.094","alto"
"depravado","depraved","anger","-0.938","0.674","-0.21","alto"
"depravado","depraved","anticipation","-0.938","0.674","-0.21","alto"
"depravado","depraved","disgust","-0.938","0.674","-0.21","alto"
"depravado","depraved","fear","-0.938","0.674","-0.21","alto"
"depravado","depraved","sadness","-0.938","0.674","-0.21","alto"
"depreciación","depreciation","fear","-0.714","0.142","-0.228","medio"
"depreciado","depreciated","anger","-0.73","0.344","-0.5","alto"
"depreciado","depreciated","disgust","-0.73","0.344","-0.5","alto"
"depreciado","depreciated","fear","-0.73","0.344","-0.5","alto"
"depreciado","depreciated","sadness","-0.73","0.344","-0.5","alto"
"depreciar","depreciate","anger","-0.46","0.246","-0.11","medio"
"depreciar","depreciate","disgust","-0.46","0.246","-0.11","medio"
"depresión","slump","sadness","-0.642","-0.124","-0.74","medio"
"depresión","depression","sadness","-0.938","0.04","-0.536","medio"
"depresivo","depressive","sadness","-0.714","-0.132","-0.596","medio"
"deprimente","depressing","disgust","-0.708","0.118","-0.568","medio"
"deprimente","depressing","sadness","-0.708","0.118","-0.568","medio"
"deprimido","depressed","anger","-0.952","-0.11","-0.728","medio"
"deprimido","depressed","fear","-0.952","-0.11","-0.728","medio"
"deprimido","depressed","sadness","-0.952","-0.11","-0.728","medio"
"deprimir","depress","fear","-0.562","0.27","0.056","medio"
"deprimir","depress","sadness","-0.562","0.27","0.056","medio"
"dermatólogo","dermatologist","trust","0.062","-0.284","0.056","medio"
"derrocamiento","overthrow","anticipation","-0.48","0.736","0.24","alto"
"derrocamiento","overthrow","fear","-0.48","0.736","0.24","alto"
"derrocar","topple","surprise","-0.604","0.64","0.146","alto"
"derrotado","defeated","sadness","-0.792","0.164","-0.71","medio"
"desacreditar","decry","anger","-0.2","0.628","0.096","alto"
"desactivado","disabled","fear","-0.384","-0.114","-0.511","medio"
"desactivado","disabled","sadness","-0.384","-0.114","-0.511","medio"
"desacuerdo","disagreement","anger","-0.792","0.236","-0.528","medio"
"desacuerdo","disagreement","sadness","-0.792","0.236","-0.528","medio"
"desafiante","defiant","anger","-0.5","0.584","0.538","alto"
"desafiar","defy","anger","-0.294","0.768","0.314","alto"
"desafiar","defy","fear","-0.294","0.768","0.314","alto"
"desafiar","defy","sadness","-0.294","0.768","0.314","alto"
"desafiar","defy","surprise","-0.294","0.768","0.314","alto"
"desafío","challenge","anger","-0.062","0.844","0.426","alto"
"desafío","defiance","anger","-0.334","0.56","0.52","alto"
"desafío","defiance","disgust","-0.334","0.56","0.52","alto"
"desafío","challenge","fear","-0.062","0.844","0.426","alto"
"desafío","defiance","fear","-0.334","0.56","0.52","alto"
"desafortunadamente","sadly","sadness","-0.906","-0.49","-0.568","bajo"
"desafortunado","unlucky","anger","-0.854","-0.21","-0.604","medio"
"desafortunado","unlucky","disgust","-0.854","-0.21","-0.604","medio"
"desafortunado","unlucky","fear","-0.854","-0.21","-0.604","medio"
"desafortunado","unlucky","sadness","-0.854","-0.21","-0.604","medio"
"desagradable","disgusting","anger","-0.938","0.592","-0.51","alto"
"desagradable","obnoxious","anger","-0.907","0.204","-0.488","medio"
"desagradable","distasteful","disgust","-0.472","0.352","-0.556","alto"
"desagradable","obnoxious","disgust","-0.907","0.204","-0.488","medio"
"desagradable","unpleasant","disgust","-0.756","0.224","-0.63","medio"
"desagradable","disgusting","disgust","-0.938","0.592","-0.51","alto"
"desagradable","disgusting","fear","-0.938","0.592","-0.51","alto"
"desagradable","obnoxious","sadness","-0.907","0.204","-0.488","medio"
"desagradable","unpleasant","sadness","-0.756","0.224","-0.63","medio"
"desagradecido","ungrateful","anger","-0.562","-0.078","-0.45","medio"
"desagradecido","ungrateful","disgust","-0.562","-0.078","-0.45","medio"
"desalentar","discourage","fear","-0.632","-0.114","-0.466","medio"
"desalentar","discourage","sadness","-0.632","-0.114","-0.466","medio"
"desalmado","soulless","disgust","-0.75","0.182","-0.2","medio"
"desalmado","soulless","fear","-0.75","0.182","-0.2","medio"
"desalmado","soulless","sadness","-0.75","0.182","-0.2","medio"
"desalojar","evict","sadness","-0.916","0.264","-0.246","medio"
"desalojo","eviction","anger","-0.63","0.462","-0.09","alto"
"desalojo","eviction","disgust","-0.63","0.462","-0.09","alto"
"desalojo","eviction","fear","-0.63","0.462","-0.09","alto"
"desalojo","eviction","sadness","-0.63","0.462","-0.09","alto"
"desanimado","disheartened","sadness","-0.541","-0.314","-0.524","medio"
"desaparecer","disappear","fear","-0.714","-0.118","-0.3","medio"
"desaparecer","vanish","surprise","-0.528","-0.04","-0.306","medio"
"desapareció","vanished","fear","-0.584","0.132","-0.49","medio"
"desapareció","vanished","sadness","-0.584","0.132","-0.49","medio"
"desapareció","vanished","surprise","-0.584","0.132","-0.49","medio"
"desapasionado","dispassionate","sadness","-0.602","-0.566","-0.564","bajo"
"desaprobación","disapproval","sadness","-0.83","0.102","-0.266","medio"
"desaprobado","disapproved","anger","-0.792","0.1","-0.818","medio"
"desaprobado","disapproved","sadness","-0.792","0.1","-0.818","medio"
"desaprobando","disapproving","anger","-0.51","0.25","-0.096","medio"
"desaprobando","disapproving","disgust","-0.51","0.25","-0.096","medio"
"desaprobando","disapproving","sadness","-0.51","0.25","-0.096","medio"
"desaprobar","disapprove","anger","-0.68","0.188","-0.11","medio"
"desaprobar","disapprove","disgust","-0.68","0.188","-0.11","medio"
"desaprobar","disapprove","fear","-0.68","0.188","-0.11","medio"
"desaprobar","disapprove","sadness","-0.68","0.188","-0.11","medio"
"desarrollar","develop","anticipation","0.542","0.34","0.642","alto"
"desastre","disaster","anger","-0.836","0.583","-0.134","alto"
"desastre","disaster","disgust","-0.836","0.583","-0.134","alto"
"desastre","disaster","fear","-0.836","0.583","-0.134","alto"
"desastre","disaster","sadness","-0.836","0.583","-0.134","alto"
"desastre","disaster","surprise","-0.836","0.583","-0.134","alto"
"desastroso","disastrous","anger","-0.858","0.482","-0.122","alto"
"desastroso","disastrous","fear","-0.858","0.482","-0.122","alto"
"desastroso","disastrous","sadness","-0.858","0.482","-0.122","alto"
"desatar","untie","joy","0.084","-0.074","-0.056","medio"
"descalificado","disqualified","anger","-0.742","-0.072","-0.536","medio"
"descalificado","disqualified","disgust","-0.742","-0.072","-0.536","medio"
"descalificado","disqualified","sadness","-0.742","-0.072","-0.536","medio"
"descalificar","disqualify","sadness","-0.584","0.19","-0.466","medio"
"descanso","intermission","anticipation","-0.02","-0.28","-0.196","medio"
"descanso","break","surprise","0.22","-0.47","-0.26","bajo"
"descarado","brazen","anger","-0.416","0.28","0.036","medio"
"descendencia","descent","fear","-0.4","-0.196","-0.684","medio"
"descendencia","descent","sadness","-0.4","-0.196","-0.684","medio"
"descendente","falling","sadness","-0.596","0.432","-0.388","alto"
"descolorado","discolored","disgust","-0.592","-0.32","-0.462","medio"
"descolorado","discolored","sadness","-0.592","-0.32","-0.462","medio"
"descoloramiento","discoloration","disgust","-0.552","-0.254","-0.172","medio"
"descomponer","decompose","disgust","-0.612","0.192","-0.518","medio"
"descomposición","decomposition","disgust","-0.734","0.2","-0.474","medio"
"descomposición","decomposition","fear","-0.734","0.2","-0.474","medio"
"descomposición","decomposition","sadness","-0.734","0.2","-0.474","medio"
"descompuesto","decomposed","sadness","-0.854","-0.116","-0.538","medio"
"descomunal","thumping","fear","-0.572","0.51","0.132","alto"
"desconcertado","bewildered","fear","-0.54","0.26","-0.4","medio"
"desconcertado","bewildered","surprise","-0.54","0.26","-0.4","medio"
"desconcierto","bewilderment","fear","-0.376","0.432","-0.666","alto"
"desconcierto","bewilderment","surprise","-0.376","0.432","-0.666","alto"
"desconectado","disconnected","sadness","-0.416","-0.448","-0.654","bajo"
"desconectar","disconnect","sadness","-0.124","-0.416","-0.618","bajo"
"desconfianza","distrust","anger","-0.88","0.34","-0.448","alto"
"desconfianza","distrust","disgust","-0.88","0.34","-0.448","alto"
"desconfianza","mistrust","disgust","-0.73","0.314","-0.538","medio"
"desconfianza","distrust","fear","-0.88","0.34","-0.448","alto"
"desconfianza","mistrust","fear","-0.73","0.314","-0.538","medio"
"desconocido","unknown","anticipation","-0.286","-0.1","-0.592","medio"
"desconocido","unknown","fear","-0.286","-0.1","-0.592","medio"
"desconsiderado","thoughtless","anger","-0.612","0.16","-0.096","medio"
"desconsiderado","inconsiderate","anger","-0.552","0.038","-0.154","medio"
"desconsiderado","inconsiderate","disgust","-0.552","0.038","-0.154","medio"
"desconsiderado","thoughtless","disgust","-0.612","0.16","-0.096","medio"
"desconsiderado","inconsiderate","sadness","-0.552","0.038","-0.154","medio"
"descontento","discontent","anger","-0.52","0.06","-0.474","medio"
"descontento","disgruntled","anger","-0.792","0.316","-0.116","medio"
"descontento","disgruntled","disgust","-0.792","0.316","-0.116","medio"
"descontento","discontent","disgust","-0.52","0.06","-0.474","medio"
"descontento","discontent","fear","-0.52","0.06","-0.474","medio"
"descontento","disgruntled","sadness","-0.792","0.316","-0.116","medio"
"descontento","discontent","sadness","-0.52","0.06","-0.474","medio"
"descorazonador","disheartening","sadness","-0.984","-0.097","-0.543","medio"
"descortés","impolite","disgust","-0.666","0.18","-0.436","medio"
"descubrir","uncover","surprise","0.542","0.104","0.296","medio"
"descuidado","remiss","anger","-0.62","0.3","-0.35","medio"
"descuidado","neglected","anger","-0.458","-0.23","-0.68","medio"
"descuidado","remiss","disgust","-0.62","0.3","-0.35","medio"
"descuidado","sloppy","disgust","-0.394","-0.118","-0.634","medio"
"descuidado","neglected","disgust","-0.458","-0.23","-0.68","medio"
"descuidado","neglected","sadness","-0.458","-0.23","-0.68","medio"
"descuidado","remiss","sadness","-0.62","0.3","-0.35","medio"
"descuido","carelessness","anger","-0.51","-0.036","-0.34","medio"
"descuido","carelessness","disgust","-0.51","-0.036","-0.34","medio"
"desdén","scorn","anger","-0.78","0.442","-0.288","alto"
"desdén","disdain","anger","-0.694","-0.108","-0.118","medio"
"desdén","disdain","disgust","-0.694","-0.108","-0.118","medio"
"desdeñoso","contemptuous","anger","-0.592","0","-0.25","medio"
"deseando","fain","anticipation","-0.042","-0.166","-0.148","medio"
"deseando","fain","joy","-0.042","-0.166","-0.148","medio"
"deseando","fain","trust","-0.042","-0.166","-0.148","medio"
"deseducado","uneducated","sadness","-0.646","-0.3","-0.508","medio"
"desempleados","unemployed","fear","-0.812","-0.038","-0.54","medio"
"desempleados","unemployed","sadness","-0.812","-0.038","-0.54","medio"
"desenfrenado","unbridled","anger","-0.208","0.518","-0.104","alto"
"desenfrenado","riotous","anger","-0.674","0.537","0.176","alto"
"desenfrenado","unbridled","anticipation","-0.208","0.518","-0.104","alto"
"desenfrenado","riotous","fear","-0.674","0.537","0.176","alto"
"desenfrenado","unbridled","fear","-0.208","0.518","-0.104","alto"
"desenfrenado","unbridled","surprise","-0.208","0.518","-0.104","alto"
"desenfrenado","riotous","surprise","-0.674","0.537","0.176","alto"
"deseoso","wishful","anticipation","0.77","0.424","0.212","alto"
"deserción","defection","fear","-0.708","0.188","-0.34","medio"
"deservicio","disservice","anger","-0.5","0.588","-0.04","alto"
"deservicio","disservice","disgust","-0.5","0.588","-0.04","alto"
"deservicio","disservice","sadness","-0.5","0.588","-0.04","alto"
"desesperación","despair","anger","-0.77","0.588","-0.51","alto"
"desesperación","hopelessness","anger","-0.948","-0.196","-0.554","medio"
"desesperación","despair","disgust","-0.77","0.588","-0.51","alto"
"desesperación","hopelessness","disgust","-0.948","-0.196","-0.554","medio"
"desesperación","despair","fear","-0.77","0.588","-0.51","alto"
"desesperación","hopelessness","fear","-0.948","-0.196","-0.554","medio"
"desesperación","despair","sadness","-0.77","0.588","-0.51","alto"
"desesperación","hopelessness","sadness","-0.948","-0.196","-0.554","medio"
"desesperado","despairing","fear","-0.927","0.47","-0.63","alto"
"desesperado","despairing","sadness","-0.927","0.47","-0.63","alto"
"desesperanzado","hopeless","fear","-0.812","-0.404","-0.888","bajo"
"desesperanzado","hopeless","sadness","-0.812","-0.404","-0.888","bajo"
"desfallecer","falter","fear","-0.158","0.3","-0.308","medio"
"desfavorable","unfavorable","disgust","-0.734","-0.1","-0.536","medio"
"desfavorable","unfavorable","sadness","-0.734","-0.1","-0.536","medio"
"desfigurado","disfigured","anger","-0.694","0.226","-0.328","medio"
"desfigurado","disfigured","disgust","-0.694","0.226","-0.328","medio"
"desfigurado","disfigured","fear","-0.694","0.226","-0.328","medio"
"desfigurado","disfigured","sadness","-0.694","0.226","-0.328","medio"
"desfile","parade","anticipation","0.584","0.37","0.018","alto"
"desfile","parade","fear","0.584","0.37","0.018","alto"
"desfile","parade","joy","0.584","0.37","0.018","alto"
"desfile","parade","surprise","0.584","0.37","0.018","alto"
"desgracia","disgrace","anger","-0.878","0.062","-0.338","medio"
"desgracia","disgrace","disgust","-0.878","0.062","-0.338","medio"
"desgracia","misfortune","fear","-0.812","0.56","-0.378","alto"
"desgracia","disgrace","sadness","-0.878","0.062","-0.338","medio"
"desgracia","misfortune","sadness","-0.812","0.56","-0.378","alto"
"desgraciado","wretch","anger","-0.92","0.334","-0.5","alto"
"desgraciado","wretch","disgust","-0.92","0.334","-0.5","alto"
"desgraciado","wretch","sadness","-0.92","0.334","-0.5","alto"
"desgraciado","unfortunate","sadness","-0.854","-0.026","-0.61","medio"
"deshabilitar","disable","fear","-0.77","-0.14","-0.462","medio"
"deshabilitar","disable","sadness","-0.77","-0.14","-0.462","medio"
"deshecho","dumps","anger","-0.396","0.166","-0.27","medio"
"deshecho","dumps","sadness","-0.396","0.166","-0.27","medio"
"deshonestidad","dishonesty","disgust","-0.906","0.184","-0.304","medio"
"deshonesto","dishonest","anger","-0.618","-0.018","-0.674","medio"
"deshonesto","dishonest","disgust","-0.618","-0.018","-0.674","medio"
"deshonesto","dishonest","sadness","-0.618","-0.018","-0.674","medio"
"deshonra","dishonor","anger","-0.792","0.24","-0.63","medio"
"deshonra","dishonor","disgust","-0.792","0.24","-0.63","medio"
"deshonra","dishonor","fear","-0.792","0.24","-0.63","medio"
"deshonra","dishonor","sadness","-0.792","0.24","-0.63","medio"
"deshonrado","disgraced","anger","-0.858","0.322","-0.5","medio"
"deshonrado","disgraced","disgust","-0.858","0.322","-0.5","medio"
"deshonrado","disgraced","sadness","-0.858","0.322","-0.5","medio"
"desierto","wilderness","anticipation","-0.438","-0.334","-0.42","bajo"
"desierto","wilderness","fear","-0.438","-0.334","-0.42","bajo"
"desierto","wilderness","sadness","-0.438","-0.334","-0.42","bajo"
"Desierto","desert","anger","-0.062","-0.442","-0.222","bajo"
"Desierto","desert","disgust","-0.062","-0.442","-0.222","bajo"
"Desierto","desert","fear","-0.062","-0.442","-0.222","bajo"
"Desierto","desert","sadness","-0.062","-0.442","-0.222","bajo"
"designacion","designation","trust","0.224","0.142","0.35","medio"
"desigual","unequal","anger","-0.716","-0.039","-0.427","medio"
"desigual","unequal","disgust","-0.716","-0.039","-0.427","medio"
"desigual","unequal","fear","-0.716","-0.039","-0.427","medio"
"desigual","unequal","sadness","-0.716","-0.039","-0.427","medio"
"desigualdad","inequality","anger","-0.756","0.15","-0.482","medio"
"desigualdad","inequality","fear","-0.756","0.15","-0.482","medio"
"desigualdad","inequality","sadness","-0.756","0.15","-0.482","medio"
"desilusión","disillusionment","anger","-0.898","0.038","-0.62","medio"
"desilusión","disillusionment","disgust","-0.898","0.038","-0.62","medio"
"desilusión","disillusionment","sadness","-0.898","0.038","-0.62","medio"
"desinflar","deflate","anger","-0.704","-0.192","-0.526","medio"
"desinflar","deflate","sadness","-0.704","-0.192","-0.526","medio"
"desinformación","disinformation","anger","-0.54","0.154","-0.48","medio"
"desinformación","disinformation","fear","-0.54","0.154","-0.48","medio"
"desintegrarse","disintegrate","disgust","-0.714","0.32","-0.272","medio"
"desintegrarse","disintegrate","fear","-0.714","0.32","-0.272","medio"
"desinteresado","uninterested","sadness","-0.27","-0.52","-0.344","bajo"
"desleal","faithless","sadness","-0.796","0.366","-0.392","alto"
"deslizamiento de tierra","landslide","fear","-0.5","0.728","0.06","alto"
"deslizamiento de tierra","landslide","sadness","-0.5","0.728","0.06","alto"
"deslizar","slip","surprise","-0.368","0.428","-0.358","alto"
"deslumbrador","glaring","anger","0.388","0.588","0.596","alto"
"deslustre","tarnish","disgust","-0.592","-0.118","-0.316","medio"
"deslustre","tarnish","sadness","-0.592","-0.118","-0.316","medio"
"desmayo","fainting","fear","-0.334","0.02","-0.572","medio"
"desmayo","fainting","sadness","-0.334","0.02","-0.572","medio"
"desmayo","fainting","surprise","-0.334","0.02","-0.572","medio"
"desmembramiento","dismemberment","disgust","-0.792","0.72","-0.06","alto"
"desmembramiento","dismemberment","fear","-0.792","0.72","-0.06","alto"
"desmembramiento","dismemberment","sadness","-0.792","0.72","-0.06","alto"
"desmoralizado","demoralized","fear","-0.836","0.18","-0.702","medio"
"desmoralizado","demoralized","sadness","-0.836","0.18","-0.702","medio"
"desmoronándose","crumbling","sadness","-0.666","0.392","-0.384","alto"
"desobedecer","disobey","anger","-0.714","0.112","-0.018","medio"
"desobedecer","disobey","disgust","-0.714","0.112","-0.018","medio"
"desobediencia","disobedience","anger","-0.898","0.736","-0.262","alto"
"desobediencia","disobedience","disgust","-0.898","0.736","-0.262","alto"
"desobediente","disobedient","anger","-0.448","0.412","-0.294","alto"
"desolado","bleak","sadness","-0.592","-0.146","-0.456","medio"
"desorden","lawlessness","anger","-0.688","0.608","0.018","alto"
"desorden","mess","disgust","-0.714","0.686","-0.454","alto"
"desorden","lawlessness","fear","-0.688","0.608","0.018","alto"
"desordenado","untidy","disgust","-0.788","0.22","-0.492","medio"
"desordenado","messy","disgust","-0.48","0.27","-0.72","medio"
"despecho","spite","anger","-0.84","0.2","-0.366","medio"
"despectivo","derogatory","anger","-0.756","0.16","-0.192","medio"
"despectivo","disparaging","anger","-0.796","0.252","-0.178","medio"
"despectivo","derogatory","disgust","-0.756","0.16","-0.192","medio"
"despectivo","disparaging","disgust","-0.796","0.252","-0.178","medio"
"despectivo","derogatory","fear","-0.756","0.16","-0.192","medio"
"despectivo","derogatory","sadness","-0.756","0.16","-0.192","medio"
"despectivo","disparaging","sadness","-0.796","0.252","-0.178","medio"
"desperdiciado","wasted","anger","-0.624","0.116","-0.482","medio"
"desperdiciado","wasted","disgust","-0.624","0.116","-0.482","medio"
"desperdicio","waste","disgust","-0.918","0.02","-0.632","medio"
"despertar","arouse","anticipation","0.48","-0.018","0.16","medio"
"despiadado","merciless","fear","-0.876","0.76","0.268","alto"
"despido","dismissal","anger","-0.677","0.446","-0.458","alto"
"despido","dismissal","disgust","-0.677","0.446","-0.458","alto"
"despido","dismissal","fear","-0.677","0.446","-0.458","alto"
"despido","dismissal","sadness","-0.677","0.446","-0.458","alto"
"despido","dismissal","surprise","-0.677","0.446","-0.458","alto"
"desplazado","displaced","anger","-0.438","-0.056","-0.418","medio"
"desplazado","displaced","fear","-0.438","-0.056","-0.418","medio"
"desplazado","displaced","sadness","-0.438","-0.056","-0.418","medio"
"desplegar","unfold","anticipation","0.224","0.02","0.04","medio"
"despojado","stripped","anger","-0.49","0.23","-0.444","medio"
"despojado","stripped","anticipation","-0.49","0.23","-0.444","medio"
"despojado","stripped","disgust","-0.49","0.23","-0.444","medio"
"despojado","stripped","fear","-0.49","0.23","-0.444","medio"
"despojado","stripped","sadness","-0.49","0.23","-0.444","medio"
"desposeído","dispossessed","anger","-0.292","0.154","-0.338","medio"
"desposeído","dispossessed","fear","-0.292","0.154","-0.338","medio"
"desposeído","dispossessed","sadness","-0.292","0.154","-0.338","medio"
"despótico","overbearing","anger","-0.354","0.666","0.722","alto"
"despótico","despotic","fear","-0.718","0.648","0.184","alto"
"despotismo","despotism","anger","-0.49","0.392","0.24","alto"
"despotismo","despotism","disgust","-0.49","0.392","0.24","alto"
"despotismo","despotism","fear","-0.49","0.392","0.24","alto"
"despotismo","despotism","sadness","-0.49","0.392","0.24","alto"
"despreciable","despicable","anger","-0.708","0.42","-0.49","alto"
"despreciable","contemptible","anger","-0.708","0.314","-0.058","medio"
"despreciable","despicable","disgust","-0.708","0.42","-0.49","alto"
"despreciable","contemptible","disgust","-0.708","0.314","-0.058","medio"
"despreciar","despise","anger","-0.666","0.49","-0.408","alto"
"despreciar","despise","disgust","-0.666","0.49","-0.408","alto"
"desprecio","contempt","anger","-0.588","0.27","-0.208","medio"
"desprecio","contempt","disgust","-0.588","0.27","-0.208","medio"
"desprecio","contempt","fear","-0.588","0.27","-0.208","medio"
"destello","glare","anger","0.396","0.47","0.466","alto"
"destello","glare","fear","0.396","0.47","0.466","alto"
"desterrar","banish","anger","-0.674","0.354","0.086","alto"
"desterrar","banish","disgust","-0.674","0.354","0.086","alto"
"desterrar","banish","fear","-0.674","0.354","0.086","alto"
"desterrar","banish","sadness","-0.674","0.354","0.086","alto"
"destierro","banishment","anger","-0.68","0.55","-0.404","alto"
"destierro","banishment","disgust","-0.68","0.55","-0.404","alto"
"destierro","banishment","sadness","-0.68","0.55","-0.404","alto"
"destinado","intended","anticipation","-0.188","0.084","0.174","medio"
"destinado","destined","anticipation","0.396","-0.076","0.234","medio"
"destino","destination","anticipation","0.416","-0.058","0.274","medio"
"destino","fate","anticipation","0.142","-0.042","0.424","medio"
"destino","destination","fear","0.416","-0.058","0.274","medio"
"destino","destination","joy","0.416","-0.058","0.274","medio"
"destino","destination","sadness","0.416","-0.058","0.274","medio"
"destino","destination","surprise","0.416","-0.058","0.274","medio"
"destrozada","shattered","sadness","-0.806","0.612","-0.382","alto"
"destrozado","wrecked","anger","-0.844","0.236","-0.44","medio"
"destrozado","wrecked","fear","-0.844","0.236","-0.44","medio"
"destrozado","wrecked","sadness","-0.844","0.236","-0.44","medio"
"destrucción","destruction","anger","-0.796","0.858","0.226","alto"
"destructivo","destructive","anger","-0.646","0.74","0.426","alto"
"destructivo","destructive","disgust","-0.646","0.74","0.426","alto"
"destructivo","destructive","fear","-0.646","0.74","0.426","alto"
"destructor","destroyer","anger","-0.834","0.66","0.086","alto"
"destructor","destroyer","fear","-0.834","0.66","0.086","alto"
"destruido","destroyed","anger","-0.938","0.392","-0.424","alto"
"destruido","destroyed","fear","-0.938","0.392","-0.424","alto"
"destruido","destroyed","sadness","-0.938","0.392","-0.424","alto"
"destruyendo","destroying","anger","-0.918","0.656","0.32","alto"
"destruyendo","destroying","fear","-0.918","0.656","0.32","alto"
"destruyendo","destroying","sadness","-0.918","0.656","0.32","alto"
"Desventaja","handicap","sadness","-0.734","-0.212","-0.472","medio"
"desvergonzado","shameless","disgust","-0.452","0.426","-0.186","alto"
"desviación","deviation","sadness","-0.79","0.026","-0.328","medio"
"desviación","diversion","surprise","0.273","0.655","0.011","alto"
"detención","apprehension","fear","-0.23","0.44","-0.092","alto"
"detención","detention","sadness","-0.47","0.396","0.124","alto"
"detenido","detainee","anger","-0.388","0.02","-0.358","medio"
"detenido","detainee","anticipation","-0.388","0.02","-0.358","medio"
"detenido","detainee","fear","-0.388","0.02","-0.358","medio"
"detenido","detainee","sadness","-0.388","0.02","-0.358","medio"
"deteriorado","deteriorated","disgust","-0.894","0.098","-0.526","medio"
"deteriorado","deteriorated","sadness","-0.894","0.098","-0.526","medio"
"deteriorarse","deteriorate","fear","-0.834","-0.058","-0.596","medio"
"deteriorarse","deteriorate","sadness","-0.834","-0.058","-0.596","medio"
"deterioro","deterioration","anger","-0.74","0.024","-0.434","medio"
"deterioro","deterioration","disgust","-0.74","0.024","-0.434","medio"
"deterioro","deterioration","fear","-0.74","0.024","-0.434","medio"
"deterioro","deterioration","sadness","-0.74","0.024","-0.434","medio"
"determinación","determination","trust","0.552","0.45","0.59","alto"
"determinado","determinate","anticipation","0.26","-0.372","0.544","bajo"
"determinado","determinate","trust","0.26","-0.372","0.544","bajo"
"detestar","loathe","anger","-0.812","0.46","-0.142","alto"
"detestar","detest","anger","-0.611","0.6","-0.016","alto"
"detestar","detest","disgust","-0.611","0.6","-0.016","alto"
"detestar","loathe","disgust","-0.812","0.46","-0.142","alto"
"detonación","detonation","anger","-0.666","0.862","0.482","alto"
"detonar","detonate","fear","-0.25","0.7","0.392","alto"
"detonar","detonate","surprise","-0.25","0.7","0.392","alto"
"detraer","detract","anger","-0.312","-0.124","-0.264","medio"
"deuda","debt","sadness","-0.592","0.196","-0.328","medio"
"deudor hipotecario","mortgagor","fear","-0.138","0.044","-0.02","medio"
"devastación","devastation","anger","-0.82","0.808","-0.056","alto"
"devastación","devastation","fear","-0.82","0.808","-0.056","alto"
"devastación","devastation","sadness","-0.82","0.808","-0.056","alto"
"devastación","devastation","surprise","-0.82","0.808","-0.056","alto"
"devastador","devastating","anger","-0.792","0.712","-0.162","alto"
"devastador","devastating","disgust","-0.792","0.712","-0.162","alto"
"devastador","devastating","fear","-0.792","0.712","-0.162","alto"
"devastador","devastating","sadness","-0.792","0.712","-0.162","alto"
"devastador","devastating","trust","-0.792","0.712","-0.162","alto"
"devastar","devastate","anger","-0.958","0.592","0.018","alto"
"devastar","devastate","fear","-0.958","0.592","0.018","alto"
"devastar","devastate","sadness","-0.958","0.592","0.018","alto"
"devoto","devout","anticipation","0.24","-0.286","-0.072","medio"
"devoto","devout","joy","0.24","-0.286","-0.072","medio"
"devoto","devout","trust","0.24","-0.286","-0.072","medio"
"Día del Juicio Final","doomsday","anger","-0.75","0.722","0.34","alto"
"Día del Juicio Final","doomsday","anticipation","-0.75","0.722","0.34","alto"
"Día del Juicio Final","doomsday","disgust","-0.75","0.722","0.34","alto"
"Día del Juicio Final","doomsday","fear","-0.75","0.722","0.34","alto"
"Día del Juicio Final","doomsday","sadness","-0.75","0.722","0.34","alto"
"día siguiente","morrow","anticipation","0.416","-0.372","-0.02","bajo"
"diabólico","diabolical","anger","-0.796","0.824","-0.088","alto"
"diabólico","devilish","disgust","-0.854","0.73","-0.02","alto"
"diabólico","diabolical","disgust","-0.796","0.824","-0.088","alto"
"diabólico","devilish","fear","-0.854","0.73","-0.02","alto"
"diabólico","diabolical","fear","-0.796","0.824","-0.088","alto"
"diácono","deacon","trust","0.062","-0.14","0.472","medio"
"diagnóstico","diagnosis","anticipation","0.142","0","0.638","medio"
"diagnóstico","diagnosis","fear","0.142","0","0.638","medio"
"diagnóstico","diagnosis","trust","0.142","0","0.638","medio"
"diamante","diamond","joy","0.82","0.212","0.538","medio"
"diariamente","daily","anticipation","0.306","-0.306","-0.054","medio"
"diario","diary","joy","0.396","-0.416","-0.072","bajo"
"diario","diary","trust","0.396","-0.416","-0.072","bajo"
"Diarrea","diarrhoea","disgust","-0.924","0.384","-0.5","alto"
"diatriba","diatribe","anger","-0.292","0.138","-0.182","medio"
"diatriba","tirade","anger","-0.244","0.174","0.064","medio"
"diatriba","tirade","disgust","-0.244","0.174","0.064","medio"
"diatriba","diatribe","disgust","-0.292","0.138","-0.182","medio"
"diccionario","dictionary","trust","0.24","-0.5","0.196","bajo"
"dictador","dictator","fear","-0.854","0.52","0.724","alto"
"dictadura","dictatorship","anger","-0.836","0.612","0.568","alto"
"dictadura","dictatorship","anticipation","-0.836","0.612","0.568","alto"
"dictadura","dictatorship","disgust","-0.836","0.612","0.568","alto"
"dictadura","dictatorship","fear","-0.836","0.612","0.568","alto"
"dictadura","dictatorship","sadness","-0.836","0.612","0.568","alto"
"dictamen","dictum","trust","-0.23","0.02","0.056","medio"
"dictatorial","dictatorial","anger","-0.629","0.645","0.84","alto"
"dietético","dietary","anticipation","0.102","-0.56","-0.478","bajo"
"difamación","libel","anger","-0.744","0.388","-0.194","alto"
"difamación","defamation","disgust","-0.78","0.34","-0.038","alto"
"difamación","libel","fear","-0.744","0.388","-0.194","alto"
"difamación","defamation","fear","-0.78","0.34","-0.038","alto"
"difamación","libel","trust","-0.744","0.388","-0.194","alto"
"difamatorio","defamatory","anger","-0.714","0.376","-0.196","alto"
"diferencial","differential","trust","0.04","-0.244","0.07","medio"
"diferentemente","differently","surprise","-0.04","-0.138","0.012","medio"
"dificil","struggle","anger","-0.27","0.64","0.482","alto"
"dificil","struggle","fear","-0.27","0.64","0.482","alto"
"dificil","struggle","sadness","-0.27","0.64","0.482","alto"
"difícil","uneasy","disgust","-0.77","0.196","-0.302","medio"
"difícil","uneasy","fear","-0.77","0.196","-0.302","medio"
"difícil","difficult","fear","-0.53","0.4","0.016","alto"
"dificultad","difficulty","anger","-0.754","0.351","-0.442","alto"
"dificultad","difficulty","fear","-0.754","0.351","-0.442","alto"
"dificultad","difficulty","sadness","-0.754","0.351","-0.442","alto"
"dificultades","difficulties","sadness","-0.836","0.568","-0.286","alto"
"difunto","defunct","sadness","-0.776","-0.018","-0.456","medio"
"dígito","digit","trust","-0.106","-0.428","-0.334","bajo"
"dignidad","dignity","trust","0.688","-0.218","0.746","medio"
"dilema","quandary","anger","-0.584","0.15","-0.156","medio"
"dilema","quandary","fear","-0.584","0.15","-0.156","medio"
"diligencia","diligence","trust","0.376","-0.154","0.4","medio"
"dilucidar","elucidate","trust","0.166","0.018","0.036","medio"
"diluvio","deluge","fear","-0.51","0.428","0.224","alto"
"diluvio","deluge","sadness","-0.51","0.428","0.224","alto"
"diluvio","deluge","surprise","-0.51","0.428","0.224","alto"
"dimes y diretes","bickering","anger","-0.756","0.6","0.072","alto"
"dimes y diretes","bickering","disgust","-0.756","0.6","0.072","alto"
"dinámica","dynamic","surprise","0.448","0.5","0.672","alto"
"dinero","cash","anger","0.734","0.104","0.428","medio"
"dinero","money","anger","0.688","0.216","0.654","medio"
"dinero","money","anticipation","0.688","0.216","0.654","medio"
"dinero","cash","anticipation","0.734","0.104","0.428","medio"
"dinero","cash","fear","0.734","0.104","0.428","medio"
"dinero","cash","joy","0.734","0.104","0.428","medio"
"dinero","money","joy","0.688","0.216","0.654","medio"
"dinero","money","surprise","0.688","0.216","0.654","medio"
"dinero","cash","trust","0.734","0.104","0.428","medio"
"dinero","money","trust","0.688","0.216","0.654","medio"
"dinosaurio","dinosaur","fear","-0.104","0.26","0.192","medio"
"dios","god","anticipation","0.516","0.036","0.772","medio"
"dios","god","fear","0.516","0.036","0.772","medio"
"dios","god","joy","0.516","0.036","0.772","medio"
"dios","god","trust","0.516","0.036","0.772","medio"
"diplomacia","diplomacy","anticipation","0.48","-0.208","0.548","medio"
"diplomacia","diplomacy","trust","0.48","-0.208","0.548","medio"
"diplomático","politic","disgust","-0.27","0.162","0.596","medio"
"diplomático","diplomatic","trust","0.306","-0.274","0.836","medio"
"diputado","deputy","trust","-0.142","0.06","0.574","medio"
"dique","dike","fear","-0.28","-0.232","-0.02","medio"
"dique","levee","trust","0.04","-0.352","-0.02","bajo"
"direcciones","addresses","anticipation","0.02","-0.292","-0.1","medio"
"directo","straightforward","trust","0.56","-0.7","-0.24","bajo"
"director","director","trust","0.376","0.16","0.824","medio"
"discapacidad","disability","sadness","-0.854","-0.036","-0.654","medio"
"disciplina","discipline","fear","0.23","-0.058","0.612","medio"
"discípulo","disciple","trust","0.53","-0.23","-0.076","medio"
"discontinuidad","discontinuity","disgust","-0.394","-0.122","-0.5","medio"
"discontinuidad","discontinuity","fear","-0.394","-0.122","-0.5","medio"
"discontinuidad","discontinuity","sadness","-0.394","-0.122","-0.5","medio"
"discorde","jarring","fear","-0.58","0.346","-0.382","alto"
"discorde","jarring","sadness","-0.58","0.346","-0.382","alto"
"discordia","discord","anger","-0.733","0.764","-0.07","alto"
"discordia","discord","disgust","-0.733","0.764","-0.07","alto"
"discreción","discretion","anticipation","0.104","-0.36","0.37","bajo"
"discreción","discretion","trust","0.104","-0.36","0.37","bajo"
"discrepar","disagree","anger","-0.734","0.18","-0.31","medio"
"discreto","discreet","anticipation","0.104","-0.568","0.064","bajo"
"discriminación","discrimination","anger","-0.898","0.448","-0.242","alto"
"discriminación","discrimination","disgust","-0.898","0.448","-0.242","alto"
"discriminación","discrimination","fear","-0.898","0.448","-0.242","alto"
"discriminación","discrimination","sadness","-0.898","0.448","-0.242","alto"
"discriminante","discriminating","disgust","-0.68","0.566","-0.076","alto"
"discriminar","discriminate","anger","-0.75","0.522","-0.268","alto"
"discriminar","discriminate","sadness","-0.75","0.522","-0.268","alto"
"disculparse","apologize","sadness","0.102","-0.244","-0.222","medio"
"disculparse","apologize","trust","0.102","-0.244","-0.222","medio"
"discutiendo","wrangling","anger","-0.708","0.73","0.17","alto"
"discutiendo","wrangling","disgust","-0.708","0.73","0.17","alto"
"discutiendo","wrangling","fear","-0.708","0.73","0.17","alto"
"discutiendo","wrangling","sadness","-0.708","0.73","0.17","alto"
"discutir","argue","anger","-0.814","0.596","0.05","alto"
"disección","dissection","disgust","-0.448","0.264","-0.076","medio"
"disensión","dissension","anger","-0.5","0.236","-0.172","medio"
"disentería","dysentery","disgust","-0.48","0.056","-0.31","medio"
"disentería","dysentery","sadness","-0.48","0.056","-0.31","medio"
"disfrutando","enjoying","anticipation","0.816","0.518","0.518","alto"
"disfrutando","enjoying","joy","0.816","0.518","0.518","alto"
"disfrutando","enjoying","trust","0.816","0.518","0.518","alto"
"disfrutar","enjoy","anticipation","0.918","0.45","0.5","alto"
"disfrutar","enjoy","joy","0.918","0.45","0.5","alto"
"disfrutar","enjoy","trust","0.918","0.45","0.5","alto"
"disgustado","disliked","anger","-0.876","0.02","-0.558","medio"
"disgustado","displeased","anger","-0.73","0.38","-0.2","alto"
"disgustado","displeased","disgust","-0.73","0.38","-0.2","alto"
"disgustado","displeased","fear","-0.73","0.38","-0.2","alto"
"disgustado","displeased","sadness","-0.73","0.38","-0.2","alto"
"disgustado","disliked","sadness","-0.876","0.02","-0.558","medio"
"disgusto","dislike","anger","-0.688","-0.188","-0.358","medio"
"disgusto","dislike","disgust","-0.688","-0.188","-0.358","medio"
"disgusto","distaste","disgust","-0.632","0.25","-0.26","medio"
"disgusto","displeasure","disgust","-0.77","0.118","-0.5","medio"
"disgusto","chagrin","disgust","-0.834","0.408","-0.593","alto"
"disgusto","chagrin","sadness","-0.834","0.408","-0.593","alto"
"disidente","dissident","anger","-0.3","0.164","-0.174","medio"
"disidente","dissident","fear","-0.3","0.164","-0.174","medio"
"disipar","dispel","sadness","-0.224","-0.196","-0.178","medio"
"dislocado","dislocated","anger","-0.75","0.25","-0.6","medio"
"dislocado","dislocated","disgust","-0.75","0.25","-0.6","medio"
"dislocado","dislocated","fear","-0.75","0.25","-0.6","medio"
"dislocado","dislocated","sadness","-0.75","0.25","-0.6","medio"
"disminuir","diminish","sadness","-0.52","-0.286","-0.666","medio"
"disolución","dissolution","anger","-0.592","-0.072","-0.302","medio"
"disolución","dissolution","fear","-0.592","-0.072","-0.302","medio"
"disolución","dissolution","sadness","-0.592","-0.072","-0.302","medio"
"disolución","dissolution","surprise","-0.592","-0.072","-0.302","medio"
"disonancia","dissonance","anger","-0.654","-0.058","-0.328","medio"
"disparar","shoot","anger","-0.816","0.852","0.25","alto"
"disparar","shoot","fear","-0.816","0.852","0.25","alto"
"disparidad","disparity","anger","-0.584","-0.036","-0.278","medio"
"disparidad","disparity","disgust","-0.584","-0.036","-0.278","medio"
"disparidad","disparity","sadness","-0.584","-0.036","-0.278","medio"
"Disparo","shot","anger","-0.712","0.5","0.138","alto"
"Disparo","shot","fear","-0.712","0.5","0.138","alto"
"Disparo","shot","sadness","-0.712","0.5","0.138","alto"
"Disparo","shot","surprise","-0.712","0.5","0.138","alto"
"disponer","dispose","disgust","0.096","0.076","0.118","medio"
"dispuesto","disposed","anticipation","0.376","-0.118","0.25","medio"
"dispuesto","disposed","trust","0.376","-0.118","0.25","medio"
"disputa","quarrel","anger","-0.776","0.858","-0.008","alto"
"disputar","dispute","anger","-0.562","0.5","0.17","alto"
"distorsionado","distorted","disgust","-0.5","0.042","-0.44","medio"
"distraído","distracted","anger","-0.612","-0.216","-0.574","medio"
"distrayendo","distracting","anger","-0.11","0.166","-0.2","medio"
"distrayendo","distracting","anticipation","-0.11","0.166","-0.2","medio"
"disturbio","riot","anger","-0.878","0.892","0.172","alto"
"disturbio","disturbance","anger","-0.708","0.814","-0.192","alto"
"disturbio","riot","fear","-0.878","0.892","0.172","alto"
"disturbio","disturbance","fear","-0.708","0.814","-0.192","alto"
"disturbio","disturbance","sadness","-0.708","0.814","-0.192","alto"
"disturbio","disturbance","surprise","-0.708","0.814","-0.192","alto"
"divagar","digress","anticipation","-0.458","0.25","-0.178","medio"
"diván","divan","trust","0.5","-0.596","-0.476","bajo"
"divergente","divergent","surprise","-0.102","0.32","0.174","medio"
"diversión","amusement","joy","0.858","0.674","0.606","alto"
"divertida","fun","anticipation","0.836","0.686","0.334","alto"
"divertida","fun","joy","0.836","0.686","0.334","alto"
"divertidísimo","hilarious","joy","0.5","0.28","0.074","medio"
"divertidísimo","hilarious","surprise","0.5","0.28","0.074","medio"
"divertido","amused","joy","0.884","0.694","0.192","alto"
"divorcio","divorce","anger","-0.916","0.4","-0.23","alto"
"divorcio","divorce","disgust","-0.916","0.4","-0.23","alto"
"divorcio","divorce","fear","-0.916","0.4","-0.23","alto"
"divorcio","divorce","sadness","-0.916","0.4","-0.23","alto"
"divorcio","divorce","surprise","-0.916","0.4","-0.23","alto"
"divorcio","divorce","trust","-0.916","0.4","-0.23","alto"
"doctrina","doctrine","trust","0","-0.212","0.538","medio"
"dogma","dogma","trust","0.06","-0.08","0.438","medio"
"dogmático","opinionated","anger","-0.688","0.6","-0.018","alto"
"dólar","buck","fear","0.354","0.154","0.44","medio"
"dólar","buck","surprise","0.354","0.154","0.44","medio"
"dolor","pain","fear","-0.918","0.53","-0.351","alto"
"dolor","pain","sadness","-0.918","0.53","-0.351","alto"
"dolor","aching","sadness","-0.894","0.76","-0.304","alto"
"dolor","dolor","sadness","-0.666","0.27","-0.25","medio"
"dolor","ache","sadness","-0.708","0.52","-0.376","alto"
"dolor","grief","sadness","-0.86","0.28","-0.052","medio"
"dolor de muelas","toothache","fear","-0.624","0.706","-0.176","alto"
"dolorido","pained","fear","-0.776","0","-0.5","medio"
"dolorido","pained","sadness","-0.776","0","-0.5","medio"
"dolorosamente","sorely","sadness","-0.432","0.454","-0.26","alto"
"doloroso","sore","anger","-0.812","0.3","-0.552","medio"
"doloroso","painful","anger","-0.9","0.484","-0.34","alto"
"doloroso","painful","disgust","-0.9","0.484","-0.34","alto"
"doloroso","painful","fear","-0.9","0.484","-0.34","alto"
"doloroso","sore","sadness","-0.812","0.3","-0.552","medio"
"doloroso","painful","sadness","-0.9","0.484","-0.34","alto"
"dominación","domination","anger","0.01","0.572","0.959","alto"
"dominación","domination","fear","0.01","0.572","0.959","alto"
"dominación","domination","sadness","0.01","0.572","0.959","alto"
"dominante","dominant","fear","-0.188","0.708","0.786","alto"
"dominante","commanding","trust","0.124","0.328","0.85","medio"
"dominar","dominate","anger","-0.122","0.628","0.953","alto"
"dominar","dominate","fear","-0.122","0.628","0.953","alto"
"dominio","dominion","fear","0.084","0.408","0.78","alto"
"dominio","dominion","trust","0.084","0.408","0.78","alto"
"don","don","trust","0.292","-0.092","0.404","medio"
"dotación","endowment","trust","0.37","0.156","0.294","medio"
"dotar","endow","trust","0.368","-0.204","0.218","medio"
"drogado","drugged","sadness","-0.759","0.546","-0.917","alto"
"duda","doubt","fear","-0.21","-0.298","-0.538","medio"
"duda","doubt","sadness","-0.21","-0.298","-0.538","medio"
"duda","doubt","trust","-0.21","-0.298","-0.538","medio"
"dudoso","dubious","fear","-0.172","-0.04","-0.604","medio"
"dudoso","dubious","trust","-0.172","-0.04","-0.604","medio"
"duelo","duel","anger","-0.458","0.392","0.178","alto"
"duelo","duel","anticipation","-0.458","0.392","0.178","alto"
"duelo","duel","fear","-0.458","0.392","0.178","alto"
"duelo","bereavement","sadness","-0.47","0.354","0","alto"
"duende","elf","anger","-0.08","-0.086","-0.37","medio"
"duende","goblin","disgust","-0.334","0.084","-0.246","medio"
"duende","elf","disgust","-0.08","-0.086","-0.37","medio"
"duende","sprite","fear","0.122","-0.124","0.25","medio"
"duende","goblin","fear","-0.334","0.084","-0.246","medio"
"duende","elf","fear","-0.08","-0.086","-0.37","medio"
"dulce","sweet","anticipation","0.336","-0.164","-0.236","medio"
"dulce","sweet","joy","0.336","-0.164","-0.236","medio"
"dulce","sweet","surprise","0.336","-0.164","-0.236","medio"
"dulce","sweet","trust","0.336","-0.164","-0.236","medio"
"dulces","sweets","anticipation","0.82","-0.156","-0.358","medio"
"dulces","sweets","joy","0.82","-0.156","-0.358","medio"
"duplicidad","duplicity","anger","-0.188","0","0.156","medio"
"durabilidad","durability","trust","0.5","-0.204","0.626","medio"
"durable","durable","trust","0.48","-0.412","0.376","bajo"
"dureza","harshness","anger","-0.354","0.2","0.558","medio"
"dureza","harshness","fear","-0.354","0.2","0.558","medio"
"echando humo","fuming","anger","-0.52","0.32","-0.038","medio"
"economía","economy","trust","0.166","-0.132","0.542","medio"
"edición","edition","anticipation","0.084","-0.09","0.128","medio"
"edicto","edict","fear","-0.368","0.094","0.12","medio"
"edificación","uplift","anticipation","0.312","0.558","0.542","alto"
"edificación","edification","anticipation","0.25","-0.038","0.394","medio"
"edificación","edification","joy","0.25","-0.038","0.394","medio"
"edificación","uplift","joy","0.312","0.558","0.542","alto"
"edificación","uplift","trust","0.312","0.558","0.542","alto"
"edificación","edification","trust","0.25","-0.038","0.394","medio"
"educativo","educational","trust","0.49","-0.086","0.528","medio"
"eficaz","effective","trust","0.688","0.264","0.661","medio"
"eficiente","efficient","anticipation","0.918","0.208","0.66","medio"
"eficiente","efficient","trust","0.918","0.208","0.66","medio"
"efigie","effigy","anger","0.02","-0.12","-0.198","medio"
"egoísta","selfish","anger","-0.878","0.274","-0.01","medio"
"egoísta","selfish","disgust","-0.878","0.274","-0.01","medio"
"ególatra","egotistical","disgust","-0.688","0.334","-0.274","alto"
"ejecución","execution","anger","-0.68","0.622","0.426","alto"
"ejecución","execution","fear","-0.68","0.622","0.426","alto"
"ejecución","execution","sadness","-0.68","0.622","0.426","alto"
"ejecución","execution","trust","-0.68","0.622","0.426","alto"
"ejecutor","executor","trust","-0.27","0.51","0.518","alto"
"el embarazo","pregnancy","disgust","0.48","0.538","0.138","alto"
"electo","elect","trust","0.334","0.108","0.322","medio"
"electorado","electorate","trust","0.12","-0.24","0.392","medio"
"eléctrico","electric","joy","-0.084","0.416","0.024","alto"
"eléctrico","electric","surprise","-0.084","0.416","0.024","alto"
"elegancia","elegance","anticipation","0.836","-0.208","0.648","medio"
"elegancia","elegance","joy","0.836","-0.208","0.648","medio"
"elegancia","elegance","trust","0.836","-0.208","0.648","medio"
"elegante","elegant","joy","0.73","-0.015","0.37","medio"
"elevación","elevation","anticipation","0.52","0.518","0.422","alto"
"elevación","elevation","fear","0.52","0.518","0.422","alto"
"elevación","elevation","joy","0.52","0.518","0.422","alto"
"elevación","elevation","trust","0.52","0.518","0.422","alto"
"eliminación","elimination","anger","-0.896","0.334","-0.138","alto"
"eliminación","elimination","disgust","-0.896","0.334","-0.138","alto"
"eliminación","elimination","fear","-0.896","0.334","-0.138","alto"
"eliminación","elimination","sadness","-0.896","0.334","-0.138","alto"
"élite","elite","anticipation","0.376","0.408","0.474","alto"
"élite","elite","joy","0.376","0.408","0.474","alto"
"élite","elite","trust","0.376","0.408","0.474","alto"
"elogio","praise","joy","0.552","-0.226","0.316","medio"
"elogio","praise","trust","0.552","-0.226","0.316","medio"
"elusivo","elusive","surprise","-0.542","0.23","-0.068","medio"
"emancipación","emancipation","anticipation","0.408","0.368","0.526","alto"
"emancipación","emancipation","joy","0.408","0.368","0.526","alto"
"embajador","ambassador","trust","0.302","0.058","0.834","medio"
"Embarcacion","ship","anticipation","0.292","0","-0.122","medio"
"embargo","seizure","fear","-0.646","0.55","-0.076","alto"
"embellecer","beautify","joy","0.796","0.184","0.472","medio"
"embellecimiento","beautification","joy","0.77","0.15","0.45","medio"
"embellecimiento","beautification","trust","0.77","0.15","0.45","medio"
"embolia","embolism","fear","-0.792","0.32","-0.396","medio"
"embolia","embolism","sadness","-0.792","0.32","-0.396","medio"
"emboscada","ambush","anger","-0.438","0.66","0","alto"
"emboscada","ambush","fear","-0.438","0.66","0","alto"
"emboscada","ambush","surprise","-0.438","0.66","0","alto"
"embriagado","intoxicated","disgust","-0.842","0.648","-0.508","alto"
"emergencia","emergency","fear","-0.6","0.8","0.142","alto"
"emergencia","emergency","sadness","-0.6","0.8","0.142","alto"
"emergencia","emergency","surprise","-0.6","0.8","0.142","alto"
"eminencia","eminence","trust","0.632","0.288","0.674","medio"
"emoción","thrill","anticipation","0.776","0.674","0.422","alto"
"emoción","thrill","fear","0.776","0.674","0.422","alto"
"emoción","thrill","joy","0.776","0.674","0.422","alto"
"emoción","thrill","surprise","0.776","0.674","0.422","alto"
"emocionante","exciting","anticipation","0.9","0.584","0.578","alto"
"emocionante","thrilling","anticipation","0.893","0.808","0.595","alto"
"emocionante","exciting","joy","0.9","0.584","0.578","alto"
"emocionante","thrilling","joy","0.893","0.808","0.595","alto"
"emocionante","thrilling","surprise","0.893","0.808","0.595","alto"
"emocionante","exciting","surprise","0.9","0.584","0.578","alto"
"empeñar","pawn","trust","-0.22","-0.358","-0.626","bajo"
"empeño","endeavor","anticipation","0.354","0.51","0.53","alto"
"empeorando","worsening","disgust","-0.77","0.37","-0.596","alto"
"empeorando","worsening","sadness","-0.77","0.37","-0.596","alto"
"empequeñecer","belittle","anger","-0.756","-0.166","-0.5","medio"
"empequeñecer","belittle","disgust","-0.756","-0.166","-0.5","medio"
"empequeñecer","belittle","fear","-0.756","-0.166","-0.5","medio"
"empequeñecer","belittle","sadness","-0.756","-0.166","-0.5","medio"
"emplear","employ","trust","0.458","-0.038","0.404","medio"
"empresa","undertaking","anticipation","0.334","0.06","0.392","medio"
"empujón","shove","anger","-0.388","0.38","0.204","alto"
"en caso","incase","anger","0.16","-0.471","-0.27","bajo"
"en caso","incase","disgust","0.16","-0.471","-0.27","bajo"
"en caso","incase","fear","0.16","-0.471","-0.27","bajo"
"en caso","incase","sadness","0.16","-0.471","-0.27","bajo"
"en curso","ongoing","anticipation","0.348","-0.032","0.112","medio"
"en desacuerdo","disagreeing","anger","-0.49","0.286","-0.3","medio"
"en desacuerdo","disagreeing","sadness","-0.49","0.286","-0.3","medio"
"en desuso","disused","anger","-0.5","-0.396","-0.628","bajo"
"en mal estado","shabby","disgust","-0.53","0.038","-0.482","medio"
"en peligro de extinción","endangered","fear","-0.834","0.77","-0.14","alto"
"en verdad","verily","trust","0.426","-0.298","0.17","medio"
"enajenar","alienate","anger","-0.506","0","0.046","medio"
"enajenar","alienate","disgust","-0.506","0","0.046","medio"
"enano","dwarfed","fear","-0.27","-0.47","-0.414","bajo"
"enano","dwarfed","sadness","-0.27","-0.47","-0.414","bajo"
"encadenar","shackle","anger","-0.448","0.16","-0.172","medio"
"encadenar","shackle","anticipation","-0.448","0.16","-0.172","medio"
"encadenar","shackle","disgust","-0.448","0.16","-0.172","medio"
"encadenar","shackle","fear","-0.448","0.16","-0.172","medio"
"encadenar","shackle","sadness","-0.448","0.16","-0.172","medio"
"encaja","fits","anger","0.142","-0.274","0.16","medio"
"encantado","pleased","joy","0.878","0.096","0.59","medio"
"encantado","enchanted","joy","0.834","0.266","0.374","medio"
"encantado","enchanted","trust","0.834","0.266","0.374","medio"
"Encantado","charmed","joy","0.876","0.14","0.538","medio"
"encantador","delightful","anticipation","0.836","0.47","0.288","alto"
"encantador","enchanting","anticipation","0.834","0.362","0.416","alto"
"encantador","enchanting","joy","0.834","0.362","0.416","alto"
"encantador","delightful","joy","0.836","0.47","0.288","alto"
"encantador","delightful","trust","0.836","0.47","0.288","alto"
"encantar","enchant","anticipation","0.746","0.3","0.286","medio"
"encantar","enchant","joy","0.746","0.3","0.286","medio"
"encantar","enchant","surprise","0.746","0.3","0.286","medio"
"encapuchado","hooded","fear","-0.388","0.49","-0.122","alto"
"encarcelado","imprisoned","anger","-0.936","0.434","-0.396","alto"
"encarcelado","imprisoned","disgust","-0.936","0.434","-0.396","alto"
"encarcelado","imprisoned","fear","-0.936","0.434","-0.396","alto"
"encarcelado","imprisoned","sadness","-0.936","0.434","-0.396","alto"
"encarcelamiento","incarceration","anger","-0.8","0.6","-0.206","alto"
"encarcelamiento","incarceration","disgust","-0.8","0.6","-0.206","alto"
"encarcelamiento","incarceration","fear","-0.8","0.6","-0.206","alto"
"encarcelamiento","incarceration","sadness","-0.8","0.6","-0.206","alto"
"enciclopedia","encyclopedia","trust","0.358","-0.36","0.29","bajo"
"enclenque","weakly","fear","-0.46","-0.49","-0.889","bajo"
"enclenque","weakly","sadness","-0.46","-0.49","-0.889","bajo"
"encogerse","shrink","fear","-0.23","-0.094","-0.456","medio"
"encogerse","shrink","sadness","-0.23","-0.094","-0.456","medio"
"encubrir","conceal","sadness","-0.376","-0.128","-0.388","medio"
"encuesta","poll","trust","0.104","0","0.108","medio"
"endeble","wimp","disgust","-0.632","-0.02","-0.75","medio"
"endeble","wimp","fear","-0.632","-0.02","-0.75","medio"
"endémico","endemic","disgust","-0.188","-0.04","-0.034","medio"
"endémico","endemic","fear","-0.188","-0.04","-0.034","medio"
"endémico","endemic","sadness","-0.188","-0.04","-0.034","medio"
"endocarditis","endocarditis","fear","-0.53","0.174","-0.176","medio"
"endocarditis","endocarditis","sadness","-0.53","0.174","-0.176","medio"
"enema","enema","disgust","-0.438","0.346","-0.464","alto"
"enemigo","enemy","anger","-0.73","0.588","0.182","alto"
"enemigo","foe","anger","-0.858","0.654","-0.082","alto"
"enemigo","enemy","disgust","-0.73","0.588","0.182","alto"
"enemigo","enemy","fear","-0.73","0.588","0.182","alto"
"enemigo","foe","fear","-0.858","0.654","-0.082","alto"
"enemistad","enmity","anger","-0.862","0.412","-0.236","alto"
"enemistad","enmity","fear","-0.862","0.412","-0.236","alto"
"enemistad","enmity","sadness","-0.862","0.412","-0.236","alto"
"enfadado","angry","anger","-0.756","0.66","0.208","alto"
"enfadado","angry","disgust","-0.756","0.66","0.208","alto"
"enfado","anger","anger","-0.666","0.73","0.314","alto"
"enfatizar","emphasize","trust","0.02","0.21","0.538","medio"
"enfermedad","disease","anger","-0.918","0.078","-0.334","medio"
"enfermedad","disease","disgust","-0.918","0.078","-0.334","medio"
"enfermedad","sickness","disgust","-0.812","0.408","-0.424","alto"
"enfermedad","sickness","fear","-0.812","0.408","-0.424","alto"
"enfermedad","infirmity","fear","-0.812","-0.036","-0.496","medio"
"enfermedad","disease","fear","-0.918","0.078","-0.334","medio"
"enfermedad","illness","fear","-0.804","0.434","-0.578","alto"
"enfermedad","disease","sadness","-0.918","0.078","-0.334","medio"
"enfermedad","sickness","sadness","-0.812","0.408","-0.424","alto"
"enfermedad","illness","sadness","-0.804","0.434","-0.578","alto"
"enfermera","nurse","trust","0.27","0.156","0.042","medio"
"enfermizo","sickly","disgust","-0.624","0.1","-0.618","medio"
"enfermizo","sickly","sadness","-0.624","0.1","-0.618","medio"
"enfermo","ill","anger","-0.854","-0.18","-0.6","medio"
"enfermo","sick","disgust","-0.792","-0.138","-0.728","medio"
"enfermo","diseased","disgust","-0.754","0.02","-0.732","medio"
"enfermo","ill","disgust","-0.854","-0.18","-0.6","medio"
"enfermo","ailing","fear","-0.812","0.036","-0.694","medio"
"enfermo","ill","fear","-0.854","-0.18","-0.6","medio"
"enfermo","diseased","fear","-0.754","0.02","-0.732","medio"
"enfermo","diseased","sadness","-0.754","0.02","-0.732","medio"
"enfermo","ailing","sadness","-0.812","0.036","-0.694","medio"
"enfermo","ill","sadness","-0.854","-0.18","-0.6","medio"
"enfermo","sick","sadness","-0.792","-0.138","-0.728","medio"
"engancharse","snag","surprise","-0.166","-0.5","-0.322","bajo"
"engañado","deceived","anger","-0.882","0.346","-0.396","alto"
"engañar","deceive","anger","-0.906","0.585","-0.172","alto"
"engañar","dupe","anger","-0.632","0.52","-0.346","alto"
"engañar","mislead","anger","-0.666","0.53","-0.176","alto"
"engañar","deceive","disgust","-0.906","0.585","-0.172","alto"
"engañar","fool","disgust","-0.68","0.12","-0.704","medio"
"engañar","mislead","fear","-0.666","0.53","-0.176","alto"
"engañar","deceive","sadness","-0.906","0.585","-0.172","alto"
"engañar","mislead","trust","-0.666","0.53","-0.176","alto"
"engaño","delusion","anger","-0.312","0.294","-0.2","medio"
"engaño","deceit","anger","-0.98","0.53","-0.407","alto"
"engaño","deceit","disgust","-0.98","0.53","-0.407","alto"
"engaño","deceit","fear","-0.98","0.53","-0.407","alto"
"engaño","delusion","fear","-0.312","0.294","-0.2","medio"
"engaño","delusion","sadness","-0.312","0.294","-0.2","medio"
"engaño","deceit","sadness","-0.98","0.53","-0.407","alto"
"engaño","deceit","surprise","-0.98","0.53","-0.407","alto"
"engañoso","misleading","anger","-0.86","0.32","-0.456","medio"
"engañoso","misleading","disgust","-0.86","0.32","-0.456","medio"
"engañoso","deceitful","disgust","-0.858","0.576","-0.258","alto"
"engañoso","deceitful","sadness","-0.858","0.576","-0.258","alto"
"engañoso","deceiving","trust","-0.802","0.272","-0.148","medio"
"engatusar","coax","trust","-0.266","-0.2","-0.106","medio"
"enigma","riddle","surprise","0.042","0.166","0.086","medio"
"enigmático","enigmatic","fear","-0.062","0.178","0.358","medio"
"enjambre","swarm","disgust","-0.396","0.47","-0.084","alto"
"enjuiciamiento","prosecution","disgust","-0.51","0.714","0.294","alto"
"enjuiciar","prosecute","anger","-0.042","0.174","0.538","medio"
"enjuiciar","prosecute","fear","-0.042","0.174","0.538","medio"
"enjuiciar","prosecute","sadness","-0.042","0.174","0.538","medio"
"enloquecer","madden","anger","-0.342","0.204","-0.086","medio"
"enloquecer","madden","fear","-0.342","0.204","-0.086","medio"
"enloquecido","berserk","anger","-0.204","0.112","-0.04","medio"
"enojado","mad","anger","-0.562","0.746","-0.446","alto"
"enojado","mad","disgust","-0.562","0.746","-0.446","alto"
"enojado","mad","fear","-0.562","0.746","-0.446","alto"
"enojado","mad","sadness","-0.562","0.746","-0.446","alto"
"enojarse","annoy","anger","-0.812","0.53","-0.428","alto"
"enojarse","annoy","disgust","-0.812","0.53","-0.428","alto"
"enorme","egregious","anger","-0.7","0.432","-0.116","alto"
"enorme","egregious","disgust","-0.7","0.432","-0.116","alto"
"enredado","entangled","anger","-0.362","0.156","-0.286","medio"
"enredado","entangled","disgust","-0.362","0.156","-0.286","medio"
"enredado","entangled","fear","-0.362","0.156","-0.286","medio"
"enredado","entangled","sadness","-0.362","0.156","-0.286","medio"
"ensenada","cove","anticipation","0","-0.392","-0.26","bajo"
"ensenada","cove","disgust","0","-0.392","-0.26","bajo"
"ensenada","cove","fear","0","-0.392","-0.26","bajo"
"ensenada","cove","joy","0","-0.392","-0.26","bajo"
"enseñar","teach","joy","0.68","0.02","0.704","medio"
"enseñar","teach","surprise","0.68","0.02","0.704","medio"
"enseñar","teach","trust","0.68","0.02","0.704","medio"
"enseñó","taught","trust","0.628","-0.038","0.284","medio"
"ensueño","reverie","joy","0.334","-0.174","-0.058","medio"
"ensueño","reverie","trust","0.334","-0.174","-0.058","medio"
"enterrado","buried","fear","-0.734","0.06","-0.26","medio"
"enterrado","buried","sadness","-0.734","0.06","-0.26","medio"
"enterrador","undertaker","sadness","-0.274","0.392","0.222","alto"
"enterrar","bury","sadness","-0.846","0.142","-0.308","medio"
"enterrar","inter","sadness","0.02","-0.25","-0.068","medio"
"entierro","burial","anger","-0.594","0.154","-0.334","medio"
"entierro","burial","fear","-0.594","0.154","-0.334","medio"
"entierro","interment","sadness","-0.53","0.216","-0.308","medio"
"entierro","burial","sadness","-0.594","0.154","-0.334","medio"
"entrañas","entrails","disgust","-0.27","0.076","-0.226","medio"
"entrega","delivery","anticipation","0.408","-0.078","0.572","medio"
"entrenador","trainer","trust","0.396","0.438","0.648","alto"
"entrenador","coach","trust","0.266","0.646","0.47","alto"
"entretener","amuse","joy","0.624","0.368","0.328","alto"
"entretener","entertain","joy","0.836","0.368","0.196","alto"
"entretenido","entertaining","anticipation","0.666","0.316","0.32","medio"
"entretenido","entertaining","joy","0.666","0.316","0.32","medio"
"entretenido","amusing","joy","0.92","0.658","0.264","alto"
"entretenido","entertained","joy","0.804","0.288","0.424","medio"
"entretenimiento","entertainment","anticipation","0.694","0.5","0.138","alto"
"entretenimiento","entertainment","joy","0.694","0.5","0.138","alto"
"entretenimiento","entertainment","surprise","0.694","0.5","0.138","alto"
"entretenimiento","entertainment","trust","0.694","0.5","0.138","alto"
"entrevistador","interviewer","fear","0.104","0.472","0.632","alto"
"entrometerse","meddle","anger","-0.396","0.54","0.052","alto"
"entumecimiento","numbness","sadness","-0.388","-0.204","-0.47","medio"
"entusiasmado","excited","anticipation","0.816","0.862","0.418","alto"
"entusiasmado","excited","joy","0.816","0.862","0.418","alto"
"entusiasmado","excited","surprise","0.816","0.862","0.418","alto"
"entusiasmado","excited","trust","0.816","0.862","0.418","alto"
"entusiasmo","enthusiasm","anticipation","0.637","0.514","0.596","alto"
"entusiasmo","enthusiasm","joy","0.637","0.514","0.596","alto"
"entusiasmo","enthusiasm","surprise","0.637","0.514","0.596","alto"
"entusiasta","enthusiast","anticipation","0.734","0.62","0.75","alto"
"entusiasta","enthusiast","joy","0.734","0.62","0.75","alto"
"entusiasta","enthusiast","surprise","0.734","0.62","0.75","alto"
"envenenado","poisoned","anger","-0.886","0.616","-0.196","alto"
"envenenado","poisoned","disgust","-0.886","0.616","-0.196","alto"
"envenenado","poisoned","fear","-0.886","0.616","-0.196","alto"
"envenenado","poisoned","sadness","-0.886","0.616","-0.196","alto"
"envenenamiento","poisoning","disgust","-0.812","0.674","0.052","alto"
"enviar","submit","anticipation","0.27","-0.104","0","medio"
"epidemia","epidemic","anger","-0.816","0.66","0.222","alto"
"epidemia","epidemic","anticipation","-0.816","0.66","0.222","alto"
"epidemia","epidemic","disgust","-0.816","0.66","0.222","alto"
"epidemia","epidemic","fear","-0.816","0.66","0.222","alto"
"epidemia","epidemic","sadness","-0.816","0.66","0.222","alto"
"epidemia","epidemic","surprise","-0.816","0.66","0.222","alto"
"episcopal","episcopal","trust","0.084","-0.372","0.5","bajo"
"epitafio","epitaph","sadness","-0.448","-0.354","-0.116","bajo"
"equipo","team","trust","0.416","-0.078","0.376","medio"
"equivalente","tantamount","trust","0.266","-0.424","0.34","bajo"
"equivocado","misguided","disgust","-0.44","0.062","-0.482","medio"
"equivocado","mistaken","fear","-0.738","0.26","-0.576","medio"
"ermitaño","hermit","sadness","-0.458","-0.326","-0.298","medio"
"ermitaño","hermit","trust","-0.458","-0.326","-0.298","medio"
"erótico","erotic","anticipation","0.25","0.892","0.366","alto"
"erótico","erotic","joy","0.25","0.892","0.366","alto"
"erótico","erotic","surprise","0.25","0.892","0.366","alto"
"erótico","erotic","trust","0.25","0.892","0.366","alto"
"erradicación","eradication","anger","-0.584","0.576","0.37","alto"
"erradicación","eradication","disgust","-0.584","0.576","0.37","alto"
"erradicación","eradication","fear","-0.584","0.576","0.37","alto"
"erradicar","eradicate","anger","-0.48","0.38","0.372","alto"
"errático","erratic","surprise","-0.458","0.006","-0.566","medio"
"erróneo","fallacious","anger","-0.458","0.174","-0.22","medio"
"error","mistake","sadness","-0.584","0.17","-0.898","medio"
"error","error","sadness","-0.812","0.118","-0.604","medio"
"erupción","eruption","anger","-0.688","0.826","0.466","alto"
"erupción","eruption","fear","-0.688","0.826","0.466","alto"
"erupción","eruption","surprise","-0.688","0.826","0.466","alto"
"escalar","escalate","anger","0.306","0.428","0.456","alto"
"escándalo","fuss","anger","-0.188","0.752","-0.04","alto"
"escándalo","scandal","fear","-0.756","0.642","0.114","alto"
"escándalo","fuss","sadness","-0.188","0.752","-0.04","alto"
"escandaloso","scandalous","anger","-0.73","0.814","0.112","alto"
"escapado","escaped","fear","-0.27","0.51","0.036","alto"
"Escapar","escape","anticipation","-0.266","0.53","-0.104","alto"
"Escapar","escape","fear","-0.266","0.53","-0.104","alto"
"escaramuza","skirmish","anger","-0.42","0.28","-0.052","medio"
"escasez","shortage","anger","-0.812","-0.09","-0.604","medio"
"escasez","scarcity","anger","-0.666","0","-0.636","medio"
"escasez","paucity","anger","-0.694","-0.094","-0.65","medio"
"escasez","paucity","disgust","-0.694","-0.094","-0.65","medio"
"escasez","shortage","fear","-0.812","-0.09","-0.604","medio"
"escasez","scarcity","fear","-0.666","0","-0.636","medio"
"escasez","scarcity","sadness","-0.666","0","-0.636","medio"
"escasez","paucity","sadness","-0.694","-0.094","-0.65","medio"
"escasez","shortage","sadness","-0.812","-0.09","-0.604","medio"
"escaso","scarce","fear","-0.416","-0.352","-0.564","bajo"
"escaso","scarce","sadness","-0.416","-0.352","-0.564","bajo"
"escatimar","stint","fear","-0.02","-0.348","-0.316","bajo"
"escatimar","stint","sadness","-0.02","-0.348","-0.316","bajo"
"escéptico","sceptical","trust","-0.572","-0.226","-0.068","medio"
"esclavitud","slavery","anger","-0.896","0.566","-0.564","alto"
"esclavitud","slavery","disgust","-0.896","0.566","-0.564","alto"
"esclavitud","slavery","fear","-0.896","0.566","-0.564","alto"
"esclavitud","bondage","fear","-0.708","0.41","-0.29","alto"
"esclavitud","slavery","sadness","-0.896","0.566","-0.564","alto"
"esclavitud","bondage","sadness","-0.708","0.41","-0.29","alto"
"esclavizado","enslaved","anger","-0.792","0.44","-0.358","alto"
"esclavizado","enslaved","disgust","-0.792","0.44","-0.358","alto"
"esclavizado","enslaved","fear","-0.792","0.44","-0.358","alto"
"esclavizado","enslaved","sadness","-0.792","0.44","-0.358","alto"
"esclavo","slave","anger","-0.658","0.59","-0.698","alto"
"esclavo","slave","fear","-0.658","0.59","-0.698","alto"
"esclavo","slave","sadness","-0.658","0.59","-0.698","alto"
"escolta","escort","trust","0.458","-0.04","0.216","medio"
"escombros","debris","disgust","-0.73","-0.208","-0.346","medio"
"escombros","rubble","fear","-0.384","0.018","-0.422","medio"
"escombros","rubble","sadness","-0.384","0.018","-0.422","medio"
"escoria","scum","disgust","-0.286","-0.24","-0.564","medio"
"escorpión","scorpion","anger","-0.604","0.49","0.2","alto"
"escorpión","scorpion","disgust","-0.604","0.49","0.2","alto"
"escorpión","scorpion","fear","-0.604","0.49","0.2","alto"
"escorpión","scorpion","surprise","-0.604","0.49","0.2","alto"
"escritura","indenture","anger","-0.132","-0.236","0.272","medio"
"escritura","deed","trust","0.04","-0.36","0.184","bajo"
"escudete","gusset","trust","-0.146","-0.15","-0.154","medio"
"escudriñar","scrutinize","anticipation","-0.084","0.174","0.146","medio"
"escuela","school","trust","0.53","-0.154","0.266","medio"
"escupió","spat","anger","-0.146","-0.174","-0.382","medio"
"escupir","spit","disgust","-0.702","0.09","-0.128","medio"
"esfuerzo","brunt","anger","-0.592","0.5","-0.302","alto"
"esguince","sprain","sadness","-0.874","0.16","-0.232","medio"
"espaldarazo","accolade","anticipation","0.376","0.182","0.55","medio"
"espaldarazo","accolade","joy","0.376","0.182","0.55","medio"
"espaldarazo","accolade","surprise","0.376","0.182","0.55","medio"
"espaldarazo","accolade","trust","0.376","0.182","0.55","medio"
"espantado","aghast","disgust","-0.734","0.73","-0.072","alto"
"espantado","aghast","fear","-0.734","0.73","-0.072","alto"
"espantado","aghast","surprise","-0.734","0.73","-0.072","alto"
"espantapájaros","scarecrow","fear","-0.562","-0.452","-0.302","bajo"
"espantosamente","shockingly","surprise","0.02","0.848","0.442","alto"
"espantoso","frightful","anger","-0.75","0.51","-0.09","alto"
"espantoso","frightful","fear","-0.75","0.51","-0.09","alto"
"espantoso","frightful","sadness","-0.75","0.51","-0.09","alto"
"espasmo","spasm","fear","-0.612","0.188","-0.268","medio"
"especial","special","joy","0.688","0.204","0.46","medio"
"especialista","specialist","trust","0.52","0.124","0.754","medio"
"especializarse","specialize","trust","0.552","0.08","0.722","medio"
"espectacular","spectacular","anticipation","0.894","0.48","0.774","alto"
"espectacular","spectacular","surprise","0.894","0.48","0.774","alto"
"espectro","spook","fear","-0.346","0.774","-0.356","alto"
"espectro","specter","fear","-0.47","0.446","0.08","alto"
"espectro","specter","sadness","-0.47","0.446","0.08","alto"
"especulación","speculation","fear","-0.35","0.366","-0.212","alto"
"especulación","speculation","sadness","-0.35","0.366","-0.212","alto"
"especulativo","speculative","anticipation","-0.448","0.182","-0.072","medio"
"espejismo","illusion","surprise","0.124","-0.02","-0.226","medio"
"espeluznante","grisly","disgust","-0.834","0.726","-0.148","alto"
"espeluznante","lurid","disgust","-0.628","0.666","0.072","alto"
"espeluznante","grisly","fear","-0.834","0.726","-0.148","alto"
"esperado","expected","anticipation","0.458","-0.176","0.09","medio"
"esperando","expecting","anticipation","0.122","-0.1","-0.396","medio"
"esperanzado","hopeful","anticipation","0.894","-0.286","0.254","medio"
"esperanzado","hopeful","joy","0.894","-0.286","0.254","medio"
"esperanzado","hopeful","surprise","0.894","-0.286","0.254","medio"
"esperanzado","hopeful","trust","0.894","-0.286","0.254","medio"
"esperar","await","anticipation","-0.104","-0.472","-0.448","bajo"
"esperar","hope","anticipation","0.854","-0.366","0.478","bajo"
"esperar","hope","joy","0.854","-0.366","0.478","bajo"
"esperar","hope","surprise","0.854","-0.366","0.478","bajo"
"esperar","hope","trust","0.854","-0.366","0.478","bajo"
"Espere","wait","anticipation","-0.552","-0.666","-0.472","bajo"
"espinilla","pimple","disgust","-0.51","-0.26","-0.452","medio"
"espinoso","thorny","fear","-0.646","0.38","0","alto"
"espíritu","liquor","anger","0.206","0.404","-0.134","alto"
"espíritu","spirits","anticipation","0.166","0.694","0.09","alto"
"espíritu","spirits","joy","0.166","0.694","0.09","alto"
"espíritu","liquor","joy","0.206","0.404","-0.134","alto"
"espíritu","liquor","sadness","0.206","0.404","-0.134","alto"
"espíritu","spirits","surprise","0.166","0.694","0.09","alto"
"espléndido","splendid","joy","0.792","0.48","0.62","alto"
"espléndido","splendid","surprise","0.792","0.48","0.62","alto"
"esplendor","splendor","anticipation","0.854","0.224","0.7","medio"
"esplendor","splendor","joy","0.854","0.224","0.7","medio"
"esplendor","splendor","surprise","0.854","0.224","0.7","medio"
"esposa","spouse","joy","0.5","0.2","0.29","medio"
"esposa","spouse","trust","0.5","0.2","0.29","medio"
"espurio","spurious","disgust","-0.644","-0.04","-0.314","medio"
"esquizofrenia","schizophrenia","anger","-0.816","0.76","-0.13","alto"
"esquizofrenia","schizophrenia","disgust","-0.816","0.76","-0.13","alto"
"esquizofrenia","schizophrenia","fear","-0.816","0.76","-0.13","alto"
"esquizofrenia","schizophrenia","sadness","-0.816","0.76","-0.13","alto"
"estable","stable","trust","0.45","-0.592","0.47","bajo"
"establecer","establish","trust","0.416","0","0.376","medio"
"establecido","established","joy","0.592","-0.212","0.388","medio"
"estadístico","statistical","trust","0.428","-0.294","0.254","medio"
"estallar","erupt","anger","-0.624","0.64","0.636","alto"
"estallar","erupt","surprise","-0.624","0.64","0.636","alto"
"estallido","bang","anger","-0.47","0.902","0.48","alto"
"estallido","bang","disgust","-0.47","0.902","0.48","alto"
"estallido","bang","fear","-0.47","0.902","0.48","alto"
"estallido","bang","sadness","-0.47","0.902","0.48","alto"
"estallido","bang","surprise","-0.47","0.902","0.48","alto"
"estallido","pop","surprise","0.346","0.02","-0.018","medio"
"estancado","stagnant","sadness","-0.4","0","-0.584","medio"
"estancamiento","stalemate","anger","-0.408","-0.292","-0.466","medio"
"estancamiento","stalemate","disgust","-0.408","-0.292","-0.466","medio"
"estante","rack","sadness","-0.23","-0.254","-0.182","medio"
"estar a pie","unseat","sadness","-0.542","0","-0.376","medio"
"estar de acuerdo","agreeing","trust","0.708","-0.04","0.114","medio"
"estéril","barren","sadness","-0.654","-0.254","-0.558","medio"
"estéril","sterile","sadness","-0.396","-0.058","-0.418","medio"
"esterilidad","infertility","sadness","-0.66","0.328","-0.344","medio"
"estética","aesthetics","joy","0.694","-0.346","0.098","bajo"
"estiércol","muck","disgust","-0.306","-0.154","-0.456","medio"
"estiércol","dung","disgust","-0.792","0.098","-0.702","medio"
"estiércol","manure","disgust","-0.5","-0.058","-0.518","medio"
"estigma","stigma","anger","-0.346","0","-0.06","medio"
"estigma","stigma","disgust","-0.346","0","-0.06","medio"
"estigma","stigma","fear","-0.346","0","-0.06","medio"
"estigma","stigma","sadness","-0.346","0","-0.06","medio"
"estima","esteem","joy","0.49","-0.24","0.358","medio"
"estima","esteem","sadness","0.49","-0.24","0.358","medio"
"estima","esteem","trust","0.49","-0.24","0.358","medio"
"estimular","spur","fear","-0.244","0.09","-0.32","medio"
"estocada","lunge","surprise","-0.292","0.442","0.018","alto"
"estómago","stomach","disgust","-0.266","-0.196","-0.124","medio"
"estorbador","hindering","sadness","-0.48","0.308","-0.13","medio"
"estornudar","sneeze","disgust","-0.458","-0.116","-0.328","medio"
"estornudar","sneeze","surprise","-0.458","-0.116","-0.328","medio"
"estragos","havoc","anger","-0.796","0.538","0.07","alto"
"estragos","havoc","fear","-0.796","0.538","0.07","alto"
"estrangular","strangle","anger","-0.812","0.854","0.054","alto"
"estrangular","strangle","disgust","-0.812","0.854","0.054","alto"
"estrangular","strangle","fear","-0.812","0.854","0.054","alto"
"estrangular","strangle","sadness","-0.812","0.854","0.054","alto"
"estrangular","strangle","surprise","-0.812","0.854","0.054","alto"
"estratega","strategist","anticipation","0.142","0.188","0.62","medio"
"estratega","strategist","trust","0.142","0.188","0.62","medio"
"estrecheces","straits","fear","-0.184","-0.462","-0.18","bajo"
"estrella","star","anticipation","0.666","-0.164","0.12","medio"
"estrella","star","joy","0.666","-0.164","0.12","medio"
"estrella","star","trust","0.666","-0.164","0.12","medio"
"estrellado","starry","anticipation","-0.124","0.286","-0.132","medio"
"estrellado","starry","joy","-0.124","0.286","-0.132","medio"
"estremecimiento","shudder","fear","-0.312","0.582","0.118","alto"
"estreñimiento","constipation","disgust","-0.842","0.224","-0.538","medio"
"estridente","shrill","anger","-0.376","0.442","0.28","alto"
"estridente","shrill","fear","-0.376","0.442","0.28","alto"
"estridente","shrill","surprise","-0.376","0.442","0.28","alto"
"estructura","framework","trust","-0.082","-0.34","-0.28","bajo"
"estructura","structure","trust","0.124","-0.288","0.424","medio"
"estructural","structural","trust","0.164","-0.15","0.38","medio"
"estúpido","idiot","disgust","-0.828","0.134","-0.887","medio"
"esvástica","swastika","anger","-0.368","-0.056","-0.018","medio"
"esvástica","swastika","fear","-0.368","-0.056","-0.018","medio"
"etéreo","ethereal","fear","0.04","-0.162","0.036","medio"
"eterno","undying","anticipation","0.416","0","0.546","medio"
"eterno","undying","joy","0.416","0","0.546","medio"
"eterno","undying","sadness","0.416","0","0.546","medio"
"eterno","undying","trust","0.416","0","0.546","medio"
"etiqueta","label","trust","0.164","-0.51","-0.154","bajo"
"eutanasia","euthanasia","fear","-0.542","0.432","-0.35","alto"
"eutanasia","euthanasia","sadness","-0.542","0.432","-0.35","alto"
"evacuar","evacuate","fear","-0.292","0.584","-0.372","alto"
"evadir","evade","anger","-0.392","-0.02","-0.316","medio"
"evadir","evade","disgust","-0.392","-0.02","-0.316","medio"
"evadir","evade","fear","-0.392","-0.02","-0.316","medio"
"evaluación","assessment","surprise","0.5","0.246","0.316","medio"
"evaluación","assessment","trust","0.5","0.246","0.316","medio"
"evanescencia","evanescence","sadness","0.054","0.038","-0.084","medio"
"evanescencia","evanescence","surprise","0.054","0.038","-0.084","medio"
"evangelio","gospel","trust","0.48","-0.334","0.16","bajo"
"evasión","evasion","fear","-0.542","0.02","-0.164","medio"
"evasión","evasion","sadness","-0.542","0.02","-0.164","medio"
"eventual","eventual","anticipation","0.266","-0.082","-0.174","medio"
"eventualidad","eventuality","anticipation","-0.062","0.254","0.054","medio"
"eventualidad","eventuality","fear","-0.062","0.254","0.054","medio"
"evidente","blatant","anger","-0.346","0.354","0.35","alto"
"evidente","blatant","disgust","-0.346","0.354","0.35","alto"
"evidente","evident","trust","0.266","-0.112","0.328","medio"
"evitación","avoidance","fear","-0.06","-0.038","-0.068","medio"
"evitando","avoiding","fear","-0.086","-0.134","-0.382","medio"
"evitar","eschew","anger","-0.632","-0.124","-0.26","medio"
"evitar","avoid","fear","-0.146","-0.116","-0.17","medio"
"evitar","eschew","sadness","-0.632","-0.124","-0.26","medio"
"exacerbación","exacerbation","anger","-0.312","0.62","-0.04","alto"
"exacerbación","exacerbation","fear","-0.312","0.62","-0.04","alto"
"exactitud","correctness","trust","0.592","-0.1","0.298","medio"
"exagerar","exaggerate","anger","-0.614","0.52","0.058","alto"
"exaltación","exaltation","joy","0.188","0.784","0.346","alto"
"exaltación","exaltation","trust","0.188","0.784","0.346","alto"
"exaltado","exalted","joy","0.352","0.69","0.392","alto"
"exaltado","elated","joy","0.584","0.897","0.45","alto"
"exaltado","exalted","trust","0.352","0.69","0.392","alto"
"exaltar","exalt","anticipation","0.312","0.5","0.49","alto"
"exaltar","exalt","joy","0.312","0.5","0.49","alto"
"exaltar","exalt","trust","0.312","0.5","0.49","alto"
"examen","examination","fear","-0.244","0.314","0.358","medio"
"examen","examination","surprise","-0.244","0.314","0.358","medio"
"exasperación","exasperation","anger","-0.572","0.666","-0.034","alto"
"exasperación","exasperation","disgust","-0.572","0.666","-0.034","alto"
"excavación","excavation","anticipation","0.08","0.288","0.054","medio"
"excavación","excavation","surprise","0.08","0.288","0.054","medio"
"exceder","outdo","anticipation","0.542","0.5","0.746","alto"
"excelencia","excellence","disgust","0.916","0.24","0.814","medio"
"excelencia","excellence","joy","0.916","0.24","0.814","medio"
"excelencia","excellence","trust","0.916","0.24","0.814","medio"
"excelente","excellent","joy","0.94","0.174","0.74","medio"
"excelente","excellent","trust","0.94","0.174","0.74","medio"
"excesivo","unconscionable","disgust","-0.764","0.236","-0.142","medio"
"exceso","glut","disgust","-0.166","0.048","0.08","medio"
"excitación","excitation","anger","0.584","0.958","0.393","alto"
"excitación","excitation","anticipation","0.584","0.958","0.393","alto"
"excitación","excitement","anticipation","0.792","0.368","0.462","alto"
"excitación","excitation","fear","0.584","0.958","0.393","alto"
"excitación","excitement","joy","0.792","0.368","0.462","alto"
"excitación","excitation","joy","0.584","0.958","0.393","alto"
"excitación","excitement","surprise","0.792","0.368","0.462","alto"
"excitación","excitation","surprise","0.584","0.958","0.393","alto"
"excitar","excite","anger","0.646","0.9","0.336","alto"
"excitar","excite","anticipation","0.646","0.9","0.336","alto"
"excitar","excite","fear","0.646","0.9","0.336","alto"
"excitar","excite","joy","0.646","0.9","0.336","alto"
"excitar","excite","surprise","0.646","0.9","0.336","alto"
"exclamar","exclaim","surprise","0.27","0.422","0.278","alto"
"excluido","excluded","disgust","-0.878","0.08","-0.732","medio"
"excluido","excluded","sadness","-0.878","0.08","-0.732","medio"
"exclusión","exclusion","disgust","-0.52","0.06","-0.222","medio"
"exclusión","exclusion","fear","-0.52","0.06","-0.222","medio"
"exclusión","exclusion","sadness","-0.52","0.06","-0.222","medio"
"Excluyendo","excluding","sadness","-0.458","0.1","-0.352","medio"
"excreción","excretion","disgust","-0.43","0.3","-0.086","medio"
"excremento","excrement","disgust","-0.918","0.116","-0.558","medio"
"excrementos","faeces","disgust","-0.632","-0.048","-0.65","medio"
"exhaustivo","exhaustive","trust","-0.224","0.27","0.208","medio"
"exhausto","exhausted","sadness","-0.754","-0.154","-0.596","medio"
"exigente","exigent","anticipation","-0.23","0.222","0.584","medio"
"exigente","fussy","disgust","-0.166","0.286","0.038","medio"
"exigente","exigent","disgust","-0.23","0.222","0.584","medio"
"exigente","exigent","fear","-0.23","0.222","0.584","medio"
"exigente","exigent","surprise","-0.23","0.222","0.584","medio"
"exilio","exile","anger","-0.632","0.26","-0.034","medio"
"exilio","exile","fear","-0.632","0.26","-0.034","medio"
"exilio","exile","sadness","-0.632","0.26","-0.034","medio"
"éxito","success","anticipation","0.918","0.76","0.981","alto"
"éxito","success","joy","0.918","0.76","0.981","alto"
"exitoso","successful","anticipation","0.949","0.448","0.876","alto"
"exitoso","successful","joy","0.949","0.448","0.876","alto"
"exitoso","successful","trust","0.949","0.448","0.876","alto"
"exorcismo","exorcism","fear","-0.674","0.909","0.057","alto"
"exorcismo","exorcism","sadness","-0.674","0.909","0.057","alto"
"expectante","expectant","anticipation","0.541","0.484","-0.002","alto"
"expectativa","expectation","anticipation","0.542","0.38","0.414","alto"
"expectativa","expectancy","anticipation","0.162","0.244","0.116","medio"
"expedición","expedition","anticipation","0.47","0.604","0.24","alto"
"experimentado","experienced","trust","0.542","0.226","0.778","medio"
"experimento","experiment","anticipation","-0.042","0.44","0.35","alto"
"experimento","experiment","surprise","-0.042","0.44","0.35","alto"
"experto","practiced","joy","0.224","0.21","0.16","medio"
"experto","practiced","surprise","0.224","0.21","0.16","medio"
"experto","expert","trust","0.552","0.292","0.822","medio"
"experto","practiced","trust","0.224","0.21","0.16","medio"
"expiar","atone","anticipation","-0.164","0.346","-0.178","alto"
"expiar","atone","joy","-0.164","0.346","-0.178","alto"
"expiar","atone","trust","-0.164","0.346","-0.178","alto"
"expirar","expire","sadness","0.146","0.49","0.404","alto"
"expletivo","expletive","anger","-0.286","0.134","0.072","medio"
"explique","explain","trust","0.438","0.034","0.472","medio"
"explorar","explore","anticipation","0.552","0.32","0.454","medio"
"explosión","outburst","anger","-0.582","0.604","0.056","alto"
"explosión","blast","anger","-0.666","0.858","0.554","alto"
"explosión","outburst","fear","-0.582","0.604","0.056","alto"
"explosión","explosion","fear","-0.666","0.96","0.388","alto"
"explosión","blast","fear","-0.666","0.858","0.554","alto"
"explosión","outburst","joy","-0.582","0.604","0.056","alto"
"explosión","outburst","sadness","-0.582","0.604","0.056","alto"
"explosión","blast","surprise","-0.666","0.858","0.554","alto"
"explosión","explosion","surprise","-0.666","0.96","0.388","alto"
"explosión","outburst","surprise","-0.582","0.604","0.056","alto"
"explosivo","explosive","anger","-0.688","0.886","0.326","alto"
"explosivo","explosive","anticipation","-0.688","0.886","0.326","alto"
"explosivo","explosive","fear","-0.688","0.886","0.326","alto"
"explosivo","explosive","surprise","-0.688","0.886","0.326","alto"
"explotar","explode","anger","-0.446","0.77","0.546","alto"
"explotar","explode","fear","-0.446","0.77","0.546","alto"
"explotar","explode","sadness","-0.446","0.77","0.546","alto"
"explotar","explode","surprise","-0.446","0.77","0.546","alto"
"exponer","expose","anticipation","-0.312","0.286","0.074","medio"
"exponer","expose","fear","-0.312","0.286","0.074","medio"
"exprimir","wring","anger","-0.28","0.312","-0.304","medio"
"expulsar","oust","anger","-0.408","0.432","-0.112","alto"
"expulsar","expel","anger","-0.438","0.45","-0.096","alto"
"expulsar","expel","disgust","-0.438","0.45","-0.096","alto"
"expulsar","expel","fear","-0.438","0.45","-0.096","alto"
"expulsar","oust","sadness","-0.408","0.432","-0.112","alto"
"expulsar","expel","sadness","-0.438","0.45","-0.096","alto"
"expulsión","expulsion","anger","-0.62","0.58","0.058","alto"
"expulsión","expulsion","disgust","-0.62","0.58","0.058","alto"
"expulsión","expulsion","fear","-0.62","0.58","0.058","alto"
"expulsión","expulsion","sadness","-0.62","0.58","0.058","alto"
"Exquisito","exquisite","joy","0.784","0.288","0.208","medio"
"éxtasis","ecstasy","anticipation","0.592","0.844","0.31","alto"
"éxtasis","ecstasy","joy","0.592","0.844","0.31","alto"
"extático","ecstatic","anticipation","0.75","0.538","0.484","alto"
"extático","ecstatic","joy","0.75","0.538","0.484","alto"
"extático","ecstatic","surprise","0.75","0.538","0.484","alto"
"exterminar","exterminate","fear","-0.646","0.714","0.472","alto"
"exterminar","exterminate","sadness","-0.646","0.714","0.472","alto"
"exterminio","extermination","anger","-0.62","0.72","0.232","alto"
"exterminio","extermination","fear","-0.62","0.72","0.232","alto"
"extinguido","extinct","sadness","-0.776","-0.018","-0.176","medio"
"extinguir","extinguish","anger","-0.52","0.152","-0.036","medio"
"extrajudicial","extrajudicial","fear","-0.27","0.372","0.334","alto"
"extranjero","foreigner","fear","0","0.038","-0.04","medio"
"extraño","weird","disgust","-0.48","0.32","-0.196","medio"
"extraño","stranger","fear","-0.34","-0.102","-0.396","medio"
"extraño","bizarre","surprise","-0.242","0.24","-0.216","medio"
"extraterrestre","alien","disgust","-0.18","0.23","-0.018","medio"
"extraterrestre","alien","fear","-0.18","0.23","-0.018","medio"
"exuberancia","exuberance","joy","0.396","0.632","0.574","alto"
"eyaculación","ejaculation","anticipation","0.23","0.786","0.094","alto"
"eyaculación","ejaculation","joy","0.23","0.786","0.094","alto"
"eyaculación","ejaculation","surprise","0.23","0.786","0.094","alto"
"eyaculación","ejaculation","trust","0.23","0.786","0.094","alto"
"fabricación","fabrication","trust","0.146","0.174","0.41","medio"
"facultad","faculty","trust","0.23","-0.176","0.464","medio"
"falange","phalanx","fear","-0.204","-0.204","-0.09","medio"
"falange","phalanx","trust","-0.204","-0.204","-0.09","medio"
"falla","failure","disgust","-0.666","0.15","-0.722","medio"
"falla","failure","fear","-0.666","0.15","-0.722","medio"
"falla","flaw","sadness","-0.362","-0.018","-0.65","medio"
"falla","failure","sadness","-0.666","0.15","-0.722","medio"
"fallecido","deceased","sadness","-0.958","0.076","-0.624","medio"
"fallecimiento","demise","fear","-0.792","0.192","-0.088","medio"
"fallecimiento","demise","sadness","-0.792","0.192","-0.088","medio"
"falsedad","falsehood","anger","-0.938","0.25","-0.232","medio"
"falsedad","falsity","disgust","-0.76","0.378","-0.628","alto"
"falsedad","falsehood","trust","-0.938","0.25","-0.232","medio"
"falsificación","falsification","anger","-0.654","0.44","-0.02","alto"
"falsificar","falsify","disgust","-0.77","0.314","-0.182","medio"
"falso","phony","anger","-0.77","0.184","-0.596","medio"
"falso","bogus","anger","-0.562","-0.294","-0.712","medio"
"falso","phony","disgust","-0.77","0.184","-0.596","medio"
"falso","bogus","disgust","-0.562","-0.294","-0.712","medio"
"falso","disingenuous","disgust","-0.612","0.018","-0.554","medio"
"falta","foul","anger","-0.552","-0.08","-0.29","medio"
"falta","foul","disgust","-0.552","-0.08","-0.29","medio"
"falta","foul","fear","-0.552","-0.08","-0.29","medio"
"falta de respeto","disrespect","anger","-0.876","0.274","-0.396","medio"
"falto","wanting","sadness","0.52","-0.134","0.186","medio"
"familiar","familiar","trust","0.812","-0.34","0.23","bajo"
"familiaridad","familiarity","anticipation","0.708","-0.308","0.232","medio"
"familiaridad","familiarity","joy","0.708","-0.308","0.232","medio"
"familiaridad","familiarity","trust","0.708","-0.308","0.232","medio"
"fanático","bigoted","anger","-0.694","0.52","-0.076","alto"
"fanático","bigot","anger","-0.042","0.49","0.034","alto"
"fanático","bigoted","disgust","-0.694","0.52","-0.076","alto"
"fanático","bigot","disgust","-0.042","0.49","0.034","alto"
"fanático","bigot","fear","-0.042","0.49","0.034","alto"
"fanático","bigoted","fear","-0.694","0.52","-0.076","alto"
"fanático","bigoted","sadness","-0.694","0.52","-0.076","alto"
"fanatismo","fanaticism","fear","-0.416","0.792","0.132","alto"
"fango","mire","disgust","-0.312","-0.248","-0.404","medio"
"fango","slush","disgust","-0.146","-0.434","-0.408","bajo"
"fango","slush","surprise","-0.146","-0.434","-0.408","bajo"
"fantasma","phantom","fear","-0.48","0.518","-0.104","alto"
"fantasma","ghost","fear","-0.47","0.51","-0.314","alto"
"fantasmal","ghostly","fear","-0.48","0.528","-0.14","alto"
"fantástico","terrific","sadness","0.718","0.3","0.642","medio"
"faro","headlight","anticipation","0.184","-0.314","-0.214","medio"
"farsante","humbug","anger","-0.562","0.244","-0.088","medio"
"farsante","humbug","disgust","-0.562","0.244","-0.088","medio"
"farsante","humbug","sadness","-0.562","0.244","-0.088","medio"
"fastidiar","tease","anger","-0.366","0.58","-0.136","alto"
"fastidiar","tease","anticipation","-0.366","0.58","-0.136","alto"
"fastidiar","tease","sadness","-0.366","0.58","-0.136","alto"
"fatal","fatal","anger","-0.677","0.387","0.018","alto"
"fatal","fatal","fear","-0.677","0.387","0.018","alto"
"fatal","fatal","sadness","-0.677","0.387","0.018","alto"
"fatalidad","fatality","fear","-0.938","0.596","0.324","alto"
"fatalidad","fatality","sadness","-0.938","0.596","0.324","alto"
"fatigado","fatigued","sadness","-0.708","-0.134","-0.51","medio"
"favorable","favorable","anticipation","0.904","-0.24","0.576","medio"
"favorable","favorable","joy","0.904","-0.24","0.576","medio"
"favorable","favorable","surprise","0.904","-0.24","0.576","medio"
"favorable","favorable","trust","0.904","-0.24","0.576","medio"
"favorito","favorite","joy","0.77","0.18","0.382","medio"
"favorito","favorite","trust","0.77","0.18","0.382","medio"
"fe","faith","anticipation","0.666","-0.56","0.526","bajo"
"fe","faith","joy","0.666","-0.56","0.526","bajo"
"fe","faith","trust","0.666","-0.56","0.526","bajo"
"fealdad","ugliness","disgust","-0.812","-0.186","-0.466","medio"
"fealdad","ugliness","fear","-0.812","-0.186","-0.466","medio"
"fealdad","ugliness","sadness","-0.812","-0.186","-0.466","medio"
"fecal","fecal","disgust","-0.49","0.056","-0.574","medio"
"felicidad","happiness","anticipation","0.92","0.464","0.7","alto"
"felicidad","felicity","joy","0.826","0.408","0.586","alto"
"felicidad","bliss","joy","0.632","0","0.564","medio"
"felicidad","happiness","joy","0.92","0.464","0.7","alto"
"feliz","blissful","joy","0.77","0.278","0.352","medio"
"felizmente","happily","joy","1","0.611","0.388","alto"
"felón","felon","fear","-0.778","0.796","-0.09","alto"
"feo","ugly","disgust","-0.666","0.26","-0.492","medio"
"feo","unsightly","disgust","-0.548","0.118","-0.254","medio"
"féretro","bier","fear","-0.006","-0.104","-0.186","medio"
"féretro","bier","sadness","-0.006","-0.104","-0.186","medio"
"fermentación","fermentation","anticipation","-0.16","0.134","-0.054","medio"
"fermentar","ferment","anticipation","-0.25","0.062","-0.164","medio"
"ferocidad","ferocity","anger","-0.53","0.812","0.492","alto"
"feroz","ferocious","anger","-0.666","0.83","0.552","alto"
"feroz","ferocious","disgust","-0.666","0.83","0.552","alto"
"feroz","ferocious","fear","-0.666","0.83","0.552","alto"
"fervor","fervor","anger","0.146","0.538","0.302","alto"
"fervor","fervor","joy","0.146","0.538","0.302","alto"
"festival","festival","anticipation","0.74","0.412","0.428","alto"
"festival","festival","joy","0.74","0.412","0.428","alto"
"festival","festival","surprise","0.74","0.412","0.428","alto"
"festivo","festive","joy","0.708","0.48","0.528","alto"
"feudalismo","feudalism","anger","-0.542","-0.07","0.214","medio"
"feudalismo","feudalism","sadness","-0.542","-0.07","0.214","medio"
"feudo","feud","anger","-0.708","0.592","-0.376","alto"
"fiabilidad","reliability","trust","0.834","-0.24","0.392","medio"
"fideicomisario","trustee","trust","0.062","-0.116","0.316","medio"
"fideicomitente","settlor","fear","0.062","-0.132","0.068","medio"
"fidelidad","fidelity","joy","0.53","0.16","0.418","medio"
"fidelidad","fidelity","trust","0.53","0.16","0.418","medio"
"fiebre","fever","fear","-0.612","0.348","-0.272","alto"
"fiel","faithful","trust","0.776","-0.334","0.254","bajo"
"fiesta","fiesta","anticipation","0.891","0.558","0.31","alto"
"fiesta","fete","anticipation","0.16","0.102","-0.07","medio"
"fiesta","holiday","anticipation","0.896","-0.138","0.186","medio"
"fiesta","holiday","joy","0.896","-0.138","0.186","medio"
"fiesta","fiesta","joy","0.891","0.558","0.31","alto"
"fiesta","fete","joy","0.16","0.102","-0.07","medio"
"fiesta","frolic","joy","0.748","0.728","0.076","alto"
"fiesta","fiesta","surprise","0.891","0.558","0.31","alto"
"fiesta","fete","surprise","0.16","0.102","-0.07","medio"
"fiesta","fiesta","trust","0.891","0.558","0.31","alto"
"fiestas","revels","joy","0.654","0.366","0.294","alto"
"fijado","fixed","trust","0.368","-0.666","0.018","bajo"
"fila","row","anger","-0.146","-0.45","-0.188","bajo"
"filantrópico","philanthropic","trust","0.624","-0.148","0.434","medio"
"filántropo","philanthropist","trust","0.408","-0.074","0.246","medio"
"filósofo","philosopher","trust","0.368","-0.368","0.44","bajo"
"finalmente","finally","anticipation","0.166","-0.134","-0.07","medio"
"finalmente","finally","disgust","0.166","-0.134","-0.07","medio"
"finalmente","finally","joy","0.166","-0.134","-0.07","medio"
"finalmente","finally","surprise","0.166","-0.134","-0.07","medio"
"finalmente","finally","trust","0.166","-0.134","-0.07","medio"
"fingiendo","pretending","anger","-0.244","-0.16","-0.366","medio"
"firma","signature","trust","0.14","-0.156","0.314","medio"
"firme","steady","surprise","0.36","-0.628","0.541","bajo"
"firme","steadfast","trust","0.542","-0.134","0.6","medio"
"firme","steady","trust","0.36","-0.628","0.541","bajo"
"firmeza","firmness","trust","0.646","-0.042","0.878","medio"
"físico","physicist","trust","0.27","0.076","0.386","medio"
"flácido","flabby","disgust","-0.416","-0.284","-0.5","medio"
"flácido","flaccid","sadness","-0.537","-0.2","-0.698","medio"
"flagrante","flagrant","anger","-0.428","0.346","-0.09","alto"
"flagrante","flagrant","disgust","-0.428","0.346","-0.09","alto"
"flatulencia","flatulence","disgust","-0.58","0.264","-0.314","medio"
"flema","phlegm","disgust","-0.654","-0.212","-0.52","medio"
"flojo","lax","sadness","-0.14","-0.198","-0.4","medio"
"florecer","bloom","anticipation","0.779","-0.094","0.174","medio"
"florecer","blossom","joy","0.584","-0.45","-0.382","bajo"
"florecer","bloom","joy","0.779","-0.094","0.174","medio"
"florecer","bloom","trust","0.779","-0.094","0.174","medio"
"fluctuación","fluctuation","anger","-0.306","0.5","0.038","alto"
"fluctuación","fluctuation","fear","-0.306","0.5","0.038","alto"
"focas","seals","trust","-0.176","-0.518","-0.196","bajo"
"forastero","outsider","fear","-0.204","0.098","-0.106","medio"
"formalidad","formality","trust","0.188","-0.294","0.5","medio"
"formando","forming","anticipation","0.458","-0.314","0.6","medio"
"formativo","formative","trust","0.376","-0.116","0.6","medio"
"formidable","formidable","fear","0.416","0.418","0.714","alto"
"fórmula","formula","trust","0.042","-0.1","0.17","medio"
"fortalecimiento","strengthening","joy","0.826","0.254","0.89","medio"
"fortalecimiento","strengthening","trust","0.826","0.254","0.89","medio"
"fortaleza","fortress","fear","0.632","0","0.866","medio"
"fortaleza","fortitude","joy","0.646","0.216","0.794","medio"
"fortaleza","fortress","sadness","0.632","0","0.866","medio"
"fortaleza","fortitude","trust","0.646","0.216","0.794","medio"
"fortaleza","fortress","trust","0.632","0","0.866","medio"
"fortuna","fortune","anticipation","0.852","0.462","0.601","alto"
"fortuna","fortune","joy","0.852","0.462","0.601","alto"
"fortuna","fortune","surprise","0.852","0.462","0.601","alto"
"fortuna","fortune","trust","0.852","0.462","0.601","alto"
"forzado","forced","fear","-0.64","0.442","-0.084","alto"
"foso","moat","trust","-0.204","-0.24","-0.372","medio"
"fracasado","unsuccessful","sadness","-0.72","-0.364","-0.89","bajo"
"fracaso","flop","disgust","-0.838","0.284","-0.608","medio"
"fracaso","flop","sadness","-0.838","0.284","-0.608","medio"
"fragata","frigate","fear","-0.02","0.02","0.12","medio"
"frágil","fragile","fear","-0.396","-0.674","-0.748","bajo"
"frágil","fragile","sadness","-0.396","-0.674","-0.748","bajo"
"fragilidad","frailty","sadness","-0.23","-0.2","-0.564","medio"
"franco","frank","trust","0.25","-0.284","0.208","medio"
"franqueza","frankness","trust","0.142","0.224","0.49","medio"
"frase","sentence","anger","0.25","-0.47","0.096","bajo"
"frase","sentence","anticipation","0.25","-0.47","0.096","bajo"
"frase","sentence","disgust","0.25","-0.47","0.096","bajo"
"frase","sentence","fear","0.25","-0.47","0.096","bajo"
"frase","sentence","sadness","0.25","-0.47","0.096","bajo"
"fraternal","brotherly","anticipation","0.73","-0.388","0.192","bajo"
"fraternal","brotherly","joy","0.73","-0.388","0.192","bajo"
"fraternal","fraternal","joy","0.688","-0.328","0.072","medio"
"fraternal","brotherly","trust","0.73","-0.388","0.192","bajo"
"fraternal","fraternal","trust","0.688","-0.328","0.072","medio"
"fraternidad","brotherhood","trust","0.99","-0.055","0.36","medio"
"fraude","fraud","anger","-0.778","0.376","-0.186","alto"
"fraudulento","fraudulent","anger","-0.7","0.548","-0.166","alto"
"fraudulento","fraudulent","disgust","-0.7","0.548","-0.166","alto"
"frenético","frenetic","anger","-0.142","0.86","0.232","alto"
"frenético","frenzied","anger","-0.27","0.902","0.31","alto"
"frenético","frantic","anticipation","-0.58","0.78","0.254","alto"
"frenético","frantic","disgust","-0.58","0.78","0.254","alto"
"frenético","frantic","fear","-0.58","0.78","0.254","alto"
"frenético","frenetic","fear","-0.142","0.86","0.232","alto"
"frenético","frenzied","fear","-0.27","0.902","0.31","alto"
"frenético","frantic","surprise","-0.58","0.78","0.254","alto"
"frenético","frenetic","surprise","-0.142","0.86","0.232","alto"
"frialdad","coldness","anger","-0.814","-0.06","-0.146","medio"
"frialdad","coldness","disgust","-0.814","-0.06","-0.146","medio"
"frialdad","coldness","fear","-0.814","-0.06","-0.146","medio"
"frialdad","coldness","sadness","-0.814","-0.06","-0.146","medio"
"fricción","friction","anger","-0.458","0.556","-0.077","alto"
"fruncir el ceño","frown","sadness","-0.572","0.204","-0.134","medio"
"frustración","frustration","anger","-0.88","0.46","-0.44","alto"
"frustrado","frustrated","anger","-0.84","0.302","-0.49","medio"
"frustrar","frustrate","anger","-0.8","0.618","-0.514","alto"
"frustrar","frustrate","disgust","-0.8","0.618","-0.514","alto"
"frustrar","frustrate","sadness","-0.8","0.618","-0.514","alto"
"frustrar","thwart","surprise","-0.438","0.368","-0.182","alto"
"fuego","fire","fear","-0.24","0.608","0.27","alto"
"fuelle","bellows","anger","-0.084","0.03","-0.142","medio"
"fuerte","lusty","disgust","-0.062","0.882","0.346","alto"
"fuerte","fort","trust","0.56","0.346","0.72","alto"
"fuerza","force","anger","0.224","0.5","0.81","alto"
"fuerza","force","fear","0.224","0.5","0.81","alto"
"fuerza","strength","trust","0.604","0.364","0.716","alto"
"fugitivo","fugitive","anger","-0.792","0.844","-0.224","alto"
"fugitivo","fugitive","disgust","-0.792","0.844","-0.224","alto"
"fugitivo","fugitive","fear","-0.792","0.844","-0.224","alto"
"fugitivo","fugitive","sadness","-0.792","0.844","-0.224","alto"
"fugitivo","fugitive","trust","-0.792","0.844","-0.224","alto"
"fundamental","fundamental","trust","0.416","-0.156","0.806","medio"
"fundar","found","joy","0.666","-0.108","-0.02","medio"
"fundar","found","trust","0.666","-0.108","-0.02","medio"
"funeral","funeral","sadness","-0.854","-0.24","-0.214","medio"
"furia","fury","anger","-0.876","0.75","0.352","alto"
"furia","fury","fear","-0.876","0.75","0.352","alto"
"furia","fury","sadness","-0.876","0.75","0.352","alto"
"furiosamente","furiously","anger","-0.876","0.85","0.314","alto"
"furioso","raging","anger","-0.562","0.854","0.196","alto"
"furioso","furious","anger","-0.876","0.906","0.196","alto"
"furioso","raging","disgust","-0.562","0.854","0.196","alto"
"furioso","furious","disgust","-0.876","0.906","0.196","alto"
"furioso","raging","fear","-0.562","0.854","0.196","alto"
"furor","furor","anger","0","0.726","0.272","alto"
"furtivo","sneak","anger","-0.438","0.49","-0.102","alto"
"furtivo","sneaking","anticipation","-0.594","0.51","0.09","alto"
"furtivo","sneak","fear","-0.438","0.49","-0.102","alto"
"furtivo","sneaking","fear","-0.594","0.51","0.09","alto"
"furtivo","sneak","surprise","-0.438","0.49","-0.102","alto"
"furtivo","sneaking","trust","-0.594","0.51","0.09","alto"
"fusible","fuse","trust","-0.254","0.13","0.148","medio"
"fusión de un reactor","meltdown","sadness","0.258","0.314","0.204","medio"
"fútbol","football","anticipation","0.51","0.52","0.164","alto"
"fútbol","football","joy","0.51","0.52","0.164","alto"
"fútil","futile","sadness","-0.756","-0.336","-0.684","bajo"
"gabinete","cabinet","trust","0.104","-0.388","-0.07","bajo"
"gaceta","gazette","trust","-0.062","-0.22","0.208","medio"
"ganador","winner","anticipation","0.92","0.62","0.772","alto"
"ganador","winner","joy","0.92","0.62","0.772","alto"
"ganador","winner","surprise","0.92","0.62","0.772","alto"
"ganancias","winnings","anticipation","0.898","0.658","0.66","alto"
"ganancias","winnings","joy","0.898","0.658","0.66","alto"
"ganar","gain","anticipation","0.834","0.28","0.644","medio"
"ganar","gain","joy","0.834","0.28","0.644","medio"
"gañido","yelp","anger","-0.166","0.418","-0.138","alto"
"gañido","yelp","fear","-0.166","0.418","-0.138","alto"
"gañido","yelp","surprise","-0.166","0.418","-0.138","alto"
"garantía","warranty","trust","0.334","-0.06","0.136","medio"
"garantía","assurance","trust","0.35","-0.116","0.408","medio"
"garantía","surety","trust","0.552","-0.27","0.5","medio"
"garantizar","guarantee","trust","0.898","-0.326","0.61","medio"
"garganta","gorge","disgust","-0.27","0.288","-0.16","medio"
"garra","claw","anger","-0.48","0.2","0.196","medio"
"garra","claw","fear","-0.48","0.2","0.196","medio"
"garras","talons","anger","-0.36","0.396","0.05","alto"
"garras","talons","fear","-0.36","0.396","0.05","alto"
"gastado","worn","sadness","-0.3","-0.036","-0.622","medio"
"gatear","crawl","disgust","-0.042","0.038","-0.066","medio"
"gatito","kitten","joy","0.632","-0.314","-0.48","medio"
"gatito","kitten","trust","0.632","-0.314","-0.48","medio"
"gelatina","gelatin","disgust","0.124","-0.196","-0.278","medio"
"gemido","groan","disgust","-0.208","0.5","-0.298","alto"
"gemido","whimper","fear","-0.458","0.09","-0.384","medio"
"gemido","wail","fear","-0.164","0.448","-0.214","alto"
"gemido","groan","sadness","-0.208","0.5","-0.298","alto"
"gemido","whimper","sadness","-0.458","0.09","-0.384","medio"
"gemido","wail","sadness","-0.164","0.448","-0.214","alto"
"gemir","moan","fear","-0.286","0.47","-0.296","alto"
"gemir","moan","sadness","-0.286","0.47","-0.296","alto"
"general","general","trust","0.668","-0.032","0.706","medio"
"generosidad","generosity","anticipation","0.916","-0.114","0.384","medio"
"generosidad","bounty","anticipation","0.52","0.51","0.666","alto"
"generosidad","generosity","joy","0.916","-0.114","0.384","medio"
"generosidad","bounty","joy","0.52","0.51","0.666","alto"
"generosidad","generosity","surprise","0.916","-0.114","0.384","medio"
"generosidad","generosity","trust","0.916","-0.114","0.384","medio"
"generosidad","bounty","trust","0.52","0.51","0.666","alto"
"generoso","generous","joy","0.991","-0.18","0.423","medio"
"generoso","generous","trust","0.991","-0.18","0.423","medio"
"genial","genial","joy","0.734","0.26","0.538","medio"
"geriátrico","geriatric","sadness","-0.042","-0.506","-0.128","bajo"
"germen","germ","anticipation","-0.47","-0.158","-0.396","medio"
"germen","germ","disgust","-0.47","-0.158","-0.396","medio"
"germinación","germination","anticipation","-0.122","-0.02","0.132","medio"
"ghetto","ghetto","disgust","-0.396","0.26","-0.036","medio"
"ghetto","ghetto","fear","-0.396","0.26","-0.036","medio"
"ghetto","ghetto","sadness","-0.396","0.26","-0.036","medio"
"gigante","giant","fear","0.292","0.628","0.713","alto"
"gigante","behemoth","fear","0.166","0.562","0.706","alto"
"gimoteo","whine","disgust","-0.316","0.372","-0.564","alto"
"gimoteo","whine","sadness","-0.316","0.372","-0.564","alto"
"gladiador","gladiator","fear","0","0.666","0.732","alto"
"gloria","glory","anticipation","0.896","0.47","0.634","alto"
"gloria","glory","joy","0.896","0.47","0.634","alto"
"gloria","glory","trust","0.896","0.47","0.634","alto"
"glorificación","glorification","joy","0.642","0.082","0.634","medio"
"glorificar","glorify","anticipation","0.94","0.341","0.495","alto"
"glorificar","glorify","joy","0.94","0.341","0.495","alto"
"glorificar","glorify","surprise","0.94","0.341","0.495","alto"
"glorificar","glorify","trust","0.94","0.341","0.495","alto"
"glotonería","gluttony","disgust","0","0.404","-0.176","alto"
"gnomo","gnome","anger","-0.142","-0.042","-0.24","medio"
"gnomo","gnome","disgust","-0.142","-0.042","-0.24","medio"
"gnomo","gnome","fear","-0.142","-0.042","-0.24","medio"
"gobernador","gubernatorial","trust","0.104","0.208","0.794","medio"
"gobernador","governor","trust","0","0.366","0.868","alto"
"gobierno","government","fear","-0.146","0.06","0.7","medio"
"gofre","waffle","anger","0.416","-0.212","-0.346","medio"
"gofre","waffle","sadness","0.416","-0.212","-0.346","medio"
"golpe","coup","anger","-0.45","0.63","0.214","alto"
"golpe","slam","anger","-0.082","0.154","-0.04","medio"
"golpe","slam","fear","-0.082","0.154","-0.04","medio"
"golpe","coup","surprise","-0.45","0.63","0.214","alto"
"golpe","slam","surprise","-0.082","0.154","-0.04","medio"
"golpeando","beating","anger","-0.694","0.666","-0.038","alto"
"golpeando","beating","fear","-0.694","0.666","-0.038","alto"
"golpeando","beating","sadness","-0.694","0.666","-0.038","alto"
"golpear","thump","anger","-0.44","0.584","0.216","alto"
"golpecitos","rapping","anger","0.13","0.432","-0.166","alto"
"gonorrea","gonorrhea","anger","-0.788","0.27","-0.356","medio"
"gonorrea","gonorrhea","disgust","-0.788","0.27","-0.356","medio"
"gonorrea","gonorrhea","fear","-0.788","0.27","-0.356","medio"
"gonorrea","gonorrhea","sadness","-0.788","0.27","-0.356","medio"
"gorra","cap","anticipation","0.224","-0.52","-0.25","bajo"
"gorra","cap","trust","0.224","-0.52","-0.25","bajo"
"gorrón","bummer","anger","-0.674","0","-0.466","medio"
"gorrón","bummer","disgust","-0.674","0","-0.466","medio"
"gota","blob","disgust","0","-0.248","-0.404","medio"
"gota","blob","fear","0","-0.248","-0.404","medio"
"graduación","graduation","anticipation","0.76","0.34","0.617","alto"
"graduación","graduation","fear","0.76","0.34","0.617","alto"
"graduación","graduation","joy","0.76","0.34","0.617","alto"
"graduación","graduation","surprise","0.76","0.34","0.617","alto"
"graduación","graduation","trust","0.76","0.34","0.617","alto"
"gradual","gradual","anticipation","0.142","-0.3","0.018","medio"
"gramática","grammar","trust","0.12","-0.426","0.214","bajo"
"granada","grenade","fear","-0.438","0.554","0.388","alto"
"grandeza","greatness","joy","0.99","0.332","0.702","medio"
"grandeza","greatness","surprise","0.99","0.332","0.702","medio"
"grandeza","greatness","trust","0.99","0.332","0.702","medio"
"granja","farm","anticipation","0.562","-0.346","-0.406","bajo"
"grasa","fat","disgust","-0.604","-0.294","-0.526","medio"
"grasa","fat","sadness","-0.604","-0.294","-0.526","medio"
"grasiento","greasy","disgust","-0.202","-0.116","-0.412","medio"
"graso","fatty","disgust","-0.428","-0.278","-0.35","medio"
"graso","fatty","sadness","-0.428","-0.278","-0.35","medio"
"gratitud","gratitude","joy","0.77","-0.118","0.22","medio"
"gratuito","gratuitous","disgust","0.47","0.3","-0.096","medio"
"gravamen","encumbrance","anger","-0.4","0.042","-0.04","medio"
"gravamen","encumbrance","fear","-0.4","0.042","-0.04","medio"
"gravamen","encumbrance","sadness","-0.4","0.042","-0.04","medio"
"grave","grievous","anger","-0.708","0.28","-0.642","medio"
"grave","grievous","fear","-0.708","0.28","-0.642","medio"
"grave","grievous","sadness","-0.708","0.28","-0.642","medio"
"gravedad","seriousness","fear","-0.122","-0.27","0.5","medio"
"gravedad","seriousness","sadness","-0.122","-0.27","0.5","medio"
"gravemente","badly","sadness","-0.854","0.018","-0.428","medio"
"gravitar","gravitate","anticipation","-0.042","-0.056","-0.048","medio"
"gravoso","burdensome","fear","-0.542","0.392","-0.162","alto"
"gravoso","burdensome","sadness","-0.542","0.392","-0.162","alto"
"gripe","flu","fear","-0.54","0.094","-0.5","medio"
"gris","gray","disgust","-0.33","-0.694","-0.622","bajo"
"gris","gray","sadness","-0.33","-0.694","-0.622","bajo"
"gritando","screaming","anger","-0.51","0.802","-0.08","alto"
"gritando","screaming","disgust","-0.51","0.802","-0.08","alto"
"gritando","screaming","fear","-0.51","0.802","-0.08","alto"
"gritar","yell","anger","-0.52","0.596","0.116","alto"
"gritar","yell","fear","-0.52","0.596","0.116","alto"
"gritar","yell","surprise","-0.52","0.596","0.116","alto"
"grito","outcry","anger","-0.458","0.546","0.436","alto"
"grito","scream","anger","-0.624","0.726","0.188","alto"
"grito","shriek","anger","-0.082","0.654","-0.018","alto"
"grito","shout","anger","-0.446","0.85","-0.112","alto"
"grito","scream","disgust","-0.624","0.726","0.188","alto"
"grito","shriek","fear","-0.082","0.654","-0.018","alto"
"grito","outcry","fear","-0.458","0.546","0.436","alto"
"grito","scream","fear","-0.624","0.726","0.188","alto"
"grito","shriek","sadness","-0.082","0.654","-0.018","alto"
"grito","scream","surprise","-0.624","0.726","0.188","alto"
"grito","outcry","surprise","-0.458","0.546","0.436","alto"
"grito","shout","surprise","-0.446","0.85","-0.112","alto"
"grito","shriek","surprise","-0.082","0.654","-0.018","alto"
"grotesco","grotesque","disgust","-0.73","0.576","0","alto"
"gruñendo","snarling","anger","-0.376","0.408","-0.018","alto"
"gruñendo","growling","anger","-0.762","0.774","-0.05","alto"
"gruñendo","growling","disgust","-0.762","0.774","-0.05","alto"
"gruñendo","growling","fear","-0.762","0.774","-0.05","alto"
"gruñido","snarl","anger","-0.14","0.574","-0.09","alto"
"gruñido","growl","anger","-0.612","0.528","-0.036","alto"
"gruñido","snarl","disgust","-0.14","0.574","-0.09","alto"
"gruñido","growl","fear","-0.612","0.528","-0.036","alto"
"gruñón","grumpy","anger","-0.604","0.616","0.118","alto"
"gruñón","grumpy","disgust","-0.604","0.616","0.118","alto"
"gruñón","grumpy","sadness","-0.604","0.616","0.118","alto"
"grupo","posse","fear","-0.204","0.02","-0.054","medio"
"guardabosque","ranger","trust","0.052","0.09","0.41","medio"
"guardado","guarded","trust","0.516","0.372","0","alto"
"guardaespaldas","bodyguard","trust","0.02","0.42","0.508","alto"
"guardería","nursery","joy","0.788","-0.188","-0.222","medio"
"guardería","nursery","trust","0.788","-0.188","-0.222","medio"
"Guardia","guard","fear","0.184","0.02","0.45","medio"
"Guardia","guard","trust","0.184","0.02","0.45","medio"
"guardián","warden","anger","0.23","0.254","0.796","medio"
"guardián","warden","fear","0.23","0.254","0.796","medio"
"guardián","warden","trust","0.23","0.254","0.796","medio"
"guardián","guardian","trust","0.312","0.372","0.578","alto"
"guarida","haunt","fear","-0.424","0.352","0.152","alto"
"guarnición","garrison","trust","0.02","0.054","0.358","medio"
"guau","wop","anger","-0.166","-0.096","-0.212","medio"
"guerra","warfare","anger","-0.876","0.77","0.69","alto"
"guerra","warfare","fear","-0.876","0.77","0.69","alto"
"guerra","war","fear","-0.956","0.784","0.454","alto"
"guerra","warfare","sadness","-0.876","0.77","0.69","alto"
"guerrero","warrior","anger","-0.084","0.726","0.83","alto"
"guerrero","warrior","fear","-0.084","0.726","0.83","alto"
"guerrilla","guerilla","fear","-0.708","0.69","0.454","alto"
"guía","guidance","trust","0.458","-0.058","0.436","medio"
"guía","guide","trust","0.376","-0.37","0.24","bajo"
"guía","guidebook","trust","0.354","-0.48","-0.146","bajo"
"guillotina","guillotine","anger","-0.674","0.634","0.17","alto"
"guillotina","guillotine","anticipation","-0.674","0.634","0.17","alto"
"guillotina","guillotine","disgust","-0.674","0.634","0.17","alto"
"guillotina","guillotine","fear","-0.674","0.634","0.17","alto"
"guillotina","guillotine","sadness","-0.674","0.634","0.17","alto"
"gurú","guru","trust","0.146","-0.28","0.306","medio"
"gusano","worm","anticipation","-0.74","-0.164","-0.562","medio"
"gusano","maggot","disgust","-0.53","0","-0.53","medio"
"gusano","worm","surprise","-0.74","-0.164","-0.562","medio"
"gusano del corazón","heartworm","disgust","-0.334","0.1","-0.14","medio"
"gusto","liking","joy","0.926","0.208","0.178","medio"
"gusto","liking","trust","0.926","0.208","0.178","medio"
"hábil","skillful","trust","0.604","0.232","0.816","medio"
"habilitación","enablement","trust","0.2","-0.098","0.5","medio"
"habilitar","enable","trust","0.52","-0.018","0.564","medio"
"habitual","habitual","anticipation","0.054","-0.584","-0.02","bajo"
"habitual","usual","trust","0.25","-0.558","-0.2","bajo"
"hacer contrabando","smuggle","fear","-0.612","0.55","0.14","alto"
"hacer cumplir","enforce","anger","0.166","0.288","0.672","medio"
"hacer cumplir","enforce","fear","0.166","0.288","0.672","medio"
"hacer trampa","cheat","anger","-0.75","0.552","-0.2","alto"
"hacer trampa","cheat","disgust","-0.75","0.552","-0.2","alto"
"hacerse un nido","nestle","trust","0.25","-0.384","-0.242","bajo"
"hacia atrás","backwards","disgust","-0.396","-0.256","-0.34","medio"
"haciendo campaña","campaigning","anger","0.062","0.326","0.482","medio"
"haciendo campaña","campaigning","fear","0.062","0.326","0.482","medio"
"haciendo el amor","lovemaking","joy","0.938","0.854","0.628","alto"
"haciendo el amor","lovemaking","trust","0.938","0.854","0.628","alto"
"halagador","flattering","joy","0.51","0.372","0","alto"
"halcón","hawk","fear","0.166","0.06","0.262","medio"
"hambriento","hungry","anticipation","-0.834","0.38","-0.492","alto"
"hambruna","famine","sadness","-0.674","0.358","-0.38","alto"
"harapos","rags","disgust","-0.132","-0.382","-0.604","bajo"
"Harry","harry","anger","0.04","-0.182","-0.22","medio"
"Harry","harry","sadness","0.04","-0.182","-0.22","medio"
"haz","beam","joy","0.168","-0.302","-0.236","medio"
"heces","feces","disgust","-0.52","-0.186","-0.386","medio"
"hecho","fact","trust","0.366","-0.334","0.236","bajo"
"hechos","facts","trust","0.376","-0.058","0.386","medio"
"hedonismo","hedonism","joy","0.02","0","0.216","medio"
"hedor","stink","disgust","-0.916","-0.038","-0.64","medio"
"hemorragia","hemorrhage","disgust","-0.969","0.682","-0.667","alto"
"hemorragia","hemorrhage","fear","-0.969","0.682","-0.667","alto"
"hemorragia","hemorrhage","sadness","-0.969","0.682","-0.667","alto"
"heraldo","harbinger","anger","-0.02","-0.222","0.384","medio"
"heraldo","harbinger","anticipation","-0.02","-0.222","0.384","medio"
"heraldo","harbinger","fear","-0.02","-0.222","0.384","medio"
"hereje","heretic","disgust","-0.82","0.42","-0.106","alto"
"herencia","inheritance","anticipation","0.8","0.13","0.596","medio"
"herencia","inheritance","joy","0.8","0.13","0.596","medio"
"herencia","inheritance","surprise","0.8","0.13","0.596","medio"
"herencia","heritage","trust","0.684","0.024","0.63","medio"
"herencia","inheritance","trust","0.8","0.13","0.596","medio"
"herida","wound","anger","-0.7","0.434","-0.38","alto"
"herida","wound","fear","-0.7","0.434","-0.38","alto"
"herida","wound","sadness","-0.7","0.434","-0.38","alto"
"herido","injured","fear","-0.834","0.36","-0.396","alto"
"herido","injured","sadness","-0.834","0.36","-0.396","alto"
"herir","smite","anger","-0.394","0.692","0.364","alto"
"herir","hurt","anger","-0.876","0.546","-0.418","alto"
"herir","hurt","fear","-0.876","0.546","-0.418","alto"
"herir","smite","fear","-0.394","0.692","0.364","alto"
"herir","smite","sadness","-0.394","0.692","0.364","alto"
"herir","hurt","sadness","-0.876","0.546","-0.418","alto"
"hermafrodita","hermaphrodite","surprise","-0.04","0.368","-0.038","alto"
"hermandad","sisterhood","anger","0.674","-0.17","0.392","medio"
"hermandad","sisterhood","sadness","0.674","-0.17","0.392","medio"
"hermandad","sisterhood","surprise","0.674","-0.17","0.392","medio"
"hermandad","sisterhood","trust","0.674","-0.17","0.392","medio"
"hermano","brother","trust","0.646","-0.278","0.092","medio"
"hermano","sib","trust","0.396","-0.404","0.186","bajo"
"hermoso","lovely","anticipation","0.834","-0.088","0.482","medio"
"hermoso","lovely","joy","0.834","-0.088","0.482","medio"
"hermoso","beautiful","joy","0.75","0.228","0.296","medio"
"hermoso","lovely","sadness","0.834","-0.088","0.482","medio"
"hermoso","lovely","surprise","0.834","-0.088","0.482","medio"
"hermoso","lovely","trust","0.834","-0.088","0.482","medio"
"héroe","hero","anticipation","0.88","0.612","0.762","alto"
"héroe","hero","joy","0.88","0.612","0.762","alto"
"héroe","hero","surprise","0.88","0.612","0.762","alto"
"héroe","hero","trust","0.88","0.612","0.762","alto"
"heroico","heroic","joy","0.78","0.54","0.824","alto"
"heroico","heroic","surprise","0.78","0.54","0.824","alto"
"heroico","heroic","trust","0.78","0.54","0.824","alto"
"heroína","heroine","trust","0.458","0.51","0.666","alto"
"heroísmo","heroism","anticipation","0.688","0.604","0.796","alto"
"heroísmo","heroism","joy","0.688","0.604","0.796","alto"
"heroísmo","heroism","surprise","0.688","0.604","0.796","alto"
"heroísmo","heroism","trust","0.688","0.604","0.796","alto"
"herpes","herpes","disgust","-0.78","0.2","-0.382","medio"
"Herrero","smith","trust","0.354","-0.334","0.058","bajo"
"hervir","boil","disgust","-0.166","0.368","-0.134","alto"
"hervir a fuego lento","simmer","anger","0.3","-0.414","-0.214","bajo"
"hervir a fuego lento","simmer","anticipation","0.3","-0.414","-0.214","bajo"
"hidra","hydra","fear","-0.188","0.196","0.068","medio"
"hidrocefalia","hydrocephalus","disgust","-0.428","0.258","-0.214","medio"
"hidrocefalia","hydrocephalus","fear","-0.428","0.258","-0.214","medio"
"hidrocefalia","hydrocephalus","sadness","-0.428","0.258","-0.214","medio"
"hiel","gall","anger","-0.166","0.02","-0.294","medio"
"hiel","gall","disgust","-0.166","0.02","-0.294","medio"
"hija","daughter","joy","0.816","-0.17","-0.09","medio"
"hilaridad","hilarity","joy","0.49","-0.04","0.15","medio"
"himno","hymn","anticipation","0.47","-0.416","0.268","bajo"
"himno","hymn","joy","0.47","-0.416","0.268","bajo"
"himno","hymn","sadness","0.47","-0.416","0.268","bajo"
"himno","hymn","trust","0.47","-0.416","0.268","bajo"
"hinchado","bloated","disgust","-0.666","0.186","-0.152","medio"
"hinchazón","swelling","fear","-0.354","0.216","-0.5","medio"
"hipertrofia","hypertrophy","disgust","-0.376","0.25","-0.174","medio"
"hipertrofia","hypertrophy","fear","-0.376","0.25","-0.174","medio"
"hipertrofia","hypertrophy","surprise","-0.376","0.25","-0.174","medio"
"hipócrita","hypocrite","disgust","-0.836","0.346","-0.388","alto"
"hipócrita","hypocritical","disgust","-0.904","0.48","-0.17","alto"
"hipoteca","mortgage","fear","-0.49","-0.184","0.074","medio"
"hipótesis","hypothesis","anticipation","0.104","-0.26","0.018","medio"
"hipótesis","hypothesis","surprise","0.104","-0.26","0.018","medio"
"hiriente","hurtful","anger","-0.792","0.36","-0.074","alto"
"hiriente","hurtful","disgust","-0.792","0.36","-0.074","alto"
"hiriente","hurtful","fear","-0.792","0.36","-0.074","alto"
"hiriente","hurtful","sadness","-0.792","0.36","-0.074","alto"
"hirviendo","simmering","anticipation","-0.236","0.226","-0.176","medio"
"histeria","hysteria","fear","-0.552","0.812","-0.036","alto"
"histérico","hysterical","anger","-0.42","0.884","-0.204","alto"
"histérico","hysterical","fear","-0.42","0.884","-0.204","alto"
"Hobby","hobby","joy","0.654","0.12","-0.058","medio"
"hojas perennes","evergreen","joy","0.458","-0.058","0.092","medio"
"hojas perennes","evergreen","trust","0.458","-0.058","0.092","medio"
"Hollín","soot","disgust","-0.25","-0.344","-0.416","bajo"
"holocausto","holocaust","anger","-0.876","0.836","0.236","alto"
"holocausto","holocaust","disgust","-0.876","0.836","0.236","alto"
"holocausto","holocaust","fear","-0.876","0.836","0.236","alto"
"holocausto","holocaust","sadness","-0.876","0.836","0.236","alto"
"hombro","shoulder","trust","0.124","-0.428","-0.188","bajo"
"homicida","homicidal","anger","-0.96","0.824","0.146","alto"
"homicida","homicidal","fear","-0.96","0.824","0.146","alto"
"homicidio","homicide","anger","-0.925","0.973","-0.103","alto"
"homicidio","homicide","disgust","-0.925","0.973","-0.103","alto"
"homicidio","homicide","fear","-0.925","0.973","-0.103","alto"
"homicidio","homicide","sadness","-0.925","0.973","-0.103","alto"
"homicidio involuntario","manslaughter","anger","-0.82","0.84","-0.054","alto"
"homicidio involuntario","manslaughter","disgust","-0.82","0.84","-0.054","alto"
"homicidio involuntario","manslaughter","fear","-0.82","0.84","-0.054","alto"
"homicidio involuntario","manslaughter","sadness","-0.82","0.84","-0.054","alto"
"homicidio involuntario","manslaughter","surprise","-0.82","0.84","-0.054","alto"
"honestidad","honesty","trust","0.876","-0.178","0.456","medio"
"honesto","honest","anger","0.854","-0.492","0.5","bajo"
"honesto","honest","disgust","0.854","-0.492","0.5","bajo"
"honesto","honest","fear","0.854","-0.492","0.5","bajo"
"honesto","honest","joy","0.854","-0.492","0.5","bajo"
"honesto","honest","sadness","0.854","-0.492","0.5","bajo"
"honesto","honest","trust","0.854","-0.492","0.5","bajo"
"hongo","fungus","disgust","-0.224","-0.326","-0.654","medio"
"honor","honor","trust","0.792","0.174","0.714","medio"
"honorable","honorable","trust","0.926","-0.176","0.66","medio"
"horca","gallows","anger","-0.666","0.424","-0.156","alto"
"horca","gallows","fear","-0.666","0.424","-0.156","alto"
"horca","gallows","sadness","-0.666","0.424","-0.156","alto"
"horda","horde","surprise","-0.428","0.426","0.368","alto"
"horizonte","horizon","anticipation","0.458","-0.432","0.18","bajo"
"horno","furnace","anger","-0.142","0.058","0","medio"
"horóscopo","horoscope","anticipation","0","-0.28","-0.02","medio"
"horrendo","horrific","anger","-0.812","0.692","-0.038","alto"
"horrendo","horrific","disgust","-0.812","0.692","-0.038","alto"
"horrendo","horrific","fear","-0.812","0.692","-0.038","alto"
"horrendo","horrific","sadness","-0.812","0.692","-0.038","alto"
"horrible","horrible","anger","-0.858","0.714","-0.204","alto"
"horrible","awful","anger","-0.878","0.572","-0.1","alto"
"horrible","terrible","anger","-0.878","0.698","0.208","alto"
"horrible","horrid","anger","-0.896","0.53","-0.162","alto"
"horrible","horrible","disgust","-0.858","0.714","-0.204","alto"
"horrible","ghastly","disgust","-0.75","0.58","-0.056","alto"
"horrible","terrible","disgust","-0.878","0.698","0.208","alto"
"horrible","gruesome","disgust","-0.812","0.674","-0.052","alto"
"horrible","horrid","disgust","-0.896","0.53","-0.162","alto"
"horrible","awful","disgust","-0.878","0.572","-0.1","alto"
"horrible","hideous","disgust","-0.818","0.5","-0.344","alto"
"horrible","horrible","fear","-0.858","0.714","-0.204","alto"
"horrible","terrible","fear","-0.878","0.698","0.208","alto"
"horrible","hideous","fear","-0.818","0.5","-0.344","alto"
"horrible","ghastly","fear","-0.75","0.58","-0.056","alto"
"horrible","horrid","fear","-0.896","0.53","-0.162","alto"
"horrible","awful","fear","-0.878","0.572","-0.1","alto"
"horrible","horrid","sadness","-0.896","0.53","-0.162","alto"
"horrible","hideous","sadness","-0.818","0.5","-0.344","alto"
"horrible","terrible","sadness","-0.878","0.698","0.208","alto"
"horrible","awful","sadness","-0.878","0.572","-0.1","alto"
"horripilante","horrifying","disgust","-0.99","0.481","-0.407","alto"
"horripilante","horrifying","fear","-0.99","0.481","-0.407","alto"
"horripilante","horrifying","sadness","-0.99","0.481","-0.407","alto"
"horror","horror","anger","-0.77","0.7","-0.124","alto"
"horror","horror","disgust","-0.77","0.7","-0.124","alto"
"horror","horror","fear","-0.77","0.7","-0.124","alto"
"horror","horror","sadness","-0.77","0.7","-0.124","alto"
"horror","horror","surprise","-0.77","0.7","-0.124","alto"
"horrores","horrors","fear","-0.878","0.704","-0.182","alto"
"horrores","horrors","sadness","-0.878","0.704","-0.182","alto"
"horrorizado","horrified","fear","-0.92","0.77","-0.264","alto"
"horrorosamente","dreadfully","disgust","-0.508","0.612","-0.388","alto"
"horrorosamente","dreadfully","fear","-0.508","0.612","-0.388","alto"
"horrorosamente","dreadfully","sadness","-0.508","0.612","-0.388","alto"
"horrorosamente","dreadfully","surprise","-0.508","0.612","-0.388","alto"
"horroroso","harrowing","fear","-0.582","0.62","-0.052","alto"
"hosco","sullen","anger","-0.5","-0.186","-0.474","medio"
"hosco","surly","anger","-0.613","0.255","-0.174","medio"
"hosco","surly","disgust","-0.613","0.255","-0.174","medio"
"hosco","sullen","sadness","-0.5","-0.186","-0.474","medio"
"hospicio","hospice","sadness","-0.326","-0.114","0.07","medio"
"hospital","hospital","fear","-0.354","0.074","0.196","medio"
"hospital","hospital","sadness","-0.354","0.074","0.196","medio"
"hospital","hospital","trust","-0.354","0.074","0.196","medio"
"hostil","hostile","anger","-0.624","0.754","-0.052","alto"
"hostil","inimical","anger","-0.48","0.646","0.112","alto"
"hostil","hostile","disgust","-0.624","0.754","-0.052","alto"
"hostil","hostile","fear","-0.624","0.754","-0.052","alto"
"hostil","inimical","sadness","-0.48","0.646","0.112","alto"
"hostilidad","hostility","anger","-0.756","0.55","-0.07","alto"
"hostilidad","hostility","disgust","-0.756","0.55","-0.07","alto"
"hostilidades","hostilities","anger","-0.448","0.62","-0.112","alto"
"hostilidades","hostilities","fear","-0.448","0.62","-0.112","alto"
"hueco","hollow","sadness","-0.4","-0.326","-0.556","medio"
"Huelga","strike","anger","-0.458","0.622","0.142","alto"
"huérfano","orphan","fear","-0.734","-0.224","-0.72","medio"
"huérfano","orphan","sadness","-0.734","-0.224","-0.72","medio"
"huir","flee","fear","-0.416","0.592","-0.536","alto"
"huir","runaway","sadness","-0.458","0.54","-0.196","alto"
"humanidad","humanity","joy","0.5","-0.28","0.454","medio"
"humanidad","humanity","trust","0.5","-0.28","0.454","medio"
"humanitario","humanitarian","anticipation","0.572","-0.366","0.418","bajo"
"humanitario","humanitarian","joy","0.572","-0.366","0.418","bajo"
"humanitario","humanitarian","surprise","0.572","-0.366","0.418","bajo"
"humanitario","humanitarian","trust","0.572","-0.366","0.418","bajo"
"húmedo","dank","disgust","-0.22","-0.238","-0.234","medio"
"humildad","humility","trust","0.48","-0.764","-0.112","bajo"
"humilde","humble","disgust","0.734","-0.528","-0.034","bajo"
"humilde","lowly","sadness","0.124","-0.412","-0.166","bajo"
"humilde","humble","sadness","0.734","-0.528","-0.034","bajo"
"humillación","derogation","anger","-0.584","-0.08","-0.346","medio"
"humillación","humiliation","disgust","-0.904","0.424","-0.38","alto"
"humillación","derogation","disgust","-0.584","-0.08","-0.346","medio"
"humillación","derogation","fear","-0.584","-0.08","-0.346","medio"
"humillación","derogation","sadness","-0.584","-0.08","-0.346","medio"
"humillación","humiliation","sadness","-0.904","0.424","-0.38","alto"
"humillado","humbled","sadness","-0.44","0.236","-0.604","medio"
"humillante","humiliating","disgust","-0.876","0.432","-0.442","alto"
"humillar","humiliate","anger","-0.896","0.428","-0.45","alto"
"humillar","humiliate","sadness","-0.896","0.428","-0.45","alto"
"humorístico","humorous","joy","0.812","0.232","0.33","medio"
"hundido","sunk","disgust","-0.708","0.062","-0.63","medio"
"hundido","sunk","fear","-0.708","0.062","-0.63","medio"
"hundido","sunk","sadness","-0.708","0.062","-0.63","medio"
"hundimiento","sag","fear","-0.694","0.156","-0.11","medio"
"hundimiento","subsidence","sadness","-0.36","0.018","-0.096","medio"
"huracán","hurricane","fear","-0.646","0.91","0.427","alto"
"Hurra","hurrah","joy","0.604","0.48","0","alto"
"hurto","shoplifting","anger","-0.696","0.666","-0.118","alto"
"hurto","shoplifting","disgust","-0.696","0.666","-0.118","alto"
"hurto","larceny","disgust","-0.456","0.642","-0.092","alto"
"huyó","fled","fear","-0.552","0.278","-0.356","medio"
"ictericia","jaundice","fear","-0.572","-0.04","-0.29","medio"
"Idea equivocada","misconception","anger","-0.58","0.114","-0.418","medio"
"Idea equivocada","misconception","disgust","-0.58","0.114","-0.418","medio"
"Idea equivocada","misconception","fear","-0.58","0.114","-0.418","medio"
"idiota","idiotic","anger","-0.792","0.24","-0.66","medio"
"idiota","idiotic","disgust","-0.792","0.24","-0.66","medio"
"idiotez","idiocy","anger","-0.776","0.27","-0.843","medio"
"idiotez","idiocy","disgust","-0.776","0.27","-0.843","medio"
"idiotez","idiocy","sadness","-0.776","0.27","-0.843","medio"
"idolatría","idolatry","disgust","-0.27","0.142","0.25","medio"
"idolatría","idolatry","fear","-0.27","0.142","0.25","medio"
"iglesia","church","anticipation","0.416","-0.604","0.22","bajo"
"iglesia","church","joy","0.416","-0.604","0.22","bajo"
"iglesia","church","trust","0.416","-0.604","0.22","bajo"
"ignorado","disregarded","disgust","-0.48","-0.084","-0.434","medio"
"ignorante","ignorant","disgust","-0.796","-0.078","-0.554","medio"
"igualdad","equality","joy","0.838","-0.39","0.432","bajo"
"igualdad","equality","trust","0.838","-0.39","0.432","bajo"
"ilegal","unlawful","anger","-0.812","0.518","-0.196","alto"
"ilegal","illegal","anger","-0.878","0.574","-0.326","alto"
"ilegal","wrongful","anger","-0.796","0.36","-0.306","alto"
"ilegal","wrongful","disgust","-0.796","0.36","-0.306","alto"
"ilegal","illegal","disgust","-0.878","0.574","-0.326","alto"
"ilegal","unlawful","disgust","-0.812","0.518","-0.196","alto"
"ilegal","unlawful","fear","-0.812","0.518","-0.196","alto"
"ilegal","illegal","fear","-0.878","0.574","-0.326","alto"
"ilegal","wrongful","sadness","-0.796","0.36","-0.306","alto"
"ilegal","unlawful","sadness","-0.812","0.518","-0.196","alto"
"ilegal","illegal","sadness","-0.878","0.574","-0.326","alto"
"ilegalidad","illegality","anger","-0.812","0.27","-0.146","medio"
"ilegalidad","illegality","disgust","-0.812","0.27","-0.146","medio"
"ilegalidad","illegality","fear","-0.812","0.27","-0.146","medio"
"ilegítimo","illegitimate","anger","-0.632","0.288","-0.396","medio"
"ilegítimo","illegitimate","disgust","-0.632","0.288","-0.396","medio"
"ilegítimo","illegitimate","fear","-0.632","0.288","-0.396","medio"
"ilegítimo","illegitimate","sadness","-0.632","0.288","-0.396","medio"
"ilegítimo","illegitimate","surprise","-0.632","0.288","-0.396","medio"
"ilícito","illicit","anger","-0.624","0.588","-0.22","alto"
"ilícito","illicit","disgust","-0.624","0.588","-0.22","alto"
"ilícito","illicit","fear","-0.624","0.588","-0.22","alto"
"iluminación","illumination","joy","0.52","0.176","0.074","medio"
"iluminación","enlightenment","joy","0.674","0.098","0.238","medio"
"iluminación","illumination","surprise","0.52","0.176","0.074","medio"
"iluminación","enlightenment","trust","0.674","0.098","0.238","medio"
"iluminación","illumination","trust","0.52","0.176","0.074","medio"
"iluminar","illuminate","anticipation","0.81","0.292","0.564","medio"
"iluminar","illuminate","joy","0.81","0.292","0.564","medio"
"iluminar","enlighten","joy","0.458","0.098","0.334","medio"
"iluminar","illuminate","surprise","0.81","0.292","0.564","medio"
"iluminar","enlighten","trust","0.458","0.098","0.334","medio"
"imán","magnet","trust","0.142","-0.364","0.106","bajo"
"imbécil","jerk","anger","-0.612","0.26","-0.524","medio"
"imbécil","jerk","surprise","-0.612","0.26","-0.524","medio"
"imitador","copycat","anger","-0.102","0.16","-0.114","medio"
"imitador","copycat","disgust","-0.102","0.16","-0.114","medio"
"impaciente","impatient","anticipation","-0.5","0.416","-0.142","alto"
"imparcial","impartial","trust","0.062","-0.188","0.37","medio"
"imparcialidad","impartiality","trust","0.244","-0.212","0.232","medio"
"impartir","impart","trust","0.042","-0.118","0.388","medio"
"impecable","faultless","trust","0.584","0","0.482","medio"
"impecable","impeccable","trust","0.666","-0.26","0.648","medio"
"impenetrable","impenetrable","trust","0.062","0.154","0.678","medio"
"impermeable","impermeable","anger","0.02","-0.384","0.116","bajo"
"impermeable","impermeable","fear","0.02","-0.384","0.116","bajo"
"impío","godless","anger","-0.368","0.114","-0.284","medio"
"impío","unholy","fear","-0.346","0.12","-0.11","medio"
"impío","ungodly","sadness","-0.408","-0.154","-0.224","medio"
"implacable","unforgiving","anger","-0.188","0.26","0.586","medio"
"implacable","ruthless","anger","-0.649","0.704","0.926","alto"
"implacable","ruthless","disgust","-0.649","0.704","0.926","alto"
"implacable","ruthless","fear","-0.649","0.704","0.926","alto"
"implacable","unforgiving","sadness","-0.188","0.26","0.586","medio"
"implicar","implicate","anger","-0.5","0.34","-0.132","alto"
"imponente","towering","anticipation","0","0.38","0.612","alto"
"imponente","towering","fear","0","0.38","0.612","alto"
"impopular","unpopular","disgust","-0.854","-0.118","-0.672","medio"
"impopular","unpopular","sadness","-0.854","-0.118","-0.672","medio"
"importancia","importance","anticipation","0.5","0.16","0.728","medio"
"importante","important","trust","0.654","0.26","0.672","medio"
"importante","relevant","trust","0.438","0.216","0.528","medio"
"imposibilitar","preclude","anger","-0.334","0.104","-0.166","medio"
"imposible","impossible","sadness","-0.694","0.02","-0.186","medio"
"imposición","infliction","fear","-0.396","0.444","0.142","alto"
"imposición","infliction","sadness","-0.396","0.444","0.142","alto"
"impostor","sham","anger","-0.292","0.204","-0.21","medio"
"impostor","sham","disgust","-0.292","0.204","-0.21","medio"
"impotencia","impotence","anger","-0.604","0.378","-0.552","alto"
"impotencia","impotence","fear","-0.604","0.378","-0.552","alto"
"impotencia","helplessness","fear","-0.826","-0.04","-0.5","medio"
"impotencia","impotence","sadness","-0.604","0.378","-0.552","alto"
"impotencia","helplessness","sadness","-0.826","-0.04","-0.5","medio"
"impotente","powerless","anger","-0.75","0.177","-0.344","medio"
"impotente","powerless","disgust","-0.75","0.177","-0.344","medio"
"impotente","powerless","fear","-0.75","0.177","-0.344","medio"
"impotente","powerless","sadness","-0.75","0.177","-0.344","medio"
"impredecible","unpredictable","surprise","-0.142","0.538","0.03","alto"
"impresionable","impressionable","trust","0.654","0.44","0.29","alto"
"imprevisto","unforeseen","surprise","-0.49","0.428","0","alto"
"improvisación","improvisation","surprise","0.262","0.624","0.058","alto"
"improvisar","improvise","anticipation","0.292","0.3","0.038","medio"
"improvisar","improvise","surprise","0.292","0.3","0.038","medio"
"imprudencia","recklessness","anger","-0.416","0.526","-0.24","alto"
"imprudencia","recklessness","disgust","-0.416","0.526","-0.24","alto"
"imprudencia","recklessness","fear","-0.416","0.526","-0.24","alto"
"imprudencia","recklessness","surprise","-0.416","0.526","-0.24","alto"
"imprudente","reckless","anger","-0.476","0.576","-0.442","alto"
"imprudente","reckless","fear","-0.476","0.576","-0.442","alto"
"imprudente","imprudent","sadness","-0.66","0.352","-0.47","alto"
"impuesto","cess","disgust","-0.146","-0.25","-0.188","medio"
"impuesto","tax","sadness","-0.48","-0.038","0.068","medio"
"impulso","momentum","anticipation","0.326","0.5","0.376","alto"
"impureza","impurity","disgust","-0.654","0.092","-0.388","medio"
"impuro","impure","disgust","-0.48","0.12","-0.584","medio"
"inaceptable","unacceptable","sadness","-0.734","-0.042","-0.34","medio"
"inadecuado","inappropriate","anger","-0.73","0.084","-0.294","medio"
"inadecuado","inappropriate","disgust","-0.73","0.084","-0.294","medio"
"inadecuado","inadequate","sadness","-0.756","-0.1","-0.554","medio"
"inadecuado","inappropriate","sadness","-0.73","0.084","-0.294","medio"
"inadmisible","inadmissible","anger","-0.624","0.272","-0.222","medio"
"inadmisible","inadmissible","disgust","-0.624","0.272","-0.222","medio"
"inaguantable","unbearable","disgust","-0.75","0.596","-0.106","alto"
"inaguantable","unbearable","sadness","-0.75","0.596","-0.106","alto"
"inalámbrica","wireless","anger","0.27","-0.112","0.074","medio"
"inalámbrica","wireless","anticipation","0.27","-0.112","0.074","medio"
"inalámbrica","wireless","surprise","0.27","-0.112","0.074","medio"
"inalcanzable","unattainable","anger","-0.56","0.27","0.142","medio"
"inalcanzable","unattainable","sadness","-0.56","0.27","0.142","medio"
"inamovible","immovable","trust","-0.04","-0.38","0.142","bajo"
"inanición","starvation","fear","-0.52","0.184","-0.432","medio"
"inanición","starvation","sadness","-0.52","0.184","-0.432","medio"
"inatención","inattention","anger","-0.584","-0.134","-0.624","medio"
"inauguración","inauguration","anticipation","0.694","0.424","0.538","alto"
"inauguración","inauguration","joy","0.694","0.424","0.538","alto"
"inauguración","inauguration","trust","0.694","0.424","0.538","alto"
"inaugural","inaugural","anticipation","0.368","0.134","0.216","medio"
"incalculable","untold","anticipation","-0.52","-0.266","-0.618","medio"
"incapacidad","inability","sadness","-0.7","0.058","-0.5","medio"
"incapaz","unable","sadness","-0.736","-0.082","-0.614","medio"
"Incapaz","notable","joy","0.52","-0.1","0.392","medio"
"Incapaz","notable","trust","0.52","-0.1","0.392","medio"
"incendiario","incendiary","anger","-0.438","0.62","0.196","alto"
"incendiario","incendiary","fear","-0.438","0.62","0.196","alto"
"incendiario","incendiary","surprise","-0.438","0.62","0.196","alto"
"incendio forestal","wildfire","fear","-0.72","0.858","0.104","alto"
"incendio forestal","wildfire","sadness","-0.72","0.858","0.104","alto"
"incendio forestal","wildfire","surprise","-0.72","0.858","0.104","alto"
"incendio provocado","arson","anger","-0.734","0.808","0.134","alto"
"incendio provocado","arson","fear","-0.734","0.808","0.134","alto"
"incesto","incest","anger","-0.854","0.706","-0.018","alto"
"incesto","incest","disgust","-0.854","0.706","-0.018","alto"
"incesto","incest","fear","-0.854","0.706","-0.018","alto"
"incesto","incest","sadness","-0.854","0.706","-0.018","alto"
"incestuoso","incestuous","disgust","-0.624","0.472","-0.116","alto"
"incidente","incident","surprise","-0.832","0.324","-0.036","medio"
"incienso","incense","anger","0.396","-0.45","-0.344","bajo"
"incierto","uncertain","anger","-0.274","0","-0.672","medio"
"incierto","uncertain","disgust","-0.274","0","-0.672","medio"
"incierto","uncertain","fear","-0.274","0","-0.672","medio"
"incierto","uncertain","surprise","-0.274","0","-0.672","medio"
"incitar","incite","anger","-0.102","0.472","0.284","alto"
"incitar","incite","anticipation","-0.102","0.472","0.284","alto"
"incitar","incite","fear","-0.102","0.472","0.284","alto"
"inclinación","incline","trust","-0.02","-0.154","-0.31","medio"
"inclusión","inclusion","trust","0.548","-0.192","0.424","medio"
"incómodo","cumbersome","sadness","-0.482","0.246","-0.416","medio"
"incompatible","incompatible","anger","-0.608","0","-0.38","medio"
"incompatible","incompatible","disgust","-0.608","0","-0.38","medio"
"incompatible","incompatible","sadness","-0.608","0","-0.38","medio"
"incompetente","incompetent","anger","-0.734","0.132","-0.522","medio"
"incompetente","incompetent","sadness","-0.734","0.132","-0.522","medio"
"inconcebible","unthinkable","anger","-0.27","-0.04","-0.038","medio"
"inconcebible","unthinkable","disgust","-0.27","-0.04","-0.038","medio"
"inconcebible","unthinkable","fear","-0.27","-0.04","-0.038","medio"
"inconfirmado","unverified","anticipation","-0.572","-0.27","-0.57","medio"
"incongruente","incongruous","anger","-0.646","0.008","-0.314","medio"
"inconsecuente","inconsequential","sadness","-0.584","-0.04","-0.512","medio"
"incontestable","unquestioned","trust","0.124","0.018","0.492","medio"
"incontinencia","incontinence","surprise","-0.7","0.196","-0.456","medio"
"incontrolable","uncontrollable","anger","-0.47","0.58","0.252","alto"
"incontrolable","uncontrollable","anticipation","-0.47","0.58","0.252","alto"
"incontrolable","uncontrollable","surprise","-0.47","0.58","0.252","alto"
"inconveniente","inconvenient","anger","-0.552","0.22","-0.25","medio"
"inconveniente","inconvenient","disgust","-0.552","0.22","-0.25","medio"
"inconveniente","inconvenient","sadness","-0.552","0.22","-0.25","medio"
"incorpóreo","disembodied","fear","-0.666","0.24","-0.176","medio"
"incorpóreo","disembodied","sadness","-0.666","0.24","-0.176","medio"
"incorrectamente","wrongly","anger","-0.892","0.1","-0.596","medio"
"incorrectamente","wrongly","fear","-0.892","0.1","-0.596","medio"
"incorrectamente","wrongly","sadness","-0.892","0.1","-0.596","medio"
"incrédulo","incredulous","anger","-0.428","0.02","-0.462","medio"
"incrédulo","incredulous","disgust","-0.428","0.02","-0.462","medio"
"incriminación","incrimination","fear","-0.696","0.73","0.09","alto"
"incriminación","incrimination","sadness","-0.696","0.73","0.09","alto"
"íncubo","incubus","disgust","-0.084","0.058","-0.036","medio"
"íncubo","incubus","fear","-0.084","0.058","-0.036","medio"
"incuestionable","unquestionable","trust","-0.062","-0.1","0.686","medio"
"incuestionablemente","unquestionably","trust","0","0.26","0.5","medio"
"incumplido","unfulfilled","anger","-0.649","-0.148","-0.464","medio"
"incumplido","unfulfilled","anticipation","-0.649","-0.148","-0.464","medio"
"incumplido","unfulfilled","sadness","-0.649","-0.148","-0.464","medio"
"incumplido","unfulfilled","surprise","-0.649","-0.148","-0.464","medio"
"incumplimiento","noncompliance","anger","-0.776","0.196","-0.482","medio"
"incumplimiento","noncompliance","anticipation","-0.776","0.196","-0.482","medio"
"incumplimiento","noncompliance","fear","-0.776","0.196","-0.482","medio"
"incumplimiento","noncompliance","sadness","-0.776","0.196","-0.482","medio"
"incurable","incurable","anger","-0.792","0.334","-0.49","alto"
"incurable","incurable","disgust","-0.792","0.334","-0.49","alto"
"incurable","incurable","fear","-0.792","0.334","-0.49","alto"
"incurable","incurable","sadness","-0.792","0.334","-0.49","alto"
"incursión","foray","anger","-0.164","0.236","0.352","medio"
"incursión","incursion","fear","0.104","0.66","0.438","alto"
"indecencia","indecency","anger","-0.73","0.34","-0.018","alto"
"indecencia","indecency","disgust","-0.73","0.34","-0.018","alto"
"indecente","indecent","disgust","-0.834","0.366","-0.52","alto"
"indecible","unspeakable","fear","-0.346","0.134","-0.214","medio"
"indeciso","undecided","anticipation","-0.428","-0.134","-0.746","medio"
"indeciso","undecided","fear","-0.428","-0.134","-0.746","medio"
"indefendible","indefensible","fear","-0.654","0.294","-0.032","medio"
"indefenso","defenseless","fear","-0.714","-0.286","-0.895","medio"
"indefenso","helpless","fear","-0.792","-0.16","-0.572","medio"
"indefenso","defenseless","sadness","-0.714","-0.286","-0.895","medio"
"indefenso","helpless","sadness","-0.792","-0.16","-0.572","medio"
"indeleble","indelible","trust","-0.02","-0.326","0.182","medio"
"indemnidad","indemnity","trust","-0.06","0.214","0.384","medio"
"independencia","independence","anticipation","0.792","0.326","0.822","medio"
"independencia","independence","joy","0.792","0.326","0.822","medio"
"independencia","independence","surprise","0.792","0.326","0.822","medio"
"independencia","independence","trust","0.792","0.326","0.822","medio"
"indeseable","undesirable","anger","-0.646","0.288","-0.48","medio"
"indeseable","undesirable","disgust","-0.646","0.288","-0.48","medio"
"indeseable","undesirable","fear","-0.646","0.288","-0.48","medio"
"indeseable","undesirable","sadness","-0.646","0.288","-0.48","medio"
"indestructible","indestructible","trust","0.544","0.462","0.706","alto"
"indiferencia","indifference","anger","-0.47","-0.166","-0.402","medio"
"indiferencia","indifference","disgust","-0.47","-0.166","-0.402","medio"
"indiferencia","indifference","fear","-0.47","-0.166","-0.402","medio"
"indiferencia","indifference","sadness","-0.47","-0.166","-0.402","medio"
"indiferente","uncaring","anger","-0.646","-0.51","-0.358","bajo"
"indiferente","uncaring","disgust","-0.646","-0.51","-0.358","bajo"
"indiferente","uncaring","sadness","-0.646","-0.51","-0.358","bajo"
"indigente","destitute","fear","-0.74","-0.098","-0.556","medio"
"indigente","destitute","sadness","-0.74","-0.098","-0.556","medio"
"Indignacion","outrage","anger","-0.88","0.378","0.084","alto"
"Indignacion","outrage","disgust","-0.88","0.378","0.084","alto"
"indignación","indignation","anger","-0.654","0.556","-0.138","alto"
"indignación","indignation","disgust","-0.654","0.556","-0.138","alto"
"indignado","indignant","anger","-0.48","0.2","-0.154","medio"
"indignante","outrageous","surprise","-0.694","0.89","0.426","alto"
"indigno de","unworthy","disgust","-0.612","-0.134","-0.548","medio"
"indigno de confianza","untrustworthy","anger","-0.903","-0.051","-0.602","medio"
"indispuesto","unwell","sadness","-0.714","0.28","-0.558","medio"
"indivisible","indivisible","trust","0.292","-0.204","0.16","medio"
"indomable","indomitable","fear","-0.084","0.6","0.66","alto"
"indudable","doubtless","trust","0.376","-0.17","0.378","medio"
"indulgente","forgiving","trust","0.77","-0.366","0.112","bajo"
"inédito","unpublished","anticipation","-0.188","-0.04","-0.038","medio"
"inédito","unpublished","sadness","-0.188","-0.04","-0.038","medio"
"ineficacia","inefficiency","disgust","-0.816","-0.068","-0.638","medio"
"ineficacia","inefficiency","sadness","-0.816","-0.068","-0.638","medio"
"ineficaz","ineffectual","disgust","-0.674","-0.176","-0.6","medio"
"ineficiente","inefficient","sadness","-0.62","-0.08","-0.654","medio"
"ineptitud","ineptitude","disgust","-0.646","-0.058","-0.5","medio"
"ineptitud","ineptitude","fear","-0.646","-0.058","-0.5","medio"
"ineptitud","ineptitude","sadness","-0.646","-0.058","-0.5","medio"
"inepto","inept","anger","-0.688","-0.164","-0.582","medio"
"inepto","inept","disgust","-0.688","-0.164","-0.582","medio"
"inequívoco","unequivocal","trust","0.208","-0.17","0.23","medio"
"inesperadamente","unexpectedly","surprise","-0.292","0.518","-0.076","alto"
"inesperado","unexpected","anticipation","0","0.44","-0.334","alto"
"inesperado","unexpected","fear","0","0.44","-0.334","alto"
"inesperado","unexpected","joy","0","0.44","-0.334","alto"
"inesperado","unanticipated","surprise","-0.49","0.55","-0.346","alto"
"inesperado","unexpected","surprise","0","0.44","-0.334","alto"
"inestabilidad","instability","disgust","-0.646","0.52","-0.294","alto"
"inestabilidad","instability","fear","-0.646","0.52","-0.294","alto"
"inestable","unsettled","anger","-0.625","0.481","-0.627","alto"
"inestable","unsettled","disgust","-0.625","0.481","-0.627","alto"
"inestable","unstable","fear","-0.666","0.174","-0.7","medio"
"inestable","unsteady","fear","-0.756","0","-0.62","medio"
"inestable","unsettled","fear","-0.625","0.481","-0.627","alto"
"inestable","unstable","surprise","-0.666","0.174","-0.7","medio"
"inexcusable","inexcusable","anger","-0.458","0.164","0.092","medio"
"inexcusable","inexcusable","disgust","-0.458","0.164","0.092","medio"
"inexcusable","inexcusable","sadness","-0.458","0.164","0.092","medio"
"inexplicable","unexplained","anticipation","-0.458","0.062","-0.302","medio"
"inexplicable","unaccountable","anticipation","-0.64","0.2","0.086","medio"
"inexplicable","unaccountable","disgust","-0.64","0.2","0.086","medio"
"inexplicable","unaccountable","sadness","-0.64","0.2","0.086","medio"
"inexplicable","unexplained","sadness","-0.458","0.062","-0.302","medio"
"inexplicable","inexplicable","surprise","-0.552","0.27","-0.114","medio"
"inexplicable","unaccountable","trust","-0.64","0.2","0.086","medio"
"infalibilidad","infallibility","trust","0.166","0.326","0.528","medio"
"infame","infamous","anger","-0.708","0.16","-0.056","medio"
"infame","infamous","disgust","-0.708","0.16","-0.056","medio"
"infame","infamous","fear","-0.708","0.16","-0.056","medio"
"infamia","infamy","sadness","-0.646","0.352","-0.158","alto"
"infancia","childhood","joy","0.73","-0.174","-0.386","medio"
"infanticidio","infanticide","anger","-0.833","0.712","-0.114","alto"
"infanticidio","infanticide","anticipation","-0.833","0.712","-0.114","alto"
"infanticidio","infanticide","disgust","-0.833","0.712","-0.114","alto"
"infanticidio","infanticide","fear","-0.833","0.712","-0.114","alto"
"infanticidio","infanticide","sadness","-0.833","0.712","-0.114","alto"
"infantil","infantile","anger","0.208","-0.236","-0.482","medio"
"infantil","infantile","disgust","0.208","-0.236","-0.482","medio"
"infarto","infarct","fear","-0.879","0.679","-0.354","alto"
"infarto","infarct","surprise","-0.879","0.679","-0.354","alto"
"infección","infection","fear","-0.834","0.47","-0.186","alto"
"infeccioso","infectious","disgust","-0.716","0.52","-0.156","alto"
"infeccioso","infectious","fear","-0.716","0.52","-0.156","alto"
"infeccioso","infectious","sadness","-0.716","0.52","-0.156","alto"
"infectar","infect","disgust","-0.796","0.554","-0.152","alto"
"infelicidad","unhappiness","sadness","-0.834","0.26","-0.556","medio"
"infeliz","unhappy","anger","-0.776","0","-0.536","medio"
"infeliz","unhappy","disgust","-0.776","0","-0.536","medio"
"infeliz","unhappy","sadness","-0.776","0","-0.536","medio"
"inferior","nether","anger","-0.52","-0.47","-0.482","bajo"
"inferior","nether","fear","-0.52","-0.47","-0.482","bajo"
"inferior","inferior","sadness","-0.48","-0.492","-0.894","bajo"
"inferior","nether","sadness","-0.52","-0.47","-0.482","bajo"
"infernal","hellish","anger","-0.75","0.72","0.09","alto"
"infernal","hellish","disgust","-0.75","0.72","0.09","alto"
"infernal","hellish","fear","-0.75","0.72","0.09","alto"
"infernal","hellish","sadness","-0.75","0.72","0.09","alto"
"infestación","infestation","disgust","-0.488","0.552","0.054","alto"
"infestación","infestation","fear","-0.488","0.552","0.054","alto"
"infidelidad","infidelity","anger","-0.876","0.554","-0.216","alto"
"infidelidad","infidelity","disgust","-0.876","0.554","-0.216","alto"
"infidelidad","infidelity","fear","-0.876","0.554","-0.216","alto"
"infidelidad","infidelity","sadness","-0.876","0.554","-0.216","alto"
"infiel","infidel","anger","-0.646","0.48","-0.192","alto"
"infiel","unfaithful","disgust","-0.938","0.612","-0.404","alto"
"infiel","infidel","disgust","-0.646","0.48","-0.192","alto"
"infiel","infidel","fear","-0.646","0.48","-0.192","alto"
"infierno","inferno","anger","-0.898","0.714","-0.074","alto"
"infierno","hell","anger","-0.96","0.615","0.13","alto"
"infierno","hell","disgust","-0.96","0.615","0.13","alto"
"infierno","inferno","fear","-0.898","0.714","-0.074","alto"
"infierno","hell","fear","-0.96","0.615","0.13","alto"
"infierno","hell","sadness","-0.96","0.615","0.13","alto"
"infinito","infinity","anticipation","0.032","-0.082","0.61","medio"
"infinito","infinity","joy","0.032","-0.082","0.61","medio"
"infinito","infinity","trust","0.032","-0.082","0.61","medio"
"inflación","inflation","fear","-0.562","0.584","0.016","alto"
"infligir","wreak","anger","-0.25","0.244","-0.004","medio"
"infligir","inflict","anger","-0.666","0.52","0.218","alto"
"infligir","inflict","fear","-0.666","0.52","0.218","alto"
"infligir","inflict","sadness","-0.666","0.52","0.218","alto"
"influyente","influential","trust","0.798","0.376","0.888","alto"
"informar","inform","trust","0.446","0.164","0.358","medio"
"infracción","infraction","anger","-0.51","0.32","-0.058","medio"
"infrecuente","infrequent","surprise","-0.376","-0.246","-0.616","medio"
"infructuoso","fruitless","sadness","-0.48","0.16","-0.378","medio"
"ingenioso","witty","joy","0.714","0.414","0.518","alto"
"ingreso","income","anticipation","0.5","0.02","0.456","medio"
"ingreso","income","joy","0.5","0.02","0.456","medio"
"ingreso","income","sadness","0.5","0.02","0.456","medio"
"ingreso","income","trust","0.5","0.02","0.456","medio"
"inhibir","inhibit","anger","-0.666","-0.042","-0.106","medio"
"inhibir","inhibit","disgust","-0.666","-0.042","-0.106","medio"
"inhibir","inhibit","sadness","-0.666","-0.042","-0.106","medio"
"inhóspito","inhospitable","sadness","-0.47","0.062","-0.21","medio"
"inhumanidad","inhumanity","sadness","-0.714","0.08","-0.19","medio"
"inhumano","inhuman","anger","-0.786","0.32","-0.016","medio"
"inhumano","inhuman","disgust","-0.786","0.32","-0.016","medio"
"inhumano","inhuman","fear","-0.786","0.32","-0.016","medio"
"inhumano","inhuman","sadness","-0.786","0.32","-0.016","medio"
"inimitable","inimitable","trust","0.142","-0.174","0.58","medio"
"iniquidad","iniquity","disgust","-0.562","0.134","-0.15","medio"
"injusticia","injustice","anger","-0.918","0.46","-0.243","alto"
"injusticia","unfairness","anger","-0.66","0.634","-0.328","alto"
"injusticia","unfairness","sadness","-0.66","0.634","-0.328","alto"
"injustificable","unjustifiable","anger","-0.77","0.192","-0.212","medio"
"injustificable","unjustifiable","disgust","-0.77","0.192","-0.212","medio"
"injustificable","unjustifiable","fear","-0.77","0.192","-0.212","medio"
"injusto","unjust","anger","-0.77","0.25","-0.444","medio"
"injusto","unfair","anger","-0.654","-0.056","-0.62","medio"
"injusto","unfair","disgust","-0.654","-0.056","-0.62","medio"
"injusto","unfair","sadness","-0.654","-0.056","-0.62","medio"
"inmaculado","immaculate","joy","0.396","-0.34","0.376","bajo"
"inmaculado","spotless","trust","0.584","-0.346","0.452","bajo"
"inmaculado","immaculate","trust","0.396","-0.34","0.376","bajo"
"inmadurez","immaturity","anger","-0.708","0.134","-0.558","medio"
"inmadurez","immaturity","anticipation","-0.708","0.134","-0.558","medio"
"inmaduro","immature","anticipation","-0.772","0","-0.6","medio"
"inmanejable","unmanageable","disgust","-0.646","0.332","-0.036","medio"
"inmediación","immediacy","surprise","0.27","0.26","0.254","medio"
"inmediatamente","immediately","anticipation","0.104","0.56","0.414","alto"
"inmersión","plunge","fear","-0.386","0.38","0.1","alto"
"inmigrante","immigrant","fear","-0.286","0.326","0.018","medio"
"inminente","imminent","anticipation","-0.02","0.568","0.286","alto"
"inminente","impending","anticipation","-0.04","0.47","0.504","alto"
"inminente","impending","fear","-0.04","0.47","0.504","alto"
"inminente","imminent","fear","-0.02","0.568","0.286","alto"
"inmoral","immoral","anger","-0.714","0.244","-0.23","medio"
"inmoral","immoral","disgust","-0.714","0.244","-0.23","medio"
"inmoral","immoral","fear","-0.714","0.244","-0.23","medio"
"inmoral","immoral","sadness","-0.714","0.244","-0.23","medio"
"inmoralidad","immorality","anger","-0.624","0.378","-0.37","alto"
"inmoralidad","immorality","disgust","-0.624","0.378","-0.37","alto"
"inmortalidad","immortality","anticipation","0.376","0.27","0.722","medio"
"inmundicia","filth","disgust","-0.612","0.184","-0.362","medio"
"inmundo","unclean","disgust","-0.734","0.058","-0.732","medio"
"inmunización","immunization","trust","0.334","0.02","0.466","medio"
"inocente","innocent","trust","0.458","-0.588","-0.32","bajo"
"inoculación","inoculation","anticipation","-0.334","0.14","0.196","medio"
"inoculación","inoculation","trust","-0.334","0.14","0.196","medio"
"inodoro","toilet","disgust","-0.02","-0.42","-0.534","bajo"
"inoperante","inoperative","anger","-0.724","-0.15","-0.454","medio"
"inquebrantable","unwavering","trust","0.48","0.26","0.716","medio"
"inquietud","uneasiness","anticipation","-0.643","0.596","-0.544","alto"
"inquietud","restlessness","anticipation","-0.834","0.588","-0.206","alto"
"inquietud","uneasiness","sadness","-0.643","0.596","-0.544","alto"
"insalubre","unhealthy","disgust","-0.885","0.098","-0.572","medio"
"insalubre","unhealthy","fear","-0.885","0.098","-0.572","medio"
"insalubre","unhealthy","sadness","-0.885","0.098","-0.572","medio"
"insatisfactorio","unsatisfactory","disgust","-0.756","0.04","-0.622","medio"
"insatisfecho","unsatisfied","disgust","-0.6","0.094","-0.518","medio"
"insatisfecho","unsatisfied","sadness","-0.6","0.094","-0.518","medio"
"inscribirse","enroll","anticipation","0.392","0.06","0.222","medio"
"inscribirse","enroll","trust","0.392","0.06","0.222","medio"
"insecto","bug","disgust","-0.428","0","-0.508","medio"
"insecto","bug","fear","-0.428","0","-0.508","medio"
"inseguridad","insecurity","fear","-0.812","0.294","-0.3","medio"
"inseguro","insecure","anger","-0.772","0.076","-0.736","medio"
"inseguro","unsafe","fear","-0.77","0.124","-0.631","medio"
"inseguro","insecure","fear","-0.772","0.076","-0.736","medio"
"inseguro","insecure","sadness","-0.772","0.076","-0.736","medio"
"inseparable","inseparable","joy","0.534","0.04","0.163","medio"
"inseparable","inseparable","trust","0.534","0.04","0.163","medio"
"insidioso","insidious","anger","-0.708","0.244","-0.04","medio"
"insidioso","insidious","disgust","-0.708","0.244","-0.04","medio"
"insidioso","insidious","fear","-0.708","0.244","-0.04","medio"
"Insignia","badge","trust","0.134","-0.024","0.382","medio"
"insignificante","insignificant","anger","-0.834","-0.388","-0.886","bajo"
"insignificante","insignificant","sadness","-0.834","-0.388","-0.886","bajo"
"insípido","tasteless","disgust","-0.708","-0.608","-0.704","bajo"
"insolvencia","insolvency","fear","-0.354","-0.138","-0.4","medio"
"insolvencia","insolvency","sadness","-0.354","-0.138","-0.4","medio"
"insolvencia","insolvency","surprise","-0.354","-0.138","-0.4","medio"
"insolvente","insolvent","fear","-0.54","-0.038","-0.364","medio"
"insolvente","insolvent","sadness","-0.54","-0.038","-0.364","medio"
"insolvente","insolvent","trust","-0.54","-0.038","-0.364","medio"
"inspiración","inspiration","anticipation","0.876","0.2","0.513","medio"
"inspiración","inspiration","joy","0.876","0.2","0.513","medio"
"inspirado","inspired","joy","0.934","0.404","0.472","alto"
"inspirado","inspired","surprise","0.934","0.404","0.472","alto"
"inspirado","inspired","trust","0.934","0.404","0.472","alto"
"inspirar","inspire","anticipation","0.836","0.254","0.518","medio"
"inspirar","inspire","joy","0.836","0.254","0.518","medio"
"inspirar","inspire","trust","0.836","0.254","0.518","medio"
"Instalar en pc","install","anticipation","0.26","0.166","0.472","medio"
"instintivo","instinctive","anger","0.504","0.15","0.388","medio"
"instintivo","instinctive","disgust","0.504","0.15","0.388","medio"
"instintivo","instinctive","fear","0.504","0.15","0.388","medio"
"instituto","institute","trust","0.208","-0.04","0.614","medio"
"institutriz","governess","trust","-0.148","0","0.264","medio"
"instrucción","instruction","trust","0.312","-0.132","0.472","medio"
"instrucciones","instructions","anticipation","0.164","-0.396","0.112","bajo"
"instrucciones","instructions","trust","0.164","-0.396","0.112","bajo"
"instructor","instructor","anticipation","0.542","-0.02","0.564","medio"
"instructor","instructor","trust","0.542","-0.02","0.564","medio"
"instruir","instruct","trust","0.458","-0.02","0.666","medio"
"insuficiencia","insufficiency","anger","-0.77","-0.138","-0.58","medio"
"insultante","insulting","anger","-0.812","0.68","-0.176","alto"
"insultante","insulting","disgust","-0.812","0.68","-0.176","alto"
"insultante","insulting","fear","-0.812","0.68","-0.176","alto"
"insultante","insulting","sadness","-0.812","0.68","-0.176","alto"
"insulto","insult","anger","-0.83","0.662","-0.222","alto"
"insulto","insult","disgust","-0.83","0.662","-0.222","alto"
"insulto","insult","sadness","-0.83","0.662","-0.222","alto"
"insulto","insult","surprise","-0.83","0.662","-0.222","alto"
"insuperable","insurmountable","fear","0.24","0.254","0.474","medio"
"insuperable","insurmountable","sadness","0.24","0.254","0.474","medio"
"insuperado","unsurpassed","anticipation","0.388","0.138","0.596","medio"
"insuperado","unsurpassed","fear","0.388","0.138","0.596","medio"
"insuperado","unsurpassed","joy","0.388","0.138","0.596","medio"
"insuperado","unsurpassed","trust","0.388","0.138","0.596","medio"
"insurrección","insurrection","anger","-0.542","0.412","0.164","alto"
"intacto","unbroken","trust","0.1","-0.552","0.204","bajo"
"intacto","intact","trust","0.549","-0.704","0.289","bajo"
"integridad","integrity","trust","0.73","-0.174","0.696","medio"
"inteligencia","intelligence","fear","0.666","0.174","0.77","medio"
"inteligencia","intelligence","joy","0.666","0.174","0.77","medio"
"inteligencia","intelligence","trust","0.666","0.174","0.77","medio"
"inteligente","intelligent","trust","0.834","0.082","0.736","medio"
"intenso","fierce","anger","-0.438","0.754","0.518","alto"
"intenso","intense","anger","0.184","0.548","0.358","alto"
"intenso","intense","disgust","0.184","0.548","0.358","alto"
"intenso","fierce","disgust","-0.438","0.754","0.518","alto"
"intenso","intense","fear","0.184","0.548","0.358","alto"
"intenso","fierce","fear","-0.438","0.754","0.518","alto"
"intenso","intense","joy","0.184","0.548","0.358","alto"
"intenso","intense","surprise","0.184","0.548","0.358","alto"
"intenso","intense","trust","0.184","0.548","0.358","alto"
"intentar","attempt","anticipation","0.25","-0.018","-0.138","medio"
"intercambio","exchange","trust","0.48","0.138","-0.018","medio"
"interceder","intercede","fear","0.164","0.154","0.26","medio"
"interceder","intercede","sadness","0.164","0.154","0.26","medio"
"intercesión","intercession","trust","0.006","-0.028","0.196","medio"
"interesado","interested","disgust","0.5","0.058","0.45","medio"
"interesado","interested","sadness","0.5","0.058","0.45","medio"
"interior","interior","disgust","0.236","-0.686","-0.076","bajo"
"interior","interior","trust","0.236","-0.686","-0.076","bajo"
"interminable","interminable","anger","-0.346","-0.038","0.122","medio"
"interminable","interminable","anticipation","-0.346","-0.038","0.122","medio"
"interrogar","interrogate","fear","-0.354","0.616","0.36","alto"
"interrogatorio","interrogation","fear","-0.396","0.654","0.314","alto"
"interrumpido","interrupted","sadness","-0.438","0.118","-0.334","medio"
"interrumpir","interrupt","anger","-0.58","0.27","0.018","medio"
"interrumpir","interrupt","surprise","-0.58","0.27","0.018","medio"
"intervención","involvement","anger","0.52","0.24","0.392","medio"
"intervención","intervention","sadness","-0.224","0.392","0.378","alto"
"intestinal","intestinal","disgust","-0.286","0.062","-0.26","medio"
"intestino","gut","disgust","-0.184","-0.266","-0.272","medio"
"intestinos","bowels","disgust","-0.612","-0.104","-0.276","medio"
"íntimamente","intimately","anticipation","0.612","0.146","0.18","medio"
"íntimamente","intimately","fear","0.612","0.146","0.18","medio"
"íntimamente","intimately","joy","0.612","0.146","0.18","medio"
"intimidación","intimidation","anger","-0.646","0.582","0.288","alto"
"intimidación","intimidation","fear","-0.646","0.582","0.288","alto"
"intimidar","intimidate","fear","-0.58","0.608","0.264","alto"
"íntimo","intimate","anticipation","0.448","0.196","-0.214","medio"
"íntimo","intimate","joy","0.448","0.196","-0.214","medio"
"íntimo","intimate","trust","0.448","0.196","-0.214","medio"
"intitulado","untitled","sadness","-0.574","-0.52","-0.52","bajo"
"intolerable","intolerable","anger","-0.708","0.32","-0.122","medio"
"intolerancia","intolerance","anger","-0.896","0.408","0.04","alto"
"intolerancia","intolerance","disgust","-0.896","0.408","0.04","alto"
"intolerancia","intolerance","fear","-0.896","0.408","0.04","alto"
"intolerante","intolerant","anger","-0.73","0.352","0.018","alto"
"intolerante","intolerant","disgust","-0.73","0.352","0.018","alto"
"intolerante","intolerant","fear","-0.73","0.352","0.018","alto"
"intolerante","intolerant","sadness","-0.73","0.352","0.018","alto"
"intratable","intractable","anger","-0.692","0.388","-0.396","alto"
"intriga","intrigue","anticipation","-0.276","0.66","-0.346","alto"
"intriga","intrigue","fear","-0.276","0.66","-0.346","alto"
"intriga","intrigue","surprise","-0.276","0.66","-0.346","alto"
"intrusión","intrusion","fear","-0.414","0.282","0.34","medio"
"intruso","intruder","anger","-0.708","0.48","-0.352","alto"
"intruso","intrusive","anger","-0.078","0.214","0.076","medio"
"intruso","intrusive","disgust","-0.078","0.214","0.076","medio"
"intruso","intruder","fear","-0.708","0.48","-0.352","alto"
"intruso","intrusive","fear","-0.078","0.214","0.076","medio"
"intruso","intrusive","surprise","-0.078","0.214","0.076","medio"
"intruso","intruder","surprise","-0.708","0.48","-0.352","alto"
"intuición","intuition","trust","0.714","0.016","0.204","medio"
"intuitivamente","intuitively","anticipation","0.34","0.122","0.296","medio"
"inundación","flood","fear","-0.584","0.556","0.216","alto"
"inútil","pointless","sadness","-0.89","-0.294","-0.874","medio"
"invadir","invade","anger","-0.184","0.784","0.428","alto"
"invadir","invade","fear","-0.184","0.784","0.428","alto"
"invadir","invade","sadness","-0.184","0.784","0.428","alto"
"invadir","invade","surprise","-0.184","0.784","0.428","alto"
"inválido","invalid","sadness","-0.64","-0.34","-0.49","bajo"
"invasión","invasion","anger","-0.458","0.686","0.616","alto"
"invasión","encroachment","fear","-0.49","0.472","0.24","alto"
"invasor","invader","anger","-0.6","0.654","0.236","alto"
"invasor","invader","fear","-0.6","0.654","0.236","alto"
"invasor","invader","sadness","-0.6","0.654","0.236","alto"
"inversión","reversal","anger","-0.24","0.02","0.182","medio"
"inversión","reversal","disgust","-0.24","0.02","0.182","medio"
"inversión","reversal","surprise","-0.24","0.02","0.182","medio"
"investigación","investigation","anticipation","0.062","0.184","0.64","medio"
"invicto","unbeaten","anticipation","0.708","0.52","0.656","alto"
"invicto","unbeaten","joy","0.708","0.52","0.656","alto"
"invicto","unbeaten","sadness","0.708","0.52","0.656","alto"
"invicto","unbeaten","surprise","0.708","0.52","0.656","alto"
"invitación","invitation","anticipation","0.604","0.098","0.294","medio"
"invitar","invite","anticipation","0.49","0.31","0.222","medio"
"invitar","invite","joy","0.49","0.31","0.222","medio"
"invitar","invite","surprise","0.49","0.31","0.222","medio"
"invitar","invite","trust","0.49","0.31","0.222","medio"
"invocación","invocation","anticipation","-0.14","0.24","0.346","medio"
"invocación","invocation","trust","-0.14","0.24","0.346","medio"
"invocar","invoke","anticipation","0.166","0.48","0.158","alto"
"involución","involution","anger","-0.408","-0.16","-0.186","medio"
"involuntario","unintended","surprise","-0.124","-0.23","-0.302","medio"
"involuntario","unintentional","surprise","-0.334","0.076","-0.388","medio"
"inyección","injection","fear","-0.438","0.482","0.036","alto"
"ir a tientas","grope","anger","-0.16","0.118","-0.284","medio"
"ir a tientas","grope","disgust","-0.16","0.118","-0.284","medio"
"ir a tientas","grope","fear","-0.16","0.118","-0.284","medio"
"ira","ire","anger","-0.604","0.48","0.15","alto"
"ira","wrath","anger","-0.922","0.816","0.096","alto"
"ira","wrath","fear","-0.922","0.816","0.096","alto"
"iris","iris","fear","0.416","-0.45","-0.24","bajo"
"irracional","irrational","disgust","-0.75","0.296","-0.212","medio"
"irracional","irrational","fear","-0.75","0.296","-0.212","medio"
"irreconciliable","irreconcilable","anger","-0.708","0.334","-0.25","alto"
"irreconciliable","irreconcilable","fear","-0.708","0.334","-0.25","alto"
"irreconciliable","irreconcilable","sadness","-0.708","0.334","-0.25","alto"
"irrefutable","irrefutable","trust","-0.008","0.098","0.432","medio"
"irreparable","irreparable","fear","-0.878","0.06","-0.14","medio"
"irreparable","irreparable","sadness","-0.878","0.06","-0.14","medio"
"irresoluto","unresolved","anticipation","-0.73","-0.118","-0.654","medio"
"irrespetuoso","disrespectful","anger","-0.969","0.528","-0.588","alto"
"irrespetuoso","disrespectful","disgust","-0.969","0.528","-0.588","alto"
"irrespetuoso","disrespectful","fear","-0.969","0.528","-0.588","alto"
"irrespetuoso","disrespectful","sadness","-0.969","0.528","-0.588","alto"
"irritabilidad","irritability","anger","-0.708","0.706","-0.434","alto"
"irritable","irritable","anger","-0.776","0.904","-0.076","alto"
"irritación","irritation","anger","-0.854","0.666","-0.008","alto"
"irritación","irritation","disgust","-0.854","0.666","-0.008","alto"
"irritación","irritation","sadness","-0.854","0.666","-0.008","alto"
"irritante","irritating","anger","-0.792","0.824","-0.214","alto"
"irritante","annoying","anger","-0.836","0.706","-0.304","alto"
"irritante","irritating","disgust","-0.792","0.824","-0.214","alto"
"jadeando","gasping","fear","-0.584","0.408","-0.242","alto"
"jadear","gasp","surprise","-0.12","0.508","-0.404","alto"
"jaranear","revel","joy","0.48","0.41","0.368","alto"
"jardín","garden","joy","0.54","-0.54","-0.088","bajo"
"jaula","cage","sadness","-0.368","-0.334","-0.296","bajo"
"jeringuilla","syringe","fear","-0.5","0.36","-0.34","alto"
"jovial","jovial","joy","0.646","-0.08","0.052","medio"
"joya","gem","joy","0.834","-0.04","0.164","medio"
"Juan","john","disgust","0.124","-0.236","-0.346","medio"
"Jubilación","retirement","anticipation","-0.5","-0.352","-0.49","bajo"
"Jubilación","retirement","fear","-0.5","-0.352","-0.49","bajo"
"Jubilación","retirement","joy","-0.5","-0.352","-0.49","bajo"
"Jubilación","retirement","sadness","-0.5","-0.352","-0.49","bajo"
"Jubilación","retirement","trust","-0.5","-0.352","-0.49","bajo"
"jubiloso","jubilant","joy","0.688","0.346","0.328","alto"
"jubiloso","joyous","joy","0.916","0.16","0.456","medio"
"jubiloso","jubilant","surprise","0.688","0.346","0.328","alto"
"jubiloso","jubilant","trust","0.688","0.346","0.328","alto"
"judicial","judicial","anticipation","-0.244","0.334","0.666","alto"
"judicial","judiciary","anticipation","-0.122","0.48","0.794","alto"
"judicial","judiciary","trust","-0.122","0.48","0.794","alto"
"judicial","judicial","trust","-0.244","0.334","0.666","alto"
"juego","gambling","anticipation","-0.27","0.612","-0.306","alto"
"juego","gambling","surprise","-0.27","0.612","-0.306","alto"
"jugador","gambler","anticipation","-0.084","0.388","0.236","alto"
"jugador","gambler","surprise","-0.084","0.388","0.236","alto"
"juguetón","playful","anger","0.784","0.376","-0.074","alto"
"juguetón","playful","joy","0.784","0.376","-0.074","alto"
"juguetón","playful","surprise","0.784","0.376","-0.074","alto"
"juguetón","playful","trust","0.784","0.376","-0.074","alto"
"juicio","judgment","surprise","-0.208","0.2","0.632","medio"
"juicioso","judicious","trust","0.26","-0.136","0.544","medio"
"junta","board","anticipation","0.184","-0.49","-0.23","bajo"
"juntarse","coalesce","trust","-0.042","-0.132","0.058","medio"
"jurado","jury","trust","-0.042","0.214","0.578","medio"
"juramento","oath","trust","0.086","0.23","0.648","medio"
"jurar","swear","trust","0.202","0.154","0.316","medio"
"jurisprudencia","jurisprudence","sadness","-0.28","-0.15","0.528","medio"
"jurista","jurist","trust","-0.042","0.046","0.426","medio"
"justamente","fairly","trust","0.58","-0.188","0.5","medio"
"justicia","justice","trust","0.52","0.076","0.574","medio"
"justificable","justifiable","trust","0.572","-0.174","0.642","medio"
"justificar","substantiate","trust","0.062","0.098","0.272","medio"
"juventud","youth","anger","0.876","0.216","0.472","medio"
"juventud","youth","anticipation","0.876","0.216","0.472","medio"
"juventud","youth","fear","0.876","0.216","0.472","medio"
"juventud","youth","joy","0.876","0.216","0.472","medio"
"juventud","youth","surprise","0.876","0.216","0.472","medio"
"juzgar","adjudicate","fear","0.118","0.04","0.366","medio"
"kan","khan","fear","-0.074","-0.048","0.058","medio"
"kan","khan","trust","-0.074","-0.048","0.058","medio"
"la red","network","anticipation","0.062","-0.326","-0.068","medio"
"la risa","laughter","anticipation","0.918","0.308","0.176","medio"
"la risa","laughter","joy","0.918","0.308","0.176","medio"
"la risa","laughter","surprise","0.918","0.308","0.176","medio"
"laberinto","labyrinth","anticipation","-0.042","0.622","-0.018","alto"
"ladrar","bark","anger","-0.28","0.204","-0.21","medio"
"ladrón","thief","anger","-0.824","0.566","-0.114","alto"
"ladrón","thief","disgust","-0.824","0.566","-0.114","alto"
"ladrón","robber","disgust","-0.73","0.544","-0.038","alto"
"ladrón","burglar","disgust","-0.9","0.538","-0.192","alto"
"ladrón","robber","fear","-0.73","0.544","-0.038","alto"
"ladrón","burglar","fear","-0.9","0.538","-0.192","alto"
"ladrón","thief","fear","-0.824","0.566","-0.114","alto"
"ladrón","thief","sadness","-0.824","0.566","-0.114","alto"
"ladrón","thief","surprise","-0.824","0.566","-0.114","alto"
"lamentable","woeful","sadness","-0.73","0.11","-0.49","medio"
"lamentable","regrettable","sadness","-0.792","-0.252","-0.51","medio"
"lamentablemente","woefully","disgust","-0.592","0.16","-0.462","medio"
"lamentablemente","woefully","sadness","-0.592","0.16","-0.462","medio"
"lamentando","regretting","sadness","-0.49","0.134","-0.454","medio"
"lamentándose","lamenting","sadness","-0.688","-0.22","-0.492","medio"
"lamentar","regret","sadness","-0.54","0.246","-0.338","medio"
"lamento","lament","disgust","-0.604","-0.204","-0.296","medio"
"lamento","lament","fear","-0.604","-0.204","-0.296","medio"
"lamento","lament","sadness","-0.604","-0.204","-0.296","medio"
"lamer","lick","disgust","-0.06","-0.036","-0.34","medio"
"lana","fleece","anger","0.122","-0.5","-0.238","bajo"
"lana","fleece","disgust","0.122","-0.5","-0.238","bajo"
"lana","fleece","sadness","0.122","-0.5","-0.238","bajo"
"langosta","locust","fear","-0.042","-0.176","-0.166","medio"
"languideciendo","languishing","fear","-0.384","-0.082","-0.294","medio"
"languideciendo","languishing","sadness","-0.384","-0.082","-0.294","medio"
"lanza","spear","anger","0.02","0.202","0","medio"
"lanza","spear","anticipation","0.02","0.202","0","medio"
"lanza","spear","fear","0.02","0.202","0","medio"
"lanzar","launch","anticipation","0.368","0.628","0.196","alto"
"largo","long","anticipation","0.041","-0.294","0.086","medio"
"lascivo","lewd","disgust","-0.624","0.346","-0.176","alto"
"láser","laser","trust","-0.062","0.062","0.538","medio"
"lástima","pity","sadness","-0.68","-0.204","-0.772","medio"
"lastimando","hurting","anger","-0.694","0.556","-0.558","alto"
"lastimando","hurting","fear","-0.694","0.556","-0.558","alto"
"lastimando","hurting","sadness","-0.694","0.556","-0.558","alto"
"lastimero","plaintive","sadness","-0.416","0.058","-0.388","medio"
"latente","latent","anger","-0.062","0","0.306","medio"
"latente","latent","anticipation","-0.062","0","0.306","medio"
"latente","latent","disgust","-0.062","0","0.306","medio"
"latente","latent","surprise","-0.062","0","0.306","medio"
"latigazo","lash","anger","-0.53","0.588","0.218","alto"
"latigazo","lash","fear","-0.53","0.588","0.218","alto"
"látigo","whip","anger","-0.584","0.798","0.018","alto"
"laureado","laureate","trust","0.448","-0.196","0.404","medio"
"laureles","laurels","joy","0.368","-0.442","0.09","bajo"
"lava","lava","anger","-0.44","0.078","0.23","medio"
"lava","lava","fear","-0.44","0.078","0.23","medio"
"lavabo","loo","disgust","-0.23","-0.286","-0.434","medio"
"lavabo","lavatory","disgust","0.02","-0.2","-0.482","medio"
"laxante","laxative","disgust","-0.458","0.1","0.056","medio"
"laxante","laxative","fear","-0.458","0.1","0.056","medio"
"leal","loyal","fear","0.792","-0.47","0.314","bajo"
"leal","loyal","joy","0.792","-0.47","0.314","bajo"
"leal","loyal","surprise","0.792","-0.47","0.314","bajo"
"leal","loyal","trust","0.792","-0.47","0.314","bajo"
"lealtad","allegiance","trust","0.834","-0.204","0.5","medio"
"lealtad","loyalty","trust","0.77","-0.188","0.586","medio"
"lección","lesson","anticipation","0.408","0.154","0.186","medio"
"lección","lesson","trust","0.408","0.154","0.186","medio"
"legado","bequest","trust","0.322","-0.204","0.764","medio"
"legal","lawful","trust","0.32","-0.212","0.56","medio"
"legal","legal","trust","0.306","-0.226","0.774","medio"
"legalizado","legalized","anger","0.52","-0.12","0.71","medio"
"legalizado","legalized","fear","0.52","-0.12","0.71","medio"
"legalizado","legalized","joy","0.52","-0.12","0.71","medio"
"legalizado","legalized","trust","0.52","-0.12","0.71","medio"
"legislador","legislator","trust","-0.02","0.16","0.754","medio"
"legislatura","legislature","trust","0.08","-0.13","0.396","medio"
"legitimidad","legitimacy","trust","0.646","-0.16","0.71","medio"
"lengüeta","barb","anger","-0.104","-0.27","-0.166","medio"
"lento","sluggish","sadness","-0.552","-0.752","-0.69","bajo"
"león","lion","fear","0.064","0.434","0.364","alto"
"leonado","tawny","disgust","0.102","-0.204","-0.2","medio"
"lepra","leprosy","disgust","-0.74","0.34","-0.302","alto"
"lepra","leprosy","fear","-0.74","0.34","-0.302","alto"
"lepra","leprosy","sadness","-0.74","0.34","-0.302","alto"
"lesión","injury","anger","-0.902","0.538","-0.426","alto"
"lesión","injury","fear","-0.902","0.538","-0.426","alto"
"lesión","injury","sadness","-0.902","0.538","-0.426","alto"
"lesionar","injure","anger","-0.646","0.42","-0.272","alto"
"lesionar","injure","fear","-0.646","0.42","-0.272","alto"
"lesionar","injure","sadness","-0.646","0.42","-0.272","alto"
"letal","lethal","disgust","-0.844","0.689","1","alto"
"letal","lethal","fear","-0.844","0.689","1","alto"
"letal","lethal","sadness","-0.844","0.689","1","alto"
"letargo","lethargy","sadness","-0.612","-0.396","-0.368","bajo"
"letrado","lettered","anticipation","0.084","-0.278","-0.036","medio"
"letrado","lettered","trust","0.084","-0.278","-0.036","medio"
"letrinas","latrines","disgust","-0.572","-0.076","-0.466","medio"
"leucemia","leukemia","anger","-0.812","0.144","-0.298","medio"
"leucemia","leukemia","fear","-0.812","0.144","-0.298","medio"
"leucemia","leukemia","sadness","-0.812","0.144","-0.298","medio"
"levantamiento","uprising","anger","0.122","0.554","0.408","alto"
"levantamiento","uprising","anticipation","0.122","0.554","0.408","alto"
"levantamiento","uprising","fear","0.122","0.554","0.408","alto"
"ley","law","trust","0.48","0.18","0.63","medio"
"liberación","deliverance","anticipation","0.5","0.04","0.316","medio"
"liberación","liberation","anticipation","0.49","0.228","0.714","medio"
"liberación","deliverance","joy","0.5","0.04","0.316","medio"
"liberación","liberation","joy","0.49","0.228","0.714","medio"
"liberación","liberation","surprise","0.49","0.228","0.714","medio"
"liberación","deliverance","trust","0.5","0.04","0.316","medio"
"liberar","liberate","anger","0.52","0.264","0.416","medio"
"liberar","liberate","anticipation","0.52","0.264","0.416","medio"
"liberar","liberate","joy","0.52","0.264","0.416","medio"
"liberar","liberate","surprise","0.52","0.264","0.416","medio"
"liberar","liberate","trust","0.52","0.264","0.416","medio"
"libertad","liberty","anticipation","0.876","0.158","0.672","medio"
"libertad","liberty","joy","0.876","0.158","0.672","medio"
"libertad","freedom","joy","0.938","0.088","0.81","medio"
"libertad","liberty","surprise","0.876","0.158","0.672","medio"
"libertad","freedom","trust","0.938","0.088","0.81","medio"
"libertad","liberty","trust","0.876","0.158","0.672","medio"
"libertad condicional","parole","anticipation","-0.224","0.24","0.052","medio"
"libertad condicional","probation","anticipation","-0.588","0.27","-0.12","medio"
"libertad condicional","probation","fear","-0.588","0.27","-0.12","medio"
"libertad condicional","probation","sadness","-0.588","0.27","-0.12","medio"
"libertinaje","debauchery","disgust","-0.292","0.802","0","alto"
"libertinaje","debauchery","fear","-0.292","0.802","0","alto"
"libra","pound","anger","0.14","-0.326","-0.114","medio"
"libra esterlina","sterling","anger","0.058","-0.038","0.23","medio"
"libra esterlina","sterling","anticipation","0.058","-0.038","0.23","medio"
"libra esterlina","sterling","joy","0.058","-0.038","0.23","medio"
"libra esterlina","sterling","trust","0.058","-0.038","0.23","medio"
"librar","extricate","anticipation","0.084","0.02","0.086","medio"
"libremente","freely","joy","0.75","-0.088","0.432","medio"
"libremente","freely","trust","0.75","-0.088","0.432","medio"
"líder","leader","trust","0.666","0.164","0.852","medio"
"Ligar","flirt","anticipation","0.584","0.58","0.076","alto"
"Ligar","flirt","joy","0.584","0.58","0.076","alto"
"Ligar","flirt","surprise","0.584","0.58","0.076","alto"
"Ligar","flirt","trust","0.584","0.58","0.076","alto"
"limitado","limited","anger","-0.542","-0.454","-0.24","bajo"
"limitado","limited","sadness","-0.542","-0.454","-0.24","bajo"
"limo","slime","disgust","-0.4","-0.26","-0.634","medio"
"limón","lemon","disgust","0.192","-0.366","-0.368","bajo"
"limosna","dole","sadness","-0.104","-0.196","-0.304","medio"
"limpio","clean","joy","0.654","-0.66","0","bajo"
"limpio","clean","trust","0.654","-0.66","0","bajo"
"linchar","lynch","anger","-0.666","0.77","-0.036","alto"
"linchar","lynch","disgust","-0.666","0.77","-0.036","alto"
"linchar","lynch","fear","-0.666","0.77","-0.036","alto"
"linchar","lynch","sadness","-0.666","0.77","-0.036","alto"
"líneas","lines","fear","0.084","-0.366","-0.34","bajo"
"lingüista","linguist","trust","0.166","-0.34","0.268","bajo"
"lira","lyre","joy","0.438","-0.306","-0.172","medio"
"lírico","lyrical","joy","0.416","-0.098","0.236","medio"
"lisiado","cripple","fear","-0.812","-0.216","-0.678","medio"
"lisiado","crippled","sadness","-0.93","-0.284","-0.528","medio"
"lisiado","cripple","sadness","-0.812","-0.216","-0.678","medio"
"lista","rota","trust","-0.36","-0.076","-0.582","medio"
"Lista de Verificación","checklist","trust","0.122","0.042","0.104","medio"
"Listo","ready","anticipation","0.54","-0.224","0.296","medio"
"litigar","litigate","anger","-0.48","0.638","0.424","alto"
"litigar","litigate","anticipation","-0.48","0.638","0.424","alto"
"litigar","litigate","disgust","-0.48","0.638","0.424","alto"
"litigar","litigate","fear","-0.48","0.638","0.424","alto"
"litigar","litigate","sadness","-0.48","0.638","0.424","alto"
"litigioso","litigious","anger","-0.28","0.472","0.264","alto"
"litigioso","litigious","disgust","-0.28","0.472","0.264","alto"
"lívido","livid","anger","-0.062","0.576","-0.02","alto"
"lívido","livid","disgust","-0.062","0.576","-0.02","alto"
"llaga gangrenosa","canker","anger","-0.476","-0.062","-0.146","medio"
"llaga gangrenosa","canker","disgust","-0.476","-0.062","-0.146","medio"
"llamadas","calls","anticipation","0.216","-0.138","0.102","medio"
"llamadas","calls","trust","0.216","-0.138","0.102","medio"
"llamativo","garish","disgust","-0.388","0.25","-0.378","medio"
"llamativo","garish","surprise","-0.388","0.25","-0.378","medio"
"llanto","weeping","sadness","-0.836","0.376","-0.664","alto"
"llegada","arrival","anticipation","0.356","0.02","-0.052","medio"
"llegar","arrive","anticipation","0.674","-0.188","0.17","medio"
"llenar","fill","trust","0.458","-0.102","0.274","medio"
"lleno de alegría","overjoyed","joy","0.816","0.416","0.51","alto"
"lleno de savia","sappy","trust","0.166","-0.062","-0.34","medio"
"llevar","bear","anger","-0.104","0.14","-0.05","medio"
"llevar","bear","fear","-0.104","0.14","-0.05","medio"
"llevar a la fuerza","shanghai","disgust","0.102","-0.1","0.018","medio"
"llevar a la fuerza","shanghai","fear","0.102","-0.1","0.018","medio"
"llorando","crying","sadness","-0.694","0.408","-0.584","alto"
"llorar","weep","sadness","-0.894","0.242","-0.672","medio"
"llorar","cry","sadness","-0.734","0.254","-0.49","medio"
"llorar","mourn","sadness","-0.903","0.166","-0.7","medio"
"lloroso","tearful","disgust","-0.584","0","-0.632","medio"
"lloroso","tearful","fear","-0.584","0","-0.632","medio"
"lloroso","tearful","sadness","-0.584","0","-0.632","medio"
"lluvioso","rainy","sadness","0.22","-0.098","-0.134","medio"
"lo más hondo","recesses","fear","-0.266","-0.06","-0.242","medio"
"loable","praiseworthy","anticipation","0.75","-0.11","0.576","medio"
"loable","praiseworthy","joy","0.75","-0.11","0.576","medio"
"loable","praiseworthy","surprise","0.75","-0.11","0.576","medio"
"loable","creditable","trust","0.604","0.02","0.484","medio"
"loable","praiseworthy","trust","0.75","-0.11","0.576","medio"
"loca","crazy","anger","-0.688","0.686","-0.358","alto"
"loca","crazy","fear","-0.688","0.686","-0.358","alto"
"loca","crazy","sadness","-0.688","0.686","-0.358","alto"
"localizar","localize","anticipation","0.04","-0.038","0.358","medio"
"loco","insane","anger","-0.704","0.34","-0.47","alto"
"loco","crazed","anger","-0.694","0.754","-0.166","alto"
"loco","madman","anger","-0.73","0.76","-0.376","alto"
"loco","daft","disgust","-0.49","-0.128","-0.686","medio"
"loco","insane","fear","-0.704","0.34","-0.47","alto"
"loco","crazed","fear","-0.694","0.754","-0.166","alto"
"loco","madman","fear","-0.73","0.76","-0.376","alto"
"loco","distraught","sadness","-0.77","0.806","-0.472","alto"
"loco","zany","surprise","0","0.282","0.172","medio"
"locura","insanity","anger","-0.804","0.694","-0.326","alto"
"locura","lunacy","anger","-0.736","0.694","-0.34","alto"
"locura","lunacy","disgust","-0.736","0.694","-0.34","alto"
"locura","insanity","disgust","-0.804","0.694","-0.326","alto"
"locura","lunacy","fear","-0.736","0.694","-0.34","alto"
"locura","insanity","fear","-0.804","0.694","-0.326","alto"
"locura","lunacy","sadness","-0.736","0.694","-0.34","alto"
"locura","insanity","sadness","-0.804","0.694","-0.326","alto"
"Locura","madness","anger","-0.792","0.608","-0.12","alto"
"Locura","madness","fear","-0.792","0.608","-0.12","alto"
"lodo","sludge","disgust","-0.292","-0.208","-0.542","medio"
"lodoso","muddy","disgust","-0.416","-0.2","-0.434","medio"
"logrado","accomplished","joy","0.74","0.04","0.596","medio"
"lograr","achieve","joy","0.632","0.09","0.686","medio"
"lograr","achieve","trust","0.632","0.09","0.686","medio"
"logro","achievement","anticipation","0.792","0.616","0.518","alto"
"logro","achievement","joy","0.792","0.616","0.518","alto"
"logro","achievement","trust","0.792","0.616","0.518","alto"
"loro","parrot","disgust","0.176","-0.334","-0.416","bajo"
"lotería","lottery","anticipation","0.542","0.462","-0.018","alto"
"lozano","lush","disgust","0.48","0.566","0.666","alto"
"lozano","lush","sadness","0.48","0.566","0.666","alto"
"lucha","fighting","anger","-0.416","0.77","0.566","alto"
"lucha","strife","anger","-0.312","0.796","0.26","alto"
"lucha","fight","anger","0.062","0.868","0.618","alto"
"lucha","fight","fear","0.062","0.868","0.618","alto"
"luchar","strive","anticipation","0.164","0.674","0.538","alto"
"luchó","battled","anger","-0.416","0.588","0.15","alto"
"luchó","battled","fear","-0.416","0.588","0.15","alto"
"luchó","battled","sadness","-0.416","0.588","0.15","alto"
"lugar de nacimiento","birthplace","anger","0.562","-0.42","-0.018","bajo"
"lujo","luxury","joy","0.864","0.346","0.5","alto"
"lujoso","fancy","anticipation","0.708","0.346","0.068","alto"
"lujoso","fancy","joy","0.708","0.346","0.068","alto"
"lujoso","luxurious","joy","0.894","0.288","0.508","medio"
"lujuria","lust","anticipation","-0.062","0.888","0.036","alto"
"Luna de miel","honeymoon","anticipation","0.958","0.356","0.052","alto"
"Luna de miel","honeymoon","joy","0.958","0.356","0.052","alto"
"Luna de miel","honeymoon","surprise","0.958","0.356","0.052","alto"
"Luna de miel","honeymoon","trust","0.958","0.356","0.052","alto"
"lunático","lunatic","anger","-0.75","0.584","-0.116","alto"
"lunático","lunatic","disgust","-0.75","0.584","-0.116","alto"
"lunático","lunatic","fear","-0.75","0.584","-0.116","alto"
"luto","mourning","sadness","-0.646","-0.02","-0.468","medio"
"luz tenue","glimmer","anticipation","0.23","-0.076","-0.146","medio"
"luz tenue","glimmer","joy","0.23","-0.076","-0.146","medio"
"luz tenue","glimmer","surprise","0.23","-0.076","-0.146","medio"
"madre","mother","anticipation","0.862","-0.184","0.45","medio"
"madre","mother","joy","0.862","-0.184","0.45","medio"
"madre","mother","sadness","0.862","-0.184","0.45","medio"
"madre","mother","trust","0.862","-0.184","0.45","medio"
"madurar","ripen","anticipation","0.51","-0.254","0.342","medio"
"maestría","mastery","anger","0.51","0.296","0.746","medio"
"maestría","mastery","joy","0.51","0.296","0.746","medio"
"maestría","mastery","trust","0.51","0.296","0.746","medio"
"mafia","mafia","fear","-0.592","0.734","0.352","alto"
"mágico","magical","anticipation","0.75","0.302","0.19","medio"
"mágico","magical","joy","0.75","0.302","0.19","medio"
"mágico","magical","surprise","0.75","0.302","0.19","medio"
"magnificencia","magnificence","anticipation","0.604","0.62","0.84","alto"
"magnificencia","magnificence","joy","0.604","0.62","0.84","alto"
"magnificencia","magnificence","trust","0.604","0.62","0.84","alto"
"magnífico","magnificent","anticipation","1","0.36","0.963","alto"
"magnífico","magnificent","joy","1","0.36","0.963","alto"
"magnífico","magnificent","surprise","1","0.36","0.963","alto"
"magnífico","magnificent","trust","1","0.36","0.963","alto"
"mago","wizard","anticipation","0.312","-0.14","0.052","medio"
"mago","mage","fear","0.244","-0.254","-0.094","medio"
"mago","magician","surprise","0.428","0.314","0.102","medio"
"mago","wizard","surprise","0.312","-0.14","0.052","medio"
"majestad","majesty","trust","0.646","0.204","0.955","medio"
"majestuoso","majestic","anticipation","0.896","0.462","0.812","alto"
"majestuoso","majestic","joy","0.896","0.462","0.812","alto"
"majestuoso","majestic","surprise","0.896","0.462","0.812","alto"
"majestuoso","majestic","trust","0.896","0.462","0.812","alto"
"mal comportamiento","misbehavior","anger","-0.938","0.408","-0.462","alto"
"mal comportamiento","misbehavior","disgust","-0.938","0.408","-0.462","alto"
"mal comportamiento","misbehavior","surprise","-0.938","0.408","-0.462","alto"
"mala conducta","misconduct","disgust","-0.878","0.334","-0.392","alto"
"malaria","malaria","disgust","-0.75","0.306","-0.392","medio"
"malaria","malaria","fear","-0.75","0.306","-0.392","medio"
"malaria","malaria","sadness","-0.75","0.306","-0.392","medio"
"malas hierbas","weeds","sadness","-0.36","0.102","-0.37","medio"
"maldad","badness","anger","-0.812","0.646","-0.074","alto"
"maldad","badness","disgust","-0.812","0.646","-0.074","alto"
"maldad","badness","fear","-0.812","0.646","-0.074","alto"
"maldiciendo","cursing","anger","-0.776","0.72","-0.108","alto"
"maldiciendo","cursing","disgust","-0.776","0.72","-0.108","alto"
"maldición","curse","anger","-0.934","0.44","-0.25","alto"
"maldición","curse","disgust","-0.934","0.44","-0.25","alto"
"maldición","curse","fear","-0.934","0.44","-0.25","alto"
"maldición","curse","sadness","-0.934","0.44","-0.25","alto"
"maldita sea","damn","anger","-0.854","0.568","-0.138","alto"
"maldita sea","damn","disgust","-0.854","0.568","-0.138","alto"
"maldito","accursed","anger","-0.73","0.49","-0.31","alto"
"maldito","cursed","anger","-0.834","0.566","-0.214","alto"
"maldito","accursed","fear","-0.73","0.49","-0.31","alto"
"maldito","cursed","fear","-0.834","0.566","-0.214","alto"
"maldito","cursed","sadness","-0.834","0.566","-0.214","alto"
"maldito","accursed","sadness","-0.73","0.49","-0.31","alto"
"malentendido","misunderstanding","anger","-0.776","0.236","-0.432","medio"
"malentendido","misunderstanding","sadness","-0.776","0.236","-0.432","medio"
"malestar","discomfort","sadness","-0.694","0.438","-0.456","alto"
"malestar","malaise","sadness","-0.7","0.2","-0.568","medio"
"malévolo","malevolent","anger","-0.812","0.708","0.226","alto"
"malévolo","spiteful","anger","-0.854","0.42","-0.34","alto"
"malévolo","malevolent","disgust","-0.812","0.708","0.226","alto"
"malévolo","malevolent","fear","-0.812","0.708","0.226","alto"
"malévolo","malevolent","sadness","-0.812","0.708","0.226","alto"
"maleza","scrub","disgust","-0.166","-0.16","0","medio"
"malicia","malice","anger","-0.854","0.622","-0.016","alto"
"malicia","wickedness","disgust","-0.938","0.454","-0.114","alto"
"malicia","malice","fear","-0.854","0.622","-0.016","alto"
"malicioso","malicious","anger","-0.646","0.53","0.214","alto"
"malicioso","malicious","disgust","-0.646","0.53","0.214","alto"
"malicioso","malicious","fear","-0.646","0.53","0.214","alto"
"malicioso","malicious","sadness","-0.646","0.53","0.214","alto"
"malignidad","malignancy","fear","-0.702","0.628","0.228","alto"
"malignidad","malignancy","sadness","-0.702","0.628","0.228","alto"
"maligno","malignant","anger","-0.714","0.648","-0.26","alto"
"maligno","malign","anger","-0.72","0.53","-0.038","alto"
"maligno","malign","disgust","-0.72","0.53","-0.038","alto"
"maligno","malignant","fear","-0.714","0.648","-0.26","alto"
"malo","bad","anger","-0.75","0.25","-0.254","medio"
"malo","bad","disgust","-0.75","0.25","-0.254","medio"
"malo","bad","fear","-0.75","0.25","-0.254","medio"
"malo","bad","sadness","-0.75","0.25","-0.254","medio"
"maloliente","stinking","disgust","-0.918","0.314","-0.472","medio"
"malvado","wicked","fear","-0.724","0.6","0.254","alto"
"mamá","mum","fear","0.604","-0.366","0.396","bajo"
"mamá","mamma","trust","0.2","-0.284","-0.102","medio"
"mancha","stain","disgust","-0.094","-0.352","-0.472","bajo"
"mancha","taint","sadness","-0.718","-0.15","-0.548","medio"
"mancomunidad","commonwealth","trust","0.26","-0.188","0.404","medio"
"mandamus","mandamus","fear","-0.122","0.154","0.112","medio"
"mandarín","mandarin","trust","0.25","-0.204","-0.018","medio"
"mandíbulas","jaws","fear","-0.23","0.056","-0.09","medio"
"manguito","muff","anger","0.084","-0.33","-0.372","medio"
"manguito","muff","disgust","0.084","-0.33","-0.372","medio"
"maníaco","maniac","anger","-0.734","0.849","-0.138","alto"
"maníaco","maniac","fear","-0.734","0.849","-0.138","alto"
"manifestación","manifestation","fear","0.166","0.5","0.31","alto"
"manipulación","manipulation","anger","-0.515","0.55","0.072","alto"
"manipulación","manipulation","fear","-0.515","0.55","0.072","alto"
"mano de obra","labor","anticipation","0.188","0.278","0.508","medio"
"mano de obra","labor","joy","0.188","0.278","0.508","medio"
"mano de obra","labor","surprise","0.188","0.278","0.508","medio"
"mano de obra","labor","trust","0.188","0.278","0.508","medio"
"manso","meek","sadness","0.062","-0.7","-0.604","bajo"
"mantenimiento","maintenance","trust","0.184","-0.18","0.09","medio"
"manual","manual","trust","0.27","-0.51","-0.102","bajo"
"manual","handbook","trust","0.2","-0.552","0.134","bajo"
"mañana","tomorrow","anticipation","0.584","-0.246","-0.186","medio"
"máquina","machine","trust","0.02","0","0.414","medio"
"maquinilla de afeitar","razor","fear","-0.48","0.22","-0.038","medio"
"maravilla","marvel","surprise","0.922","0.51","0.732","alto"
"maravillosamente","marvelously","joy","0.968","0.541","0.504","alto"
"maravillosamente","wonderfully","joy","0.938","0.52","0.642","alto"
"maravillosamente","wonderfully","surprise","0.938","0.52","0.642","alto"
"maravilloso","wonderful","joy","0.971","0.552","0.66","alto"
"maravilloso","marvelous","joy","0.896","0.274","0.556","medio"
"maravilloso","wonderful","surprise","0.971","0.552","0.66","alto"
"maravilloso","wonderful","trust","0.971","0.552","0.66","alto"
"marcha mala","wrongdoing","anger","-0.776","0.49","-0.098","alto"
"marcha mala","wrongdoing","disgust","-0.776","0.49","-0.098","alto"
"marcha mala","wrongdoing","sadness","-0.776","0.49","-0.098","alto"
"marchitar","wither","sadness","-0.7","-0.16","-0.482","medio"
"marchito","withered","disgust","-0.624","-0.416","-0.68","bajo"
"marcial","martial","anger","-0.04","0.42","0.474","alto"
"margen","margin","sadness","0","-0.562","-0.338","bajo"
"marina","marine","trust","0.266","-0.058","0.358","medio"
"mariscal","marshal","trust","-0.062","0.22","0.638","medio"
"mártir","martyr","fear","-0.438","0.416","0.018","alto"
"mártir","martyr","sadness","-0.438","0.416","0.018","alto"
"martirio","martyrdom","fear","-0.354","0.49","-0.116","alto"
"martirio","martyrdom","sadness","-0.354","0.49","-0.116","alto"
"más alto","highest","anticipation","0.542","0.28","0.42","medio"
"más alto","highest","fear","0.542","0.28","0.42","medio"
"más alto","highest","joy","0.542","0.28","0.42","medio"
"más alto","highest","surprise","0.542","0.28","0.42","medio"
"más bajo","lower","sadness","-0.346","-0.408","-0.484","bajo"
"más bajo","lowest","sadness","-0.376","-0.392","-0.742","bajo"
"más grande","larger","disgust","0.458","0.308","0.526","medio"
"más grande","larger","surprise","0.458","0.308","0.526","medio"
"más grande","larger","trust","0.458","0.308","0.526","medio"
"masa","batter","anger","0.122","-0.51","-0.254","bajo"
"masa","batter","fear","0.122","-0.51","-0.254","bajo"
"masacre","massacre","anger","-0.938","0.774","0.28","alto"
"masacre","massacre","disgust","-0.938","0.774","0.28","alto"
"masacre","massacre","fear","-0.938","0.774","0.28","alto"
"masacre","massacre","sadness","-0.938","0.774","0.28","alto"
"masaje","massage","joy","0.416","-0.288","-0.174","medio"
"masoquismo","masochism","anger","-0.612","0.69","-0.034","alto"
"masoquismo","masochism","disgust","-0.612","0.69","-0.034","alto"
"masoquismo","masochism","fear","-0.612","0.69","-0.034","alto"
"matadero","slaughterhouse","anger","-0.708","0.588","-0.056","alto"
"matadero","slaughterhouse","disgust","-0.708","0.588","-0.056","alto"
"matadero","slaughterhouse","fear","-0.708","0.588","-0.056","alto"
"matadero","slaughterhouse","sadness","-0.708","0.588","-0.056","alto"
"matanza","slaughtering","anger","-0.734","0.944","0.428","alto"
"matanza","bloodshed","anger","-0.904","0.884","0.05","alto"
"matanza","bloodshed","disgust","-0.904","0.884","0.05","alto"
"matanza","slaughtering","disgust","-0.734","0.944","0.428","alto"
"matanza","slaughtering","fear","-0.734","0.944","0.428","alto"
"matanza","bloodshed","fear","-0.904","0.884","0.05","alto"
"matanza","bloodshed","sadness","-0.904","0.884","0.05","alto"
"matanza","slaughtering","sadness","-0.734","0.944","0.428","alto"
"matanza","slaughtering","surprise","-0.734","0.944","0.428","alto"
"matanza","bloodshed","surprise","-0.904","0.884","0.05","alto"
"matar","slay","anger","-0.734","0.84","0.17","alto"
"matar","kill","fear","-0.896","0.882","0.472","alto"
"matar","kill","sadness","-0.896","0.882","0.472","alto"
"matemático","mathematical","trust","0.24","0","0.096","medio"
"materialista","materialist","disgust","-0.49","-0.018","0.008","medio"
"maternidad","motherhood","joy","0.688","0.092","0.334","medio"
"maternidad","motherhood","trust","0.688","0.092","0.334","medio"
"materno","maternal","anticipation","0.694","-0.166","0.268","medio"
"matón","thug","anger","-0.52","0.764","0.334","alto"
"matón","bully","anger","-0.486","0.51","0.128","alto"
"matón","thug","disgust","-0.52","0.764","0.334","alto"
"matón","thug","fear","-0.52","0.764","0.334","alto"
"matón","bully","fear","-0.486","0.51","0.128","alto"
"matrimonio","marriage","anticipation","0.688","0.368","0.5","alto"
"matrimonio","matrimony","anticipation","0.7","0.274","0.686","medio"
"matrimonio","matrimony","joy","0.7","0.274","0.686","medio"
"matrimonio","marriage","joy","0.688","0.368","0.5","alto"
"matrimonio","marriage","trust","0.688","0.368","0.5","alto"
"matrimonio","matrimony","trust","0.7","0.274","0.686","medio"
"matrona","matron","trust","0.04","0.038","0.11","medio"
"mausoleo","mausoleum","sadness","-0.312","-0.438","0.188","bajo"
"máxima","maxim","trust","0.75","0.124","0.774","medio"
"mayor","elder","trust","-0.104","-0.694","-0.076","bajo"
"mayordomo","steward","trust","0.266","-0.524","0.1","bajo"
"mayordomo","butler","trust","0.079","-0.53","-0.124","bajo"
"mayoría","majority","joy","0.368","0.12","0.86","medio"
"mayoría","majority","trust","0.368","0.12","0.86","medio"
"Mazo","mace","fear","-0.1","-0.176","-0.17","medio"
"mecenazgo","patronage","trust","0.166","-0.02","0.166","medio"
"medalla","medal","anticipation","0.708","0.11","0.492","medio"
"medalla","medal","joy","0.708","0.11","0.492","medio"
"medalla","medal","surprise","0.708","0.11","0.492","medio"
"medalla","medal","trust","0.708","0.11","0.492","medio"
"mediador","mediator","anticipation","0.184","-0.124","0.16","medio"
"mediador","mediator","trust","0.184","-0.124","0.16","medio"
"mediar","mediate","anticipation","0.27","-0.384","0.308","bajo"
"mediar","mediate","trust","0.27","-0.384","0.308","bajo"
"médico","medical","anticipation","0.166","-0.254","0.232","medio"
"médico","medical","fear","0.166","-0.254","0.232","medio"
"médico","medical","trust","0.166","-0.254","0.232","medio"
"médico","doctor","trust","0.4","0.062","0.722","medio"
"médico","physician","trust","0.166","-0.02","0.686","medio"
"medida","measure","trust","0.02","-0.25","-0.27","medio"
"Medido","measured","trust","0.084","-0.47","0.156","bajo"
"meditar","meditate","anticipation","0.624","-0.708","0.128","bajo"
"meditar","meditate","joy","0.624","-0.708","0.128","bajo"
"meditar","meditate","trust","0.624","-0.708","0.128","bajo"
"médula","marrow","joy","-0.204","-0.156","-0.056","medio"
"médula","pith","trust","-0.084","-0.3","0.192","medio"
"médula","marrow","trust","-0.204","-0.156","-0.056","medio"
"mejora","improvement","joy","0.572","0","0.222","medio"
"mejora","improvement","trust","0.572","0","0.222","medio"
"mejorar","improve","anticipation","0.666","0.056","0.63","medio"
"mejorar","improve","joy","0.666","0.056","0.63","medio"
"mejorar","improve","trust","0.666","0.056","0.63","medio"
"melancolía","melancholy","sadness","-0.624","-0.48","-0.526","bajo"
"melancólico","melancholic","sadness","-0.638","-0.388","-0.446","bajo"
"melodrama","melodrama","anger","-0.244","0.66","-0.108","alto"
"melodrama","melodrama","sadness","-0.244","0.66","-0.108","alto"
"memorable","memorable","joy","0.878","0.02","0.538","medio"
"memorable","memorable","surprise","0.878","0.02","0.538","medio"
"memorable","memorable","trust","0.878","0.02","0.538","medio"
"memoriales","memorials","sadness","0.542","-0.334","0.358","bajo"
"mendigar","beg","sadness","-0.416","0.216","-0.344","medio"
"mendigo","beggar","sadness","-0.52","-0.196","-0.768","medio"
"menguar","wane","sadness","-0.624","-0.196","-0.804","medio"
"menor","lesser","disgust","-0.208","-0.666","-0.578","bajo"
"menospreciar","disparage","anger","-0.816","0.326","-0.328","medio"
"menospreciar","disparage","disgust","-0.816","0.326","-0.328","medio"
"menospreciar","disparage","sadness","-0.816","0.326","-0.328","medio"
"mensajero","courier","trust","0.102","-0.234","-0.118","medio"
"Mensajero","messenger","trust","0.388","-0.132","0","medio"
"mentir","lie","anger","-0.74","0.45","-0.456","alto"
"mentir","lie","disgust","-0.74","0.45","-0.456","alto"
"mentir","lie","sadness","-0.74","0.45","-0.456","alto"
"mentira","fib","anger","-0.124","0.02","-0.278","medio"
"mentiras","drivel","disgust","-0.204","-0.062","-0.074","medio"
"mentiroso","liar","disgust","-0.916","0.212","-0.322","medio"
"mentor","mentor","trust","0.438","-0.09","0.554","medio"
"mercancía","ware","fear","0.208","-0.114","-0.09","medio"
"mercenario","mercenary","fear","-0.51","0.674","0.346","alto"
"merecer","deserve","anger","0.604","-0.128","0.226","medio"
"merecer","deserve","anticipation","0.604","-0.128","0.226","medio"
"merecer","deserve","trust","0.604","-0.128","0.226","medio"
"mérito","merit","trust","0.708","0","0.444","medio"
"meritorio","meritorious","joy","0.562","0.236","0.71","medio"
"meritorio","meritorious","trust","0.562","0.236","0.71","medio"
"merodear","prowl","fear","-0.376","0.084","-0.208","medio"
"merodear","prowl","surprise","-0.376","0.084","-0.208","medio"
"metralla","shrapnel","fear","-0.52","0.48","0.362","alto"
"microscopio","microscope","trust","0.062","-0.34","-0.072","bajo"
"miedo","fear","anger","-0.854","0.68","-0.414","alto"
"miedo","dread","anticipation","-0.694","0.584","-0.264","alto"
"miedo","trepidation","anticipation","0.164","0.188","-0.072","medio"
"miedo","trepidation","fear","0.164","0.188","-0.072","medio"
"miedo","dread","fear","-0.694","0.584","-0.264","alto"
"miedo","fear","fear","-0.854","0.68","-0.414","alto"
"miedo","trepidation","surprise","0.164","0.188","-0.072","medio"
"mierda","shit","anger","-1","0.289","-0.432","medio"
"mierda","shit","disgust","-1","0.289","-0.432","medio"
"milagro","miracle","anticipation","0.834","0.214","0.612","medio"
"milagro","miracle","joy","0.834","0.214","0.612","medio"
"milagro","miracle","surprise","0.834","0.214","0.612","medio"
"milagro","miracle","trust","0.834","0.214","0.612","medio"
"milagroso","miraculous","joy","0.75","0.412","0.624","alto"
"milagroso","miraculous","surprise","0.75","0.412","0.624","alto"
"milicia","militia","anger","-0.208","0.458","0.538","alto"
"milicia","militia","fear","-0.208","0.458","0.538","alto"
"milicia","militia","sadness","-0.208","0.458","0.538","alto"
"militar","military","fear","-0.208","0.42","0.658","alto"
"mimetismo","mimicry","surprise","-0.16","-0.326","-0.056","medio"
"Minimizar","lessen","anticipation","-0.524","-0.383","-0.507","bajo"
"ministerio","ministry","joy","0.02","-0.308","0.434","medio"
"ministerio","ministry","trust","0.02","-0.308","0.434","medio"
"mintiendo","lying","anger","-0.584","0.408","-0.366","alto"
"mintiendo","lying","disgust","-0.584","0.408","-0.366","alto"
"miocardiopatía","cardiomyopathy","fear","-0.646","0.29","0.074","medio"
"miocardiopatía","cardiomyopathy","sadness","-0.646","0.29","0.074","medio"
"miopía","myopia","anger","-0.51","-0.226","-0.548","medio"
"miopía","myopia","sadness","-0.51","-0.226","-0.548","medio"
"mirada lasciva","leer","disgust","0.224","-0.304","0.018","medio"
"mirar boquiabierto","gape","surprise","-0.014","0.302","-0.426","medio"
"miserable","miserable","anger","-0.876","-0.078","-0.624","medio"
"miserable","miserable","disgust","-0.876","-0.078","-0.624","medio"
"miserable","wretched","disgust","-0.73","0.12","-0.62","medio"
"miserable","wretched","sadness","-0.73","0.12","-0.62","medio"
"miserable","miserable","sadness","-0.876","-0.078","-0.624","medio"
"miseria","misery","anger","-0.708","-0.244","-0.684","medio"
"miseria","misery","disgust","-0.708","-0.244","-0.684","medio"
"miseria","misery","fear","-0.708","-0.244","-0.684","medio"
"miseria","misery","sadness","-0.708","-0.244","-0.684","medio"
"misil","missile","fear","-0.52","0.821","0.528","alto"
"misterio","mystery","anticipation","-0.166","0.334","0.038","alto"
"misterio","mystery","surprise","-0.166","0.334","0.038","alto"
"misterioso","mysterious","anticipation","-0.104","0.398","-0.09","alto"
"misterioso","uncanny","fear","-0.062","-0.078","-0.14","medio"
"misterioso","mysterious","fear","-0.104","0.398","-0.09","alto"
"misterioso","mysterious","surprise","-0.104","0.398","-0.09","alto"
"misterioso","uncanny","surprise","-0.062","-0.078","-0.14","medio"
"místico","mystic","surprise","0.286","0.04","0.07","medio"
"moco","mucus","disgust","-0.714","-0.382","-0.544","bajo"
"moderador","moderator","trust","0.038","-0.292","0.604","medio"
"modesto","modest","trust","0.52","-0.74","-0.176","bajo"
"modificar","modify","surprise","-0.084","0.168","0.25","medio"
"mofa","mockery","disgust","-0.608","0.612","-0.638","alto"
"moho","mildew","disgust","-0.312","-0.5","-0.518","bajo"
"molestia","annoyance","anger","-0.666","0.436","-0.316","alto"
"molestia","annoyance","disgust","-0.666","0.436","-0.316","alto"
"molesto","bothering","anger","-0.584","0.528","-0.102","alto"
"molesto","troublesome","anger","-0.434","0.788","-0.192","alto"
"molesto","troublesome","fear","-0.434","0.788","-0.192","alto"
"molesto","bothering","sadness","-0.584","0.528","-0.102","alto"
"molesto","unwelcome","sadness","-0.611","-0.04","-0.462","medio"
"molino","mill","anticipation","0.062","-0.236","-0.306","medio"
"monetario","monetary","anticipation","0.166","-0.012","0.432","medio"
"monja","nun","trust","0","-0.7","-0.188","bajo"
"monje","monk","trust","-0.056","-0.584","-0.122","bajo"
"monocromo","monochrome","disgust","-0.376","-0.416","-0.322","bajo"
"monogamia","monogamy","trust","0.084","-0.24","-0.09","medio"
"monótono","drab","sadness","-0.346","-0.4","-0.516","bajo"
"monstruo","monster","fear","-0.734","0.87","0.192","alto"
"monstruosidad","monstrosity","anger","-0.812","0.866","0.222","alto"
"monstruosidad","monstrosity","disgust","-0.812","0.866","0.222","alto"
"monstruosidad","monstrosity","fear","-0.812","0.866","0.222","alto"
"monstruosidad","monstrosity","surprise","-0.812","0.866","0.222","alto"
"monstruoso","freakish","disgust","-0.73","0.83","0.132","alto"
"monstruoso","freakish","fear","-0.73","0.83","0.132","alto"
"monstruoso","freakish","surprise","-0.73","0.83","0.132","alto"
"montaña","mountain","anticipation","0.396","-0.184","0.298","medio"
"monzón","monsoon","sadness","-0.284","0.2","-0.038","medio"
"moral","moral","anger","0.4","-0.082","0.592","medio"
"moral","moral","trust","0.4","-0.082","0.592","medio"
"moralidad","morals","anger","0.292","-0.14","0.222","medio"
"moralidad","morals","anticipation","0.292","-0.14","0.222","medio"
"moralidad","morals","disgust","0.292","-0.14","0.222","medio"
"moralidad","morals","joy","0.292","-0.14","0.222","medio"
"moralidad","morals","surprise","0.292","-0.14","0.222","medio"
"moralidad","morals","trust","0.292","-0.14","0.222","medio"
"moralidad","morality","trust","0.5","-0.184","0.518","medio"
"mórbido","morbid","sadness","-0.82","0.5","-0.21","alto"
"morbosidad","morbidity","anger","-0.26","0.26","-0.114","medio"
"morbosidad","morbidity","disgust","-0.26","0.26","-0.114","medio"
"morbosidad","morbidity","fear","-0.26","0.26","-0.114","medio"
"morbosidad","morbidity","sadness","-0.26","0.26","-0.114","medio"
"mordaza","gag","disgust","-0.354","0.32","-0.204","medio"
"moretón","bruise","anticipation","-0.734","0.28","-0.052","medio"
"morgue","morgue","disgust","-0.869","0.078","-0.502","medio"
"morgue","morgue","fear","-0.869","0.078","-0.502","medio"
"morgue","morgue","sadness","-0.869","0.078","-0.502","medio"
"moribundo","moribund","sadness","-0.834","-0.024","-0.666","medio"
"morir","die","fear","-0.938","0.53","-0.482","alto"
"morir","die","sadness","-0.938","0.53","-0.482","alto"
"morir de vergüenza","cringe","disgust","-0.51","0.68","-0.246","alto"
"morir de vergüenza","cringe","fear","-0.51","0.68","-0.246","alto"
"morir de vergüenza","cringe","sadness","-0.51","0.68","-0.246","alto"
"mortal","deadly","anger","-0.714","0.698","0.108","alto"
"mortal","deadly","disgust","-0.714","0.698","0.108","alto"
"mortal","deadly","fear","-0.714","0.698","0.108","alto"
"mortal","deadly","sadness","-0.714","0.698","0.108","alto"
"mortalidad","mortality","anger","-0.542","0.452","0.036","alto"
"mortalidad","mortality","fear","-0.542","0.452","0.036","alto"
"mortalidad","mortality","sadness","-0.542","0.452","0.036","alto"
"mortificación","mortification","anticipation","-0.73","0.288","-0.192","medio"
"mortificación","mortification","disgust","-0.73","0.288","-0.192","medio"
"mortificación","mortification","fear","-0.73","0.288","-0.192","medio"
"mortificación","mortification","sadness","-0.73","0.288","-0.192","medio"
"mortuorio","mortuary","fear","-0.734","0.212","-0.146","medio"
"mortuorio","mortuary","sadness","-0.734","0.212","-0.146","medio"
"mosquete","musket","fear","-0.48","0.308","0.02","medio"
"mosquito","mosquito","anger","-0.542","-0.2","-0.604","medio"
"mosquito","mosquito","disgust","-0.542","-0.2","-0.604","medio"
"mostrar","show","trust","0.346","0.542","0.438","alto"
"motín","mutiny","anger","-0.354","0.78","0.098","alto"
"motín","mutiny","disgust","-0.354","0.78","0.098","alto"
"motín","mutiny","fear","-0.354","0.78","0.098","alto"
"motín","mutiny","surprise","-0.354","0.78","0.098","alto"
"móvil","mobile","anticipation","0.23","0.138","-0.038","medio"
"movimiento","motion","anticipation","0.334","0.076","0.314","medio"
"movimiento de piernas","thrash","anger","-0.48","0.02","-0.056","medio"
"movimiento de piernas","thrash","disgust","-0.48","0.02","-0.056","medio"
"movimiento de piernas","thrash","fear","-0.48","0.02","-0.056","medio"
"movimiento de piernas","thrash","sadness","-0.48","0.02","-0.056","medio"
"moza","wench","anger","-0.062","0.038","-0.296","medio"
"moza","wench","disgust","-0.062","0.038","-0.296","medio"
"mucoso","mucous","disgust","-0.34","-0.408","-0.414","bajo"
"mudable","mutable","anticipation","-0.148","0.062","-0.018","medio"
"muerte","death","anger","-0.938","0.44","-0.056","alto"
"muerte","death","anticipation","-0.938","0.44","-0.056","alto"
"muerte","death","disgust","-0.938","0.44","-0.056","alto"
"muerte","death","fear","-0.938","0.44","-0.056","alto"
"muerte","death","sadness","-0.938","0.44","-0.056","alto"
"muerte","death","surprise","-0.938","0.44","-0.056","alto"
"mugre","grime","disgust","-0.604","0","-0.55","medio"
"mugriento","grimy","disgust","-0.776","0.194","-0.434","medio"
"mula","mule","anger","-0.36","-0.326","-0.492","medio"
"mula","mule","trust","-0.36","-0.326","-0.492","medio"
"multa","penalty","anger","-0.876","-0.02","-0.52","medio"
"multa","penalty","fear","-0.876","-0.02","-0.52","medio"
"multa","penalty","sadness","-0.876","-0.02","-0.52","medio"
"multitud","mob","anger","-0.408","0.576","0.134","alto"
"multitud","mob","fear","-0.408","0.576","0.134","alto"
"muñeca","doll","joy","0.458","-0.358","-0.34","bajo"
"muriendo","dying","anger","-0.92","0.328","-0.156","medio"
"muriendo","dying","disgust","-0.92","0.328","-0.156","medio"
"muriendo","dying","fear","-0.92","0.328","-0.156","medio"
"muriendo","dying","sadness","-0.92","0.328","-0.156","medio"
"murmurar","mutter","anger","-0.188","-0.146","-0.544","medio"
"música","music","joy","0.666","0.126","0.21","medio"
"música","music","sadness","0.666","0.126","0.21","medio"
"musical","musical","anger","0.816","0.26","0.06","medio"
"musical","musical","anticipation","0.816","0.26","0.06","medio"
"musical","musical","joy","0.816","0.26","0.06","medio"
"musical","musical","sadness","0.816","0.26","0.06","medio"
"musical","musical","surprise","0.816","0.26","0.06","medio"
"musical","musical","trust","0.816","0.26","0.06","medio"
"mutilación","mutilation","anger","-0.756","0.564","-0.088","alto"
"mutilación","mutilation","disgust","-0.756","0.564","-0.088","alto"
"mutilación","mutilation","fear","-0.756","0.564","-0.088","alto"
"mutilación","mutilation","sadness","-0.756","0.564","-0.088","alto"
"mutilado","mutilated","disgust","-0.918","0.682","-0.288","alto"
"mutilar","mangle","anger","-0.416","-0.102","-0.29","medio"
"mutilar","mangle","disgust","-0.416","-0.102","-0.29","medio"
"mutilar","mangle","fear","-0.416","-0.102","-0.29","medio"
"mutilar","mangle","sadness","-0.416","-0.102","-0.29","medio"
"nacido muerto","stillborn","sadness","-0.458","0.038","-0.326","medio"
"naciente","nascent","anticipation","0.368","-0.254","0.17","medio"
"nacimiento","birth","anticipation","0.792","0.31","0.072","medio"
"nacimiento","birth","fear","0.792","0.31","0.072","medio"
"nacimiento","birth","joy","0.792","0.31","0.072","medio"
"nacimiento","birth","trust","0.792","0.31","0.072","medio"
"nación","nation","trust","0.188","-0.114","0.642","medio"
"nada","nothingness","sadness","-0.592","-0.92","-0.589","bajo"
"nada suspicaz","unsuspecting","surprise","-0.396","0.018","-0.174","medio"
"nadar","swim","anticipation","0.376","-0.078","0.058","medio"
"nadar","swim","fear","0.376","-0.078","0.058","medio"
"nadar","swim","joy","0.376","-0.078","0.058","medio"
"nariz","nose","disgust","0.164","-0.46","-0.51","bajo"
"naufragio","wreck","anger","-0.56","0.54","-0.322","alto"
"naufragio","wreck","disgust","-0.56","0.54","-0.322","alto"
"naufragio","wreck","fear","-0.56","0.54","-0.322","alto"
"naufragio","shipwreck","fear","-0.464","0.536","-0.254","alto"
"naufragio","wreck","sadness","-0.56","0.54","-0.322","alto"
"naufragio","shipwreck","sadness","-0.464","0.536","-0.254","alto"
"naufragio","wreck","surprise","-0.56","0.54","-0.322","alto"
"nauseabundo","sickening","anger","-0.852","0.236","-0.482","medio"
"nauseabundo","sickening","disgust","-0.852","0.236","-0.482","medio"
"nauseabundo","nauseous","disgust","-0.73","0.56","-0.432","alto"
"nauseabundo","sickening","fear","-0.852","0.236","-0.482","medio"
"nauseabundo","nauseous","sadness","-0.73","0.56","-0.432","alto"
"nauseabundo","sickening","sadness","-0.852","0.236","-0.482","medio"
"náuseas","nausea","disgust","-0.792","0.562","-0.454","alto"
"navegable","navigable","anticipation","0.498","-0.188","0.29","medio"
"navegador","navigator","anticipation","0.166","0.184","0.246","medio"
"navegador","navigator","trust","0.166","0.184","0.246","medio"
"necesidad","necessity","sadness","0.134","-0.058","0.176","medio"
"negación","negation","anger","-0.49","-0.078","-0.406","medio"
"negando","denying","anticipation","-0.84","0.084","-0.456","medio"
"negar","disclaim","anger","-0.53","0.018","-0.358","medio"
"negar","deny","anger","-0.368","0.334","-0.358","alto"
"negar","disclaim","disgust","-0.53","0.018","-0.358","medio"
"negar","disclaim","trust","-0.53","0.018","-0.358","medio"
"negativo","negative","sadness","-0.796","0.054","-0.648","medio"
"negligencia profesional","malpractice","anger","-0.812","0.118","-0.34","medio"
"negociar","negotiate","trust","0.224","0.416","0.538","alto"
"negociar","bargain","trust","0.306","0.066","0.34","medio"
"negro","negro","sadness","-0.292","-0.264","-0.078","medio"
"negrura","blackness","fear","-0.48","-0.04","-0.188","medio"
"negrura","blackness","sadness","-0.48","-0.04","-0.188","medio"
"nepotismo","nepotism","anger","-0.302","0.168","0.034","medio"
"nepotismo","nepotism","disgust","-0.302","0.168","0.034","medio"
"nepotismo","nepotism","sadness","-0.302","0.168","0.034","medio"
"nerviosismo","nervousness","fear","-0.674","0.83","-0.518","alto"
"nervioso","nervous","anticipation","-0.583","0.64","-0.574","alto"
"nervioso","nervous","fear","-0.583","0.64","-0.574","alto"
"neumonía","pneumonia","fear","-0.584","0.216","-0.352","medio"
"neuralgia","neuralgia","fear","-0.816","0.412","-0.122","alto"
"neuralgia","neuralgia","sadness","-0.816","0.412","-0.122","alto"
"neurosis","neurosis","fear","-0.756","0.532","-0.164","alto"
"neurosis","neurosis","sadness","-0.756","0.532","-0.164","alto"
"neurótico","neurotic","disgust","-0.604","0.602","-0.226","alto"
"neurótico","neurotic","fear","-0.604","0.602","-0.226","alto"
"neutral","neutral","anticipation","-0.062","-0.632","-0.286","bajo"
"neutral","neutral","trust","-0.062","-0.632","-0.286","bajo"
"neutralidad","neutrality","trust","-0.062","-0.59","-0.132","bajo"
"nicotina","nicotine","disgust","-0.53","0.216","-0.106","medio"
"nido","nest","trust","0.374","-0.558","-0.334","bajo"
"nietos","grandchildren","anticipation","0.592","0.09","-0.148","medio"
"nietos","grandchildren","joy","0.592","0.09","-0.148","medio"
"nietos","grandchildren","trust","0.592","0.09","-0.148","medio"
"niñera","babysitter","trust","0.312","-0.17","-0.184","medio"
"niño","infant","anticipation","0.604","-0.138","-0.344","medio"
"niño","child","anticipation","0.824","-0.08","-0.174","medio"
"niño","infant","fear","0.604","-0.138","-0.344","medio"
"niño","infant","joy","0.604","-0.138","-0.344","medio"
"niño","child","joy","0.824","-0.08","-0.174","medio"
"niño","infant","surprise","0.604","-0.138","-0.344","medio"
"nivel","level","trust","0.244","-0.446","0.012","bajo"
"no","wont","anticipation","-0.52","-0.314","-0.418","medio"
"no atractivo","unattractive","disgust","-0.552","-0.386","-0.584","bajo"
"no atractivo","unattractive","sadness","-0.552","-0.386","-0.584","bajo"
"no correspondido","unrequited","sadness","-0.714","-0.118","-0.642","medio"
"no deseado","undesired","sadness","-0.688","-0.118","-0.53","medio"
"no fidedigno","unreliable","trust","-0.784","-0.04","-0.52","medio"
"no imaginable","unimaginable","surprise","0.146","0.268","0.178","medio"
"no inspirado","uninspired","sadness","-0.674","-0.445","-0.48","bajo"
"no invitado","uninvited","sadness","-0.82","-0.23","-0.386","medio"
"no pagado","unpaid","anger","-0.4","-0.174","-0.27","medio"
"no pagado","unpaid","sadness","-0.4","-0.174","-0.27","medio"
"no permitido","disallowed","anger","-0.73","0","-0.344","medio"
"no permitido","disallowed","disgust","-0.73","0","-0.344","medio"
"no permitido","disallowed","fear","-0.73","0","-0.344","medio"
"no permitido","disallowed","sadness","-0.73","0","-0.344","medio"
"no reconocido","unacknowledged","sadness","-0.52","-0.462","-0.768","bajo"
"no revelado","undisclosed","anticipation","-0.042","-0.278","-0.372","medio"
"no simpático","unsympathetic","anger","-0.674","0.24","-0.438","medio"
"noble","noble","trust","0.812","-0.31","0.22","medio"
"noble","nobleman","trust","0.35","-0.428","0.418","bajo"
"nobleza","nobility","anticipation","0.688","-0.306","0.472","medio"
"nobleza","nobility","trust","0.688","-0.306","0.472","medio"
"nocivo","noxious","disgust","-0.646","0.17","-0.242","medio"
"nocivo","noxious","fear","-0.646","0.17","-0.242","medio"
"nostalgia","longing","anticipation","0.208","-0.132","0.12","medio"
"nostalgia","longing","sadness","0.208","-0.132","0.12","medio"
"nostálgico","homesick","sadness","-0.128","-0.392","-0.306","bajo"
"Notable","remarkable","joy","0.76","0.146","0.44","medio"
"Notable","remarkable","surprise","0.76","0.146","0.44","medio"
"Notable","remarkable","trust","0.76","0.146","0.44","medio"
"notario","notary","trust","0.082","-0.32","0.352","medio"
"notificación","notification","anticipation","0.208","-0.078","0.342","medio"
"notoriedad","notoriety","anger","0.104","0.266","0.538","medio"
"notoriedad","notoriety","disgust","0.104","0.266","0.538","medio"
"notoriedad","notoriety","fear","0.104","0.266","0.538","medio"
"novia","bride","anticipation","0.68","0.416","0.158","alto"
"novia","bride","joy","0.68","0.416","0.158","alto"
"novia","bride","trust","0.68","0.416","0.158","alto"
"noviazgo","courtship","anticipation","0.334","-0.02","0.308","medio"
"noviazgo","courtship","joy","0.334","-0.02","0.308","medio"
"noviazgo","courtship","trust","0.334","-0.02","0.308","medio"
"novio","bridegroom","anticipation","0.618","0.472","0.054","alto"
"novio","bridegroom","joy","0.618","0.472","0.054","alto"
"novio","bridegroom","trust","0.618","0.472","0.054","alto"
"nublado","clouded","sadness","-0.52","-0.574","-0.396","bajo"
"nuboso","cloudy","sadness","-0.438","-0.44","-0.596","bajo"
"nudo corredizo","noose","sadness","-0.288","-0.4","-0.34","bajo"
"nupcial","bridal","anticipation","0.646","0.31","0.192","medio"
"nupcial","bridal","joy","0.646","0.31","0.192","medio"
"nupcial","bridal","trust","0.646","0.31","0.192","medio"
"nutrir","nurture","anger","0.49","-0.244","0.314","medio"
"nutrir","nurture","anticipation","0.49","-0.244","0.314","medio"
"nutrir","nurture","disgust","0.49","-0.244","0.314","medio"
"nutrir","nurture","fear","0.49","-0.244","0.314","medio"
"nutrir","nurture","joy","0.49","-0.244","0.314","medio"
"nutrir","nurture","trust","0.49","-0.244","0.314","medio"
"nutritivo","nutritious","sadness","0.666","-0.326","0.31","medio"
"oasis","oasis","anticipation","0.592","-0.434","-0.142","bajo"
"oasis","oasis","joy","0.592","-0.434","-0.142","bajo"
"oasis","oasis","trust","0.592","-0.434","-0.142","bajo"
"obedecer","obey","fear","0.354","-0.134","0.066","medio"
"obedecer","obey","trust","0.354","-0.134","0.066","medio"
"obediencia","obedience","trust","0.53","-0.426","0.072","bajo"
"obediente","dutiful","anticipation","0.448","-0.51","0.17","bajo"
"obediente","dutiful","trust","0.448","-0.51","0.17","bajo"
"obertura","overture","anticipation","-0.02","-0.196","-0.018","medio"
"obesidad","obesity","disgust","-0.674","-0.26","-0.344","medio"
"obesidad","obesity","sadness","-0.674","-0.26","-0.344","medio"
"obeso","obese","disgust","-0.734","-0.146","-0.5","medio"
"obi","obi","disgust","-0.062","-0.116","-0.172","medio"
"obi","obi","fear","-0.062","-0.116","-0.172","medio"
"obituario","obituary","sadness","-0.624","-0.34","-0.154","bajo"
"obituario","obit","sadness","-0.18","-0.072","-0.214","medio"
"obituario","obit","surprise","-0.18","-0.072","-0.214","medio"
"objeción","objection","anger","-0.306","0.184","0.418","medio"
"objetivo","objective","anticipation","0.448","-0.326","0.472","medio"
"objetivo","objective","trust","0.448","-0.326","0.472","medio"
"obligación","debenture","anticipation","-0.166","0","-0.068","medio"
"obligado","obligor","fear","-0.396","0.2","-0.28","medio"
"obligar","coerce","anger","-0.48","0.482","0.034","alto"
"obligar","coerce","disgust","-0.48","0.482","0.034","alto"
"obligar","coerce","fear","-0.48","0.482","0.034","alto"
"obligar","oblige","trust","-0.438","0.54","0.228","alto"
"obliteración","obliteration","fear","-0.646","0.244","-0.206","medio"
"obliteración","obliteration","sadness","-0.646","0.244","-0.206","medio"
"obliterar","obliterate","anger","-0.5","0.82","0.138","alto"
"obliterar","obliterate","fear","-0.5","0.82","0.138","alto"
"obliterar","obliterate","sadness","-0.5","0.82","0.138","alto"
"obra maestra","masterpiece","joy","0.852","0.246","0.694","medio"
"obscenidad","obscenity","anger","-0.834","0.686","-0.164","alto"
"obscenidad","obscenity","disgust","-0.834","0.686","-0.164","alto"
"obsceno","obscene","disgust","-0.9","0.49","-0.304","alto"
"obsesionado","haunted","fear","-0.57","0.565","-0.5","alto"
"obsesionado","haunted","sadness","-0.57","0.565","-0.5","alto"
"obstáculo","obstacle","anger","-0.592","0.416","-0.328","alto"
"obstáculo","obstacle","fear","-0.592","0.416","-0.328","alto"
"obstáculo","obstacle","sadness","-0.592","0.416","-0.328","alto"
"obstetra","obstetrician","trust","0.042","0.272","0.208","medio"
"obstructivo","obstructive","anger","-0.592","0.3","0.226","medio"
"obstruir","obstruct","anger","-0.77","0.32","-0.084","medio"
"obstruir","obstruct","fear","-0.77","0.32","-0.084","medio"
"obvio","obvious","trust","0.25","-0.328","0.17","medio"
"ocasional","occasional","surprise","-0.02","-0.404","-0.226","bajo"
"ocio","leisure","anticipation","0.262","-0.142","-0.158","medio"
"ocio","leisure","joy","0.262","-0.142","-0.158","medio"
"ocio","leisure","surprise","0.262","-0.142","-0.158","medio"
"ocio","leisure","trust","0.262","-0.142","-0.158","medio"
"ocultación","concealment","anger","-0.396","0.14","-0.22","medio"
"ocultación","concealment","anticipation","-0.396","0.14","-0.22","medio"
"ocultación","hiding","fear","-0.5","0.134","-0.272","medio"
"ocultación","concealment","fear","-0.396","0.14","-0.22","medio"
"ocultado","concealed","anticipation","-0.312","-0.274","-0.296","medio"
"ocultado","concealed","fear","-0.312","-0.274","-0.296","medio"
"ocultado","concealed","surprise","-0.312","-0.274","-0.296","medio"
"ocultar","hide","fear","-0.124","0.02","-0.564","medio"
"oculto","occult","disgust","-0.416","-0.236","-0.188","medio"
"oculto","occult","fear","-0.416","-0.236","-0.188","medio"
"ocupante","occupant","trust","0","-0.166","-0.034","medio"
"odiando","hating","anger","-0.834","0.64","-0.132","alto"
"odio","hatred","anger","-0.926","0.694","-0.152","alto"
"odio","hate","anger","-0.938","0.604","-0.14","alto"
"odio","hate","disgust","-0.938","0.604","-0.14","alto"
"odio","hatred","disgust","-0.926","0.694","-0.152","alto"
"odio","hatred","fear","-0.926","0.694","-0.152","alto"
"odio","hate","fear","-0.938","0.604","-0.14","alto"
"odio","hate","sadness","-0.938","0.604","-0.14","alto"
"odio","hatred","sadness","-0.926","0.694","-0.152","alto"
"odioso","odious","anger","-0.53","0.416","-0.53","alto"
"odioso","hateful","anger","-0.858","0.638","-0.14","alto"
"odioso","hateful","disgust","-0.858","0.638","-0.14","alto"
"odioso","odious","disgust","-0.53","0.416","-0.53","alto"
"odioso","odious","fear","-0.53","0.416","-0.53","alto"
"odioso","hateful","fear","-0.858","0.638","-0.14","alto"
"odioso","hateful","sadness","-0.858","0.638","-0.14","alto"
"odontología","dentistry","fear","-0.142","0.14","0.138","medio"
"ofender","offend","anger","-0.887","0.637","0.333","alto"
"ofender","offend","disgust","-0.887","0.637","0.333","alto"
"ofendido","offended","anger","-0.624","0.38","-0.326","alto"
"ofendido","offended","sadness","-0.624","0.38","-0.326","alto"
"ofensa","offense","anger","-0.54","0.53","0.02","alto"
"ofensa","offense","disgust","-0.54","0.53","0.02","alto"
"ofensa","offense","fear","-0.54","0.53","0.02","alto"
"ofensa","offense","sadness","-0.54","0.53","0.02","alto"
"ofensivo","offensive","anger","-0.73","0.764","0.2","alto"
"ofensivo","offensive","disgust","-0.73","0.764","0.2","alto"
"oficial","officer","trust","0.084","-0.14","0.754","medio"
"oficial","journeyman","trust","0.53","0.192","0.482","medio"
"oficial","official","trust","0.292","0.13","0.666","medio"
"ofrecer amistad","befriend","joy","0.86","0.248","0.039","medio"
"ofrecer amistad","befriend","trust","0.86","0.248","0.039","medio"
"ofrecimiento","offering","trust","0.376","-0.076","0.17","medio"
"ogro","ogre","disgust","-0.73","0.396","0.02","alto"
"ogro","ogre","fear","-0.73","0.396","0.02","alto"
"oler","smell","anger","0.02","0.04","-0.34","medio"
"oler","smell","disgust","0.02","0.04","-0.34","medio"
"olfativo","olfactory","anticipation","0.204","-0.182","-0.096","medio"
"oliendo","smelling","disgust","-0.084","-0.038","-0.302","medio"
"olvidado","forgotten","fear","-0.53","-0.44","-0.632","bajo"
"olvidado","forgotten","sadness","-0.53","-0.44","-0.632","bajo"
"olvido","oblivion","anger","-0.694","-0.34","-0.436","bajo"
"olvido","oblivion","fear","-0.694","-0.34","-0.436","bajo"
"ominoso","ominous","anticipation","-0.49","0.46","0.02","alto"
"ominoso","ominous","fear","-0.49","0.46","0.02","alto"
"omnipotencia","omnipotence","fear","0.334","0.586","0.732","alto"
"omnisciente","omniscient","trust","0.312","-0.332","0.556","medio"
"oneroso","onerous","anger","0","-0.04","-0.076","medio"
"oneroso","onerous","sadness","0","-0.04","-0.076","medio"
"ópera","opera","anger","0.428","0","-0.034","medio"
"ópera","opera","anticipation","0.428","0","-0.034","medio"
"ópera","opera","fear","0.428","0","-0.034","medio"
"ópera","opera","joy","0.428","0","-0.034","medio"
"ópera","opera","sadness","0.428","0","-0.034","medio"
"ópera","opera","surprise","0.428","0","-0.034","medio"
"ópera","opera","trust","0.428","0","-0.034","medio"
"operación","operation","fear","-0.05","0.222","0.51","medio"
"operación","operation","trust","-0.05","0.222","0.51","medio"
"opio","opium","anger","-0.448","-0.02","-0.334","medio"
"opio","opium","disgust","-0.448","-0.02","-0.334","medio"
"opio","opium","fear","-0.448","-0.02","-0.334","medio"
"opio","opium","sadness","-0.448","-0.02","-0.334","medio"
"oportunidad","opportunity","anticipation","0.938","0.411","0.667","alto"
"oportunidad","chance","surprise","0.666","0.102","0.05","medio"
"oportuno","opportune","joy","0.592","0.076","0.534","medio"
"oposición","opposition","anger","-0.73","0.458","0.184","alto"
"opresión","oppression","anger","-0.84","0.346","0.23","alto"
"opresión","oppression","disgust","-0.84","0.346","0.23","alto"
"opresión","oppression","fear","-0.84","0.346","0.23","alto"
"opresión","oppression","sadness","-0.84","0.346","0.23","alto"
"opresivo","oppressive","anger","-0.448","0.18","0.334","medio"
"opresivo","oppressive","disgust","-0.448","0.18","0.334","medio"
"opresivo","oppressive","fear","-0.448","0.18","0.334","medio"
"opresivo","oppressive","sadness","-0.448","0.18","0.334","medio"
"opresor","oppressor","anger","-0.68","0.552","0.258","alto"
"opresor","oppressor","fear","-0.68","0.552","0.258","alto"
"opresor","oppressor","sadness","-0.68","0.552","0.258","alto"
"oprimir","oppress","anger","-0.628","0.308","0.11","medio"
"oprimir","oppress","disgust","-0.628","0.308","0.11","medio"
"oprimir","oppress","fear","-0.628","0.308","0.11","medio"
"oprimir","oppress","sadness","-0.628","0.308","0.11","medio"
"optimismo","optimism","anticipation","0.898","0.13","0.628","medio"
"optimismo","optimism","joy","0.898","0.13","0.628","medio"
"optimismo","optimism","surprise","0.898","0.13","0.628","medio"
"optimismo","optimism","trust","0.898","0.13","0.628","medio"
"optimista","optimist","trust","0.75","0.078","0.574","medio"
"opuesto","opposed","anger","-0.816","-0.08","0.212","medio"
"opuesto","opposed","fear","-0.816","-0.08","0.212","medio"
"oráculo","oracle","anticipation","0.104","0.062","0.34","medio"
"oráculo","oracle","trust","0.104","0.062","0.34","medio"
"orco","orc","anger","-0.52","0.02","-0.224","medio"
"orco","orc","disgust","-0.52","0.02","-0.224","medio"
"orco","orc","fear","-0.52","0.02","-0.224","medio"
"ordenación","ordination","anticipation","0.376","-0.02","0.53","medio"
"ordenación","ordination","joy","0.376","-0.02","0.53","medio"
"ordenación","ordination","trust","0.376","-0.02","0.53","medio"
"ordenado","ordained","trust","0.47","-0.182","0.462","medio"
"ordenanza","ordinance","trust","0.23","-0.096","0.552","medio"
"organización","organization","anticipation","0.62","0.07","0.702","medio"
"organización","organization","joy","0.62","0.07","0.702","medio"
"organización","organization","surprise","0.62","0.07","0.702","medio"
"organización","organization","trust","0.62","0.07","0.702","medio"
"Organo","organ","anticipation","0.02","-0.062","0.076","medio"
"Organo","organ","joy","0.02","-0.062","0.076","medio"
"orgasmo","orgasm","anticipation","0.688","0.726","0.352","alto"
"orgasmo","orgasm","joy","0.688","0.726","0.352","alto"
"orgullo","pride","joy","0.458","0.268","0.696","medio"
"orgulloso","proud","anticipation","0.812","0.4","0.746","alto"
"orgulloso","proud","joy","0.812","0.4","0.746","alto"
"orgulloso","proud","trust","0.812","0.4","0.746","alto"
"originalidad","originality","surprise","0.796","0","0.648","medio"
"oropel","tinsel","joy","0.326","0.042","-0.054","medio"
"orquesta","orchestra","anger","0.416","0","0.328","medio"
"orquesta","orchestra","joy","0.416","0","0.328","medio"
"orquesta","orchestra","sadness","0.416","0","0.328","medio"
"orquesta","orchestra","trust","0.416","0","0.328","medio"
"ortiga","nettle","anger","-0.188","-0.352","-0.02","bajo"
"ortiga","nettle","disgust","-0.188","-0.352","-0.02","bajo"
"ortodoxia","orthodoxy","trust","-0.458","-0.224","0.224","medio"
"orzuelo","sty","disgust","-0.408","0","-0.55","medio"
"osco","crabby","anger","-0.604","0.624","-0.26","alto"
"oscurecer","darken","fear","-0.5","-0.058","-0.236","medio"
"oscurecer","darken","sadness","-0.5","-0.058","-0.236","medio"
"oscurecido","darkened","fear","-0.73","-0.12","-0.096","medio"
"oscurecido","darkened","sadness","-0.73","-0.12","-0.096","medio"
"oscuridad","darkness","anger","-0.796","0.204","-0.164","medio"
"oscuridad","darkness","fear","-0.796","0.204","-0.164","medio"
"oscuridad","gloom","sadness","-0.73","-0.192","-0.608","medio"
"oscuridad","darkness","sadness","-0.796","0.204","-0.164","medio"
"oscuro","dark","sadness","-0.604","-0.204","-0.148","medio"
"oso pardo","grizzly","fear","-0.204","0.358","0.314","alto"
"osuno","bearish","anger","0.042","0.098","-0.352","medio"
"osuno","bearish","fear","0.042","0.098","-0.352","medio"
"otoño","fall","sadness","-0.646","0.314","-0.558","medio"
"otorgar","award","anticipation","0.73","0.49","0.32","alto"
"otorgar","grant","anticipation","0.438","-0.24","0.334","medio"
"otorgar","award","joy","0.73","0.49","0.32","alto"
"otorgar","grant","joy","0.438","-0.24","0.334","medio"
"otorgar","award","surprise","0.73","0.49","0.32","alto"
"otorgar","award","trust","0.73","0.49","0.32","alto"
"otorgar","grant","trust","0.438","-0.24","0.334","medio"
"ovación","ovation","sadness","0.438","0.516","0.5","alto"
"paciencia","patience","anticipation","0.542","-0.75","-0.226","bajo"
"paciencia","patience","trust","0.542","-0.75","-0.226","bajo"
"paciente","patient","anticipation","0.166","-0.614","-0.32","bajo"
"pacífico","peaceful","anticipation","0.734","-0.892","0.149","bajo"
"pacífico","peaceful","joy","0.734","-0.892","0.149","bajo"
"pacífico","peaceful","surprise","0.734","-0.892","0.149","bajo"
"pacífico","peaceful","trust","0.734","-0.892","0.149","bajo"
"pacotilla","shoddy","anger","-0.836","-0.074","-0.642","medio"
"pacotilla","shoddy","disgust","-0.836","-0.074","-0.642","medio"
"pacto","covenant","trust","0.188","-0.076","0.334","medio"
"pacto","pact","trust","-0.116","-0.112","0.186","medio"
"padre","father","trust","0.624","-0.334","0.648","bajo"
"pagano","heathen","fear","-0.612","0.058","-0.018","medio"
"pagar","repay","anger","-0.062","0.264","0.184","medio"
"pagar","repay","anticipation","-0.062","0.264","0.184","medio"
"pagar","pay","anticipation","0.028","0.176","0.184","medio"
"pagar","repay","joy","-0.062","0.264","0.184","medio"
"pagar","pay","joy","0.028","0.176","0.184","medio"
"pagar","repay","trust","-0.062","0.264","0.184","medio"
"pagar","pay","trust","0.028","0.176","0.184","medio"
"paja","chaff","anger","-0.334","-0.346","-0.624","bajo"
"paja","chaff","fear","-0.334","-0.346","-0.624","bajo"
"palabra","word","trust","0.104","-0.49","-0.036","bajo"
"palabras","words","anger","0.42","-0.568","-0.054","bajo"
"palanca","pry","anger","-0.188","-0.036","0","medio"
"palanca","pry","anticipation","-0.188","-0.036","0","medio"
"palanca","pry","trust","-0.188","-0.036","0","medio"
"paleta","paddle","anticipation","0.122","-0.25","-0.214","medio"
"pálido","wan","fear","-0.232","-0.086","-0.38","medio"
"pálido","wan","sadness","-0.232","-0.086","-0.38","medio"
"paloma","dove","anticipation","0.458","-0.53","-0.126","bajo"
"paloma","dove","joy","0.458","-0.53","-0.126","bajo"
"paloma","dove","trust","0.458","-0.53","-0.126","bajo"
"palpable","palpable","surprise","0.104","-0.314","0.222","medio"
"palpitar","throb","fear","0","0.346","0.112","alto"
"palpitar","throb","sadness","0","0.346","0.112","alto"
"pandemia","pandemic","fear","-0.68","0.58","0.088","alto"
"pandemia","pandemic","sadness","-0.68","0.58","0.088","alto"
"pandilla","gang","anger","-0.566","0.7","0.258","alto"
"pandilla","gang","fear","-0.566","0.7","0.258","alto"
"pánico","panic","fear","-0.876","0.876","-0.2","alto"
"pantano","swamp","disgust","-0.51","-0.15","-0.53","medio"
"pantano","swamp","fear","-0.51","-0.15","-0.53","medio"
"pantanoso","swampy","disgust","-0.388","-0.22","-0.176","medio"
"pantanoso","swampy","fear","-0.388","-0.22","-0.176","medio"
"pañal","diaper","disgust","-0.182","-0.452","-0.69","bajo"
"pañal","nappy","disgust","0.058","-0.334","-0.586","bajo"
"papar moscas","gawk","surprise","-0.334","-0.056","-0.132","medio"
"par termoeléctrico","thermocouple","anticipation","-0.188","-0.188","-0.156","medio"
"paracaídas","parachute","fear","0.124","0.574","0.128","alto"
"parada","standstill","anger","-0.118","-0.594","0","bajo"
"parálisis","paralysis","anger","-0.688","0","-0.39","medio"
"parálisis","paralysis","anticipation","-0.688","0","-0.39","medio"
"parálisis","palsy","disgust","-0.834","-0.108","-0.558","medio"
"parálisis","paralysis","fear","-0.688","0","-0.39","medio"
"parálisis","palsy","fear","-0.834","-0.108","-0.558","medio"
"parálisis","paralysis","sadness","-0.688","0","-0.39","medio"
"parálisis","palsy","sadness","-0.834","-0.108","-0.558","medio"
"paranoia","paranoia","fear","-0.708","0.682","-0.186","alto"
"parar","stall","disgust","-0.26","-0.51","-0.416","bajo"
"parásito","pest","anger","-0.645","0.514","-0.667","alto"
"parásito","pest","disgust","-0.645","0.514","-0.667","alto"
"parásito","parasite","disgust","-0.816","-0.116","-0.352","medio"
"parásito","parasite","fear","-0.816","-0.116","-0.352","medio"
"parásito","pest","fear","-0.645","0.514","-0.667","alto"
"parcial","prejudiced","disgust","-0.53","0.25","-0.31","medio"
"parcial","prejudiced","fear","-0.53","0.25","-0.31","medio"
"parcialidad","bias","anger","-0.2","-0.26","0.082","medio"
"parecido","akin","trust","0.278","-0.314","0.046","medio"
"paria","outcast","disgust","-0.529","-0.102","-0.294","medio"
"paria","outcast","fear","-0.529","-0.102","-0.294","medio"
"paria","outcast","sadness","-0.529","-0.102","-0.294","medio"
"pariente","relative","trust","0","-0.244","-0.228","medio"
"parientes","kindred","anticipation","0.52","-0.164","0.034","medio"
"parientes","kindred","joy","0.52","-0.164","0.034","medio"
"parientes","kindred","trust","0.52","-0.164","0.034","medio"
"parietal","parietal","trust","-0.038","-0.334","-0.018","bajo"
"parlamento","parliament","trust","0.146","0.08","0.716","medio"
"parodia","travesty","disgust","-0.292","0.288","-0.186","medio"
"parodia","travesty","fear","-0.292","0.288","-0.186","medio"
"parodia","travesty","sadness","-0.292","0.288","-0.186","medio"
"parroquia","parish","trust","0.396","-0.292","0.164","medio"
"parte superior","top","anticipation","0.52","-0.2","0.108","medio"
"parte superior","top","trust","0.52","-0.2","0.108","medio"
"Partera","midwife","anticipation","0.062","0.14","-0.094","medio"
"Partera","midwife","joy","0.062","0.14","-0.094","medio"
"Partera","midwife","trust","0.062","0.14","-0.094","medio"
"participar","partake","trust","0.51","0.312","0.258","medio"
"Partícula","speck","disgust","-0.164","-0.51","-0.314","bajo"
"particularmente","singularly","surprise","0.142","-0.34","0.054","bajo"
"partida","departure","sadness","0.146","0","-0.148","medio"
"partidario","backer","trust","0.292","-0.25","0.074","medio"
"pasajero","passenger","anticipation","0.434","-0.174","-0.038","medio"
"pasión","passion","anticipation","0.708","0.73","0.456","alto"
"pasión","passion","joy","0.708","0.73","0.456","alto"
"pasión","passion","trust","0.708","0.73","0.456","alto"
"Pastelería","pastry","joy","0.74","-0.186","-0.162","medio"
"pastor","pastor","joy","0.396","-0.528","0.492","bajo"
"pastor","pastor","trust","0.396","-0.528","0.492","bajo"
"pastor","shepherd","trust","0.312","-0.392","0.22","bajo"
"patada","kick","anger","-0.458","0.582","0.052","alto"
"pateando","kicking","anger","-0.346","0.604","0.02","alto"
"patético","pathetic","disgust","-0.824","-0.072","-0.722","medio"
"patético","pathetic","sadness","-0.824","-0.072","-0.722","medio"
"patinar","skid","anger","-0.477","0.474","-0.298","alto"
"patinar","skid","fear","-0.477","0.474","-0.298","alto"
"patinar","skid","sadness","-0.477","0.474","-0.298","alto"
"patio de juegos","playground","anticipation","0.74","0.62","-0.149","alto"
"patio de juegos","playground","joy","0.74","0.62","-0.149","alto"
"patio de juegos","playground","surprise","0.74","0.62","-0.149","alto"
"patio de juegos","playground","trust","0.74","0.62","-0.149","alto"
"patriarcal","patriarchal","trust","0.062","0","0.714","medio"
"patrocinador","sponsor","trust","0.458","0.074","0.6","medio"
"patrón","patron","trust","0.166","-0.098","0.74","medio"
"patrulla","patrol","trust","-0.146","0.328","0.472","medio"
"payaso","clown","anticipation","0.3","0.196","-0.4","medio"
"payaso","clown","joy","0.3","0.196","-0.4","medio"
"payaso","clown","surprise","0.3","0.196","-0.4","medio"
"paz","peace","anticipation","0.939","-0.844","0.226","bajo"
"paz","peace","joy","0.939","-0.844","0.226","bajo"
"paz","peace","trust","0.939","-0.844","0.226","bajo"
"pecado","sin","anger","-0.646","0.424","-0.102","alto"
"pecado","trespass","anger","-0.542","0.34","0.226","alto"
"pecado","sin","disgust","-0.646","0.424","-0.102","alto"
"pecado","sin","fear","-0.646","0.424","-0.102","alto"
"pecado","sin","sadness","-0.646","0.424","-0.102","alto"
"pecador","sinner","anger","-0.526","0.334","-0.288","alto"
"pecador","sinner","disgust","-0.526","0.334","-0.288","alto"
"pecador","sinner","fear","-0.526","0.334","-0.288","alto"
"pecador","sinner","sadness","-0.526","0.334","-0.288","alto"
"pecaminoso","sinful","anger","-0.714","0.576","-0.166","alto"
"pecaminoso","sinful","disgust","-0.714","0.576","-0.166","alto"
"pecaminoso","sinful","fear","-0.714","0.576","-0.166","alto"
"pecaminoso","sinful","sadness","-0.714","0.576","-0.166","alto"
"pecando","sinning","disgust","-0.66","0.4","-0.156","alto"
"pedir","demand","anger","-0.416","0.346","0","alto"
"pedir","crave","anticipation","0.25","0.02","0.462","medio"
"pegajoso","sticky","disgust","-0.23","0.138","-0.416","medio"
"pegar","hit","anger","-0.53","0.862","0.358","alto"
"pelea","tussle","anger","-0.334","0.838","0.382","alto"
"pelea","tiff","anger","0.062","-0.17","-0.314","medio"
"pelea","scrimmage","surprise","-0.266","0.32","-0.178","medio"
"pelea confusa","melee","fear","0.082","0.408","0.222","alto"
"pelearse","brawl","anger","-0.792","0.876","0.206","alto"
"pelearse","brawl","disgust","-0.792","0.876","0.206","alto"
"pelearse","brawl","fear","-0.792","0.876","0.206","alto"
"peligro","peril","anticipation","-0.896","0.82","0.036","alto"
"peligro","jeopardy","anticipation","-0.742","0.816","0.072","alto"
"peligro","danger","fear","-0.77","0.846","0.346","alto"
"peligro","peril","fear","-0.896","0.82","0.036","alto"
"peligro","hazard","fear","-0.776","0.768","0.514","alto"
"peligro","jeopardy","fear","-0.742","0.816","0.072","alto"
"peligro","peril","sadness","-0.896","0.82","0.036","alto"
"peligro","danger","sadness","-0.77","0.846","0.346","alto"
"peligroso","perilous","anticipation","-0.593","0.696","0.15","alto"
"peligroso","perilous","fear","-0.593","0.696","0.15","alto"
"peligroso","hazardous","fear","-0.878","0.5","0.34","alto"
"peligroso","dangerous","fear","-0.96","0.882","0.316","alto"
"peligroso","perilous","sadness","-0.593","0.696","0.15","alto"
"peludo","hairy","disgust","0.084","-0.24","-0.314","medio"
"penal","penal","fear","-0.584","0.13","0.22","medio"
"penal","penal","sadness","-0.584","0.13","0.22","medio"
"penetración","penetration","anger","-0.124","0.77","0.584","alto"
"penetración","penetration","fear","-0.124","0.77","0.584","alto"
"penitencia","penance","fear","-0.562","0.334","-0.074","alto"
"penitencia","penance","sadness","-0.562","0.334","-0.074","alto"
"penitenciario","penitentiary","anger","-0.542","0.452","-0.018","alto"
"penosamente","painfully","sadness","-0.688","0.44","-0.186","alto"
"pensamiento","thought","anticipation","0.56","-0.37","0.142","bajo"
"pensativo","pensive","sadness","0.08","-0.56","0.058","bajo"
"peor","worse","fear","-0.876","0.408","-0.55","alto"
"peor","worse","sadness","-0.876","0.408","-0.55","alto"
"percance","mishap","disgust","-0.858","0.308","-0.546","medio"
"percance","mishap","fear","-0.858","0.308","-0.546","medio"
"percance","mishap","sadness","-0.858","0.308","-0.546","medio"
"percance","mishap","surprise","-0.858","0.308","-0.546","medio"
"percibir","perceive","trust","0.306","-0.02","0.31","medio"
"perder","misplace","anger","-0.542","-0.078","-0.618","medio"
"perder","forfeit","anger","-0.834","0.27","-0.51","medio"
"perder","lose","anger","-0.77","0.076","-0.648","medio"
"perder","misplace","disgust","-0.542","-0.078","-0.618","medio"
"perder","lose","disgust","-0.77","0.076","-0.648","medio"
"perder","lose","fear","-0.77","0.076","-0.648","medio"
"perder","forfeit","sadness","-0.834","0.27","-0.51","medio"
"perder","lose","sadness","-0.77","0.076","-0.648","medio"
"perder","lose","surprise","-0.77","0.076","-0.648","medio"
"perdición","perdition","anger","-0.73","0.312","-0.008","medio"
"perdición","bane","anger","-0.47","0.388","-0.268","alto"
"perdición","bane","disgust","-0.47","0.388","-0.268","alto"
"perdición","perdition","disgust","-0.73","0.312","-0.008","medio"
"perdición","perdition","fear","-0.73","0.312","-0.008","medio"
"perdición","bane","fear","-0.47","0.388","-0.268","alto"
"perdición","perdition","sadness","-0.73","0.312","-0.008","medio"
"pérdida","loss","anger","-0.876","0.134","-0.578","medio"
"pérdida","loss","fear","-0.876","0.134","-0.578","medio"
"pérdida","forfeiture","fear","-0.632","0.176","-0.264","medio"
"pérdida","forfeiture","sadness","-0.632","0.176","-0.264","medio"
"pérdida","loss","sadness","-0.876","0.134","-0.578","medio"
"perdido","missing","fear","-0.388","-0.164","-0.478","medio"
"perdido","missing","sadness","-0.388","-0.164","-0.478","medio"
"perdiendo","losing","anger","-0.848","0.372","-0.554","alto"
"perdiendo","losing","sadness","-0.848","0.372","-0.554","alto"
"perdió","lost","sadness","-0.635","0.326","-0.58","medio"
"perecer","perish","fear","-0.408","0.14","-0.17","medio"
"perecer","perish","sadness","-0.408","0.14","-0.17","medio"
"pereciendo","perishing","fear","-0.542","-0.154","-0.704","medio"
"pereciendo","perishing","sadness","-0.542","-0.154","-0.704","medio"
"pereció","perished","sadness","-0.73","0.192","-0.55","medio"
"perenne","perennial","trust","0.054","-0.284","0","medio"
"perfección","perfection","anticipation","0.762","0.49","0.868","alto"
"perfección","perfection","joy","0.762","0.49","0.868","alto"
"perfección","perfection","surprise","0.762","0.49","0.868","alto"
"perfección","perfection","trust","0.762","0.49","0.868","alto"
"Perfecto","perfect","anticipation","0.96","-0.058","0.623","medio"
"Perfecto","perfect","joy","0.96","-0.058","0.623","medio"
"Perfecto","perfect","trust","0.96","-0.058","0.623","medio"
"peri","peri","surprise","-0.104","-0.134","-0.26","medio"
"pericia","expertise","trust","0.584","0.178","0.85","medio"
"periodicidad","periodicity","trust","0.292","-0.352","0.29","bajo"
"periodismo","journalism","trust","0.244","0","0.368","medio"
"perjudicial","deleterious","anger","-0.406","0.45","-0.12","alto"
"perjudicial","prejudicial","anger","-0.867","0.579","-0.153","alto"
"perjudicial","injurious","anger","-0.646","0.518","-0.268","alto"
"perjudicial","deleterious","disgust","-0.406","0.45","-0.12","alto"
"perjudicial","injurious","fear","-0.646","0.518","-0.268","alto"
"perjudicial","deleterious","fear","-0.406","0.45","-0.12","alto"
"perjudicial","injurious","sadness","-0.646","0.518","-0.268","alto"
"perjurio","perjury","fear","-0.542","0.372","-0.182","alto"
"perjurio","perjury","surprise","-0.542","0.372","-0.182","alto"
"permuta","barter","trust","-0.07","0.118","0.192","medio"
"pernicioso","pernicious","anger","-0.542","0.2","-0.236","medio"
"pernicioso","pernicious","fear","-0.542","0.2","-0.236","medio"
"pernicioso","pernicious","sadness","-0.542","0.2","-0.236","medio"
"perpetuar","perpetuate","anticipation","-0.206","0.176","0.576","medio"
"perpetuidad","perpetuity","anticipation","0.18","-0.132","0.518","medio"
"perpetuidad","perpetuity","trust","0.18","-0.132","0.518","medio"
"perplejidad","perplexity","sadness","-0.45","0.44","0","alto"
"perra","bitch","anger","-0.448","0.48","-0.314","alto"
"perra","bitch","disgust","-0.448","0.48","-0.314","alto"
"perra","bitch","fear","-0.448","0.48","-0.314","alto"
"perra","bitch","sadness","-0.448","0.48","-0.314","alto"
"perrera","kennel","sadness","-0.14","-0.04","-0.188","medio"
"perro guardián","watchdog","trust","0.062","0.622","0.296","alto"
"persecucion","persecution","anger","-0.542","0.73","0.32","alto"
"persecucion","persecution","disgust","-0.542","0.73","0.32","alto"
"persecucion","persecution","fear","-0.542","0.73","0.32","alto"
"persecucion","persecution","sadness","-0.542","0.73","0.32","alto"
"perseguir","persecute","anger","-0.438","0.746","0.018","alto"
"perseguir","persecute","fear","-0.438","0.746","0.018","alto"
"persistir","linger","anticipation","-0.04","-0.378","-0.176","bajo"
"personal","personal","trust","0.5","-0.378","-0.066","bajo"
"persuadir","persuade","trust","0.24","0.236","0.418","medio"
"pertinente","pertinent","trust","0.16","-0.334","0.446","bajo"
"perturbación","perturbation","fear","-0.46","0.68","0","alto"
"perturbado","disturbed","anger","-0.75","0.74","-0.39","alto"
"perturbado","disturbed","sadness","-0.75","0.74","-0.39","alto"
"perversión","perversion","anger","-0.834","0.66","-0.02","alto"
"perversión","perversion","disgust","-0.834","0.66","-0.02","alto"
"perversión","perversion","sadness","-0.834","0.66","-0.02","alto"
"perverso","perverse","anger","-0.708","0.616","-0.072","alto"
"perverso","perverse","disgust","-0.708","0.616","-0.072","alto"
"perverso","perverse","fear","-0.708","0.616","-0.072","alto"
"pervertido","pervert","anger","-0.836","0.726","0","alto"
"pervertido","pervert","disgust","-0.836","0.726","0","alto"
"pervertido","perverted","disgust","-0.876","0.836","-0.128","alto"
"pesadilla","bugaboo","anger","-0.122","-0.018","-0.118","medio"
"pesadilla","nightmare","fear","-0.957","0.459","-0.219","alto"
"pesadilla","bugaboo","fear","-0.122","-0.018","-0.118","medio"
"pesadilla","bugaboo","sadness","-0.122","-0.018","-0.118","medio"
"pesado","weighty","fear","-0.146","-0.04","0.314","medio"
"pesar","weigh","anticipation","-0.334","-0.208","-0.25","medio"
"pesar","weigh","trust","-0.334","-0.208","-0.25","medio"
"pesca con caña","angling","anticipation","0.25","-0.184","0","medio"
"pese","tough","sadness","-0.312","0.176","0.484","medio"
"pesimismo","pessimism","anger","-0.834","-0.032","-0.472","medio"
"pesimismo","pessimism","fear","-0.834","-0.032","-0.472","medio"
"pesimismo","pessimism","sadness","-0.834","-0.032","-0.472","medio"
"pesimista","pessimist","fear","-0.75","-0.06","-0.564","medio"
"pesimista","pessimist","sadness","-0.75","-0.06","-0.564","medio"
"pésimo","appalling","disgust","-0.68","0.654","-0.17","alto"
"pésimo","appalling","fear","-0.68","0.654","-0.17","alto"
"peso","weight","anticipation","-0.1","-0.24","0.154","medio"
"peso","heft","anticipation","0.006","-0.32","0.06","medio"
"peso","weight","disgust","-0.1","-0.24","0.154","medio"
"peso","weight","fear","-0.1","-0.24","0.154","medio"
"peso","heft","fear","0.006","-0.32","0.06","medio"
"peso","weight","joy","-0.1","-0.24","0.154","medio"
"peso","weight","sadness","-0.1","-0.24","0.154","medio"
"peso","weight","surprise","-0.1","-0.24","0.154","medio"
"peso","weight","trust","-0.1","-0.24","0.154","medio"
"pestilencia","pestilence","disgust","-0.756","0.32","-0.434","medio"
"pestilencia","pestilence","fear","-0.756","0.32","-0.434","medio"
"petardo","banger","anger","-0.244","0.08","0.076","medio"
"petardo","banger","anticipation","-0.244","0.08","0.076","medio"
"petardo","banger","fear","-0.244","0.08","0.076","medio"
"petardo","banger","surprise","-0.244","0.08","0.076","medio"
"petición","plea","anticipation","0.266","-0.018","0.034","medio"
"petición","plea","fear","0.266","-0.018","0.034","medio"
"petición","plea","sadness","0.266","-0.018","0.034","medio"
"petróleo","petroleum","disgust","0.166","-0.098","0.28","medio"
"piadoso","pious","disgust","0.396","-0.388","-0.148","bajo"
"piadoso","godly","joy","0.494","-0.404","0.178","bajo"
"piadoso","pious","sadness","0.396","-0.388","-0.148","bajo"
"piadoso","devotional","trust","0.48","-0.212","0.31","medio"
"piadoso","godly","trust","0.494","-0.404","0.178","bajo"
"piadoso","pious","trust","0.396","-0.388","-0.148","bajo"
"picadura","sting","anger","-0.674","0.302","-0.254","medio"
"picadura","sting","fear","-0.674","0.302","-0.254","medio"
"pícaro","rogue","disgust","-0.332","0.426","0.272","alto"
"picnic","picnic","anticipation","0.25","-0.06","-0.25","medio"
"picnic","picnic","joy","0.25","-0.06","-0.25","medio"
"picnic","picnic","surprise","0.25","-0.06","-0.25","medio"
"picnic","picnic","trust","0.25","-0.06","-0.25","medio"
"pico","spike","fear","-0.236","0.02","-0.184","medio"
"pie","footing","trust","0.52","-0.308","-0.072","medio"
"piedra","stone","anger","-0.568","-0.634","0.122","bajo"
"pila de algo","piles","disgust","-0.062","-0.154","-0.064","medio"
"pilar","mainstay","trust","0.388","-0.2","0.426","medio"
"píldora","pill","trust","0.146","-0.186","-0.264","medio"
"pillaje","pillage","anger","-0.52","0.37","-0.25","alto"
"pillaje","pillage","disgust","-0.52","0.37","-0.25","alto"
"pillaje","pillage","fear","-0.52","0.37","-0.25","alto"
"piloto","pilot","trust","0.376","0.36","0.472","alto"
"pinchazo","jab","anger","-0.23","0.038","-0.036","medio"
"pinchazo","prick","anger","-0.354","0.528","-0.462","alto"
"pinchazo","prick","disgust","-0.354","0.528","-0.462","alto"
"pinchazo","prick","fear","-0.354","0.528","-0.462","alto"
"pinchazo","prick","surprise","-0.354","0.528","-0.462","alto"
"pino","pine","sadness","0.166","-0.55","-0.376","bajo"
"pintoresco","quaint","joy","0.25","-0.074","-0.052","medio"
"pintoresco","picturesque","joy","0.604","-0.018","-0.034","medio"
"pintoresco","quaint","trust","0.25","-0.074","-0.052","medio"
"piñón","pinion","fear","-0.112","-0.278","-0.308","medio"
"piojo","louse","disgust","-0.632","-0.122","-0.692","medio"
"piqué","pique","anger","-0.166","0","-0.148","medio"
"piquete","picket","anger","-0.27","0.23","-0.098","medio"
"piquete","picket","anticipation","-0.27","0.23","-0.098","medio"
"piquete","picket","fear","-0.27","0.23","-0.098","medio"
"piquetes","picketing","anger","-0.34","0.114","-0.058","medio"
"pirata","pirate","anger","-0.688","0.48","0.118","alto"
"pista","track","anticipation","-0.104","-0.134","0.052","medio"
"pistola","gun","anger","-0.706","0.84","0.426","alto"
"pistola","gun","fear","-0.706","0.84","0.426","alto"
"pivote","pivot","trust","-0.084","-0.236","-0.12","medio"
"Pizca","mite","disgust","-0.42","0.168","-0.458","medio"
"plaga","blight","disgust","-0.458","0.542","-0.142","alto"
"plaga","blight","fear","-0.458","0.542","-0.142","alto"
"plaga","blight","sadness","-0.458","0.542","-0.142","alto"
"Plaga","plague","disgust","-0.834","0.192","-0.29","medio"
"Plaga","plague","fear","-0.834","0.192","-0.29","medio"
"Plaga","plague","sadness","-0.834","0.192","-0.29","medio"
"plagio","plagiarism","disgust","-0.73","0.432","-0.128","alto"
"plan","plan","anticipation","0.292","0.08","0.466","medio"
"planchar","iron","trust","-0.104","-0.298","0.358","medio"
"planeo","glide","anticipation","0.122","0.412","-0.17","alto"
"planeo","glide","joy","0.122","0.412","-0.17","alto"
"planificación","planning","anticipation","0.788","-0.076","0.41","medio"
"planificación","planning","trust","0.788","-0.076","0.41","medio"
"platija","flounder","fear","0.422","-0.334","-0.31","bajo"
"platija","flounder","sadness","0.422","-0.334","-0.31","bajo"
"playa","beach","joy","0.77","0.058","-0.09","medio"
"plomada","plummet","fear","-0.396","0.5","-0.28","alto"
"pobre","pauper","sadness","-0.48","-0.306","-0.613","medio"
"pobreza","poverty","anger","-0.858","0.038","-0.758","medio"
"pobreza","poverty","disgust","-0.858","0.038","-0.758","medio"
"pobreza","poverty","fear","-0.858","0.038","-0.758","medio"
"pobreza","poverty","sadness","-0.858","0.038","-0.758","medio"
"poco dispuesto","loath","anger","-0.73","0.428","-0.11","alto"
"poco interesante","uninteresting","sadness","-0.694","-0.53","-0.544","bajo"
"poco pagado","underpaid","anger","-0.708","-0.174","-0.582","medio"
"poco pagado","underpaid","sadness","-0.708","-0.174","-0.582","medio"
"poderosamente","powerfully","fear","0.708","0.448","0.87","alto"
"poderoso","mighty","anger","0.71","0.674","0.872","alto"
"poderoso","powerful","anger","0.566","0.66","0.991","alto"
"poderoso","powerful","anticipation","0.566","0.66","0.991","alto"
"poderoso","powerful","disgust","0.566","0.66","0.991","alto"
"poderoso","powerful","fear","0.566","0.66","0.991","alto"
"poderoso","mighty","fear","0.71","0.674","0.872","alto"
"poderoso","powerful","joy","0.566","0.66","0.991","alto"
"poderoso","mighty","joy","0.71","0.674","0.872","alto"
"poderoso","mighty","trust","0.71","0.674","0.872","alto"
"poderoso","powerful","trust","0.566","0.66","0.991","alto"
"podrido","rotting","disgust","-0.624","-0.076","-0.49","medio"
"polaridad","polarity","surprise","0.02","-0.056","0","medio"
"polémica","polemic","anger","-0.734","0.5","0.304","alto"
"polémica","polemic","disgust","-0.734","0.5","0.304","alto"
"policía","police","fear","-0.084","0.54","0.66","alto"
"policía","cop","fear","-0.346","0.54","0.672","alto"
"policía","policeman","fear","0.084","0.416","0.796","alto"
"policía","police","trust","-0.084","0.54","0.66","alto"
"policía","policeman","trust","0.084","0.416","0.796","alto"
"policía","cop","trust","-0.346","0.54","0.672","alto"
"poligamia","polygamy","disgust","-0.27","0.294","0.126","medio"
"polio","polio","fear","-0.408","-0.096","-0.182","medio"
"polio","polio","sadness","-0.408","-0.096","-0.182","medio"
"política","politics","anger","-0.5","0.056","0.71","medio"
"política","policy","trust","-0.352","0.47","0.666","alto"
"pollo","chicken","fear","0.188","-0.388","-0.212","bajo"
"pólvora","gunpowder","fear","-0.15","0.706","0.018","alto"
"pomposo","pompous","disgust","0","0.142","-0.182","medio"
"poner en peligro","jeopardize","anger","-0.48","0.754","0.164","alto"
"poner en peligro","endanger","anticipation","-0.77","0.77","-0.192","alto"
"poner en peligro","jeopardize","fear","-0.48","0.754","0.164","alto"
"poner en peligro","endanger","fear","-0.77","0.77","-0.192","alto"
"pontífice","pontiff","trust","0.25","-0.274","0.446","medio"
"por ley","bylaw","trust","-0.062","-0.254","0.45","medio"
"por mal camino","astray","fear","-0.804","0.352","-0.384","alto"
"por último","ultimately","anticipation","-0.23","-0.04","0.116","medio"
"pornografía","pornography","disgust","-0.354","0.842","-0.038","alto"
"pornografía","porn","disgust","-0.312","0.83","-0.158","alto"
"portavoz","spokesman","trust","0.44","-0.04","0.222","medio"
"portón","gate","trust","0.02","-0.53","-0.148","bajo"
"poseer","possess","anticipation","0.34","0.18","0.454","medio"
"poseer","possess","joy","0.34","0.18","0.454","medio"
"poseer","possess","trust","0.34","0.18","0.454","medio"
"poseído","possessed","anger","-0.346","0.768","0.222","alto"
"poseído","possessed","disgust","-0.346","0.768","0.222","alto"
"poseído","possessed","fear","-0.346","0.768","0.222","alto"
"posesión","possession","anger","0.354","0.352","0.696","alto"
"posesión","possession","disgust","0.354","0.352","0.696","alto"
"posesión","possession","fear","0.354","0.352","0.696","alto"
"posibilidad","possibility","anticipation","0.649","0.018","0.075","medio"
"póstumo","posthumous","sadness","-0.536","-0.118","-0.14","medio"
"pow","pow","anger","-0.25","-0.12","-0.148","medio"
"práctica","practise","anticipation","0.426","-0.02","0.232","medio"
"precario","precarious","anticipation","-0.786","0.08","-0.454","medio"
"precario","precarious","fear","-0.786","0.08","-0.454","medio"
"precario","precarious","sadness","-0.786","0.08","-0.454","medio"
"precaución","caution","anger","0.104","0.424","0.094","alto"
"precaución","caution","anticipation","0.104","0.424","0.094","alto"
"precaución","caution","fear","0.104","0.424","0.094","alto"
"precavido","cautious","anticipation","-0.06","-0.11","0.034","medio"
"precavido","cautious","fear","-0.06","-0.11","0.034","medio"
"precavido","cautious","trust","-0.06","-0.11","0.034","medio"
"precedencia","precedence","trust","0.188","0.04","0.196","medio"
"precioso","precious","anticipation","0.834","0","0.452","medio"
"precioso","gorgeous","joy","0.84","0.12","0.482","medio"
"precioso","precious","joy","0.834","0","0.452","medio"
"precioso","precious","surprise","0.834","0","0.452","medio"
"precipicio","precipice","fear","-0.604","0.568","-0.208","alto"
"preciso","accurate","trust","0.486","-0.28","0.474","medio"
"precursor","precursor","anticipation","0.16","0.344","0.566","alto"
"predecir","predict","anticipation","0.23","-0.028","0.308","medio"
"Predicamento","predicament","fear","-0.27","-0.04","0.082","medio"
"predicción","prediction","anticipation","0.124","0.27","0.17","medio"
"predilección","predilection","anticipation","0.334","0.058","0.322","medio"
"predisponer","predispose","anticipation","-0.062","-0.038","0.018","medio"
"predominante","prevalent","trust","0.388","-0.14","0.338","medio"
"predominante","predominant","trust","0.36","0.192","0.654","medio"
"preferir","prefer","trust","0.52","-0.23","0.072","medio"
"prejuicio","prejudice","anger","-0.78","0.226","-0.186","medio"
"preliminar","preliminary","anticipation","0.062","-0.214","0.17","medio"
"prematuro","premature","surprise","-0.438","-0.168","-0.446","medio"
"premeditado","premeditated","fear","-0.292","-0.02","0.24","medio"
"premio","reward","anticipation","0.945","0.388","0.566","alto"
"premio","reward","joy","0.945","0.388","0.566","alto"
"premio","reward","surprise","0.945","0.388","0.566","alto"
"premio","reward","trust","0.945","0.388","0.566","alto"
"preocupado","concerned","fear","-0.416","0.396","-0.3","alto"
"preocupado","worried","sadness","-0.812","0.648","-0.21","alto"
"preocupado","concerned","sadness","-0.416","0.396","-0.3","alto"
"preocupante","worrying","anticipation","-0.906","0.5","-0.408","alto"
"preocupante","worrying","fear","-0.906","0.5","-0.408","alto"
"preocupante","worrying","sadness","-0.906","0.5","-0.408","alto"
"preocuparse","worry","anticipation","-0.51","0.552","-0.466","alto"
"preocuparse","fret","fear","-0.422","-0.08","-0.538","medio"
"preocuparse","worry","fear","-0.51","0.552","-0.466","alto"
"preocuparse","worry","sadness","-0.51","0.552","-0.466","alto"
"preparación","preparation","anticipation","0.542","0","0.358","medio"
"preparación","preparedness","anticipation","0.52","0.084","0.526","medio"
"preparación","readiness","anticipation","0.416","0.062","0.4","medio"
"preparación","readiness","joy","0.416","0.062","0.4","medio"
"preparación","readiness","trust","0.416","0.062","0.4","medio"
"preparado","prepared","anticipation","0.42","-0.04","0.466","medio"
"preparado","prepared","trust","0.42","-0.04","0.466","medio"
"preparar","prepare","anticipation","0.312","0.084","0.206","medio"
"preparatorio","preparatory","anticipation","0.396","0","0.152","medio"
"preponderancia","preponderance","trust","0.124","0.102","0.32","medio"
"presa","prey","fear","-0.244","0","-0.388","medio"
"presagio","omen","anticipation","-0.22","0.314","0.166","medio"
"presagio","omen","fear","-0.22","0.314","0.166","medio"
"presciente","prescient","anticipation","0.062","0.078","0.392","medio"
"presente","present","anticipation","0.448","-0.428","0.268","bajo"
"presente","present","joy","0.448","-0.428","0.268","bajo"
"presente","present","surprise","0.448","-0.428","0.268","bajo"
"presente","present","trust","0.448","-0.428","0.268","bajo"
"presentimiento","foreboding","anticipation","-0.122","0.412","0.272","alto"
"presentimiento","foreboding","fear","-0.122","0.412","0.272","alto"
"preservativo","preservative","anticipation","0.062","-0.142","0.018","medio"
"preservativo","preservative","joy","0.062","-0.142","0.018","medio"
"preservativo","preservative","surprise","0.062","-0.142","0.018","medio"
"preservativo","preservative","trust","0.062","-0.142","0.018","medio"
"presidenta","chairwoman","trust","0.438","0.328","0.953","medio"
"presidente","president","trust","0.354","0.244","0.973","medio"
"presidente","chairman","trust","0.312","0.134","0.866","medio"
"preso","inmate","disgust","-0.53","0.326","-0.204","medio"
"preso","inmate","fear","-0.53","0.326","-0.204","medio"
"prestador","lender","trust","-0.32","0.04","0.406","medio"
"prestigio","prestige","joy","0.64","0.188","0.814","medio"
"prestigio","kudos","joy","0.85","0.174","0.284","medio"
"prestigio","prestige","trust","0.64","0.188","0.814","medio"
"presto","presto","joy","0.146","-0.17","-0.134","medio"
"presto","presto","surprise","0.146","-0.17","-0.134","medio"
"presunción","presumption","trust","-0.25","0.192","0.036","medio"
"presuntuoso","presumptuous","anger","-0.47","0.192","0.232","medio"
"presuntuoso","presumptuous","disgust","-0.47","0.192","0.232","medio"
"presupuesto","budget","trust","0.286","-0.208","0.462","medio"
"pretender","intend","trust","0.124","0.04","0.038","medio"
"prevalecer","prevail","anticipation","0.448","0.114","0.5","medio"
"prevalecer","prevail","joy","0.448","0.114","0.5","medio"
"prevención","prevention","anticipation","0.52","-0.074","0.2","medio"
"prevenido","warned","anticipation","-0.396","0.208","0.094","medio"
"prevenido","warned","fear","-0.396","0.208","0.094","medio"
"prevenido","warned","surprise","-0.396","0.208","0.094","medio"
"prevenir","prevent","fear","0.27","-0.038","0.15","medio"
"preventivo","remand","anger","-0.51","-0.108","-0.364","medio"
"prever","foresee","anticipation","0.166","-0.096","0.044","medio"
"prever","foresee","surprise","0.166","-0.096","0.044","medio"
"prever","foresee","trust","0.166","-0.096","0.044","medio"
"previsión","foresight","anticipation","0.36","-0.036","0.28","medio"
"previsión","foresight","trust","0.36","-0.036","0.28","medio"
"prima","bonus","anticipation","0.714","0.24","0.364","medio"
"prima","bonus","joy","0.714","0.24","0.364","medio"
"prima","bonus","surprise","0.714","0.24","0.364","medio"
"Primogénito","firstborn","anticipation","0.572","-0.02","0.39","medio"
"Primogénito","firstborn","joy","0.572","-0.02","0.39","medio"
"Primogénito","firstborn","trust","0.572","-0.02","0.39","medio"
"principal","leading","trust","0.646","0.396","0.954","alto"
"principal","principal","trust","0.3","-0.294","0.418","medio"
"principesco","princely","anticipation","0.572","0.08","0.526","medio"
"principesco","princely","joy","0.572","0.08","0.526","medio"
"principesco","princely","surprise","0.572","0.08","0.526","medio"
"principesco","princely","trust","0.572","0.08","0.526","medio"
"prisa","haste","anticipation","-0.244","0.49","0","alto"
"prisión","prison","anger","-0.776","0.354","-0.018","alto"
"prisión","imprisonment","anger","-0.734","0.26","-0.058","medio"
"prisión","imprisonment","disgust","-0.734","0.26","-0.058","medio"
"prisión","imprisonment","fear","-0.734","0.26","-0.058","medio"
"prisión","prison","fear","-0.776","0.354","-0.018","alto"
"prisión","imprisonment","sadness","-0.734","0.26","-0.058","medio"
"prisión","prison","sadness","-0.776","0.354","-0.018","alto"
"prisionero","prisoner","anger","-0.858","0.308","-0.384","medio"
"prisionero","prisoner","disgust","-0.858","0.308","-0.384","medio"
"prisionero","prisoner","fear","-0.858","0.308","-0.384","medio"
"prisionero","prisoner","sadness","-0.858","0.308","-0.384","medio"
"privación","deprivation","anger","-0.612","0.22","-0.174","medio"
"privación","deprivation","disgust","-0.612","0.22","-0.174","medio"
"privación","deprivation","fear","-0.612","0.22","-0.174","medio"
"privación","deprivation","sadness","-0.612","0.22","-0.174","medio"
"privación","hardship","sadness","-0.812","0.55","-0.036","alto"
"privado","privy","trust","0.166","-0.038","0.296","medio"
"privilegiado","privileged","joy","0.734","-0.02","0.619","medio"
"privilegiado","privileged","trust","0.734","-0.02","0.619","medio"
"probabilidad","probability","anticipation","0.346","-0.27","0.302","medio"
"probado","proven","trust","0.448","-0.378","0.222","bajo"
"probidad","probity","trust","-0.062","-0.154","0.196","medio"
"problema","problem","fear","-0.876","0.288","-0.17","medio"
"problema","problem","sadness","-0.876","0.288","-0.17","medio"
"proceder","proceeding","anticipation","0.376","-0.144","0.506","medio"
"procedimiento","procedure","fear","0.25","0.096","0.308","medio"
"procesable","actionable","anger","0.346","0.404","0.226","alto"
"procesable","actionable","disgust","0.346","0.404","0.226","alto"
"procesar","indict","anger","-0.624","0.462","-0.084","alto"
"procesar","impeach","disgust","-0.584","0.552","0.328","alto"
"procesar","indict","fear","-0.624","0.462","-0.084","alto"
"procesar","impeach","fear","-0.584","0.552","0.328","alto"
"procesión","procession","joy","0.312","0.078","0.286","medio"
"procesión","procession","sadness","0.312","0.078","0.286","medio"
"procesión","procession","surprise","0.312","0.078","0.286","medio"
"procurador","proctor","trust","0.104","-0.08","0.174","medio"
"producción","production","anticipation","0.388","0.188","0.562","medio"
"profanación","desecration","anger","-0.75","0.666","0.128","alto"
"profanación","desecration","disgust","-0.75","0.666","0.128","alto"
"profanación","desecration","fear","-0.75","0.666","0.128","alto"
"profanación","desecration","sadness","-0.75","0.666","0.128","alto"
"profano","profane","anger","-0.666","0.402","-0.128","alto"
"profecía","prophecy","anticipation","0.494","0.384","0.5","alto"
"profesional","professional","trust","0.666","-0.106","0.886","medio"
"profesor","teacher","trust","0.52","-0.192","0.77","medio"
"profesor","professor","trust","0.312","-0.204","0.442","medio"
"profeta","prophet","anticipation","0.346","-0.076","0.548","medio"
"profeta","prophet","trust","0.346","-0.076","0.548","medio"
"profético","prophetic","anticipation","0.376","0.172","0.592","medio"
"profiláctico","prophylactic","anticipation","0.02","-0.018","0.054","medio"
"profiláctico","prophylactic","trust","0.02","-0.018","0.054","medio"
"profundidad","depth","trust","0.416","0.122","0.518","medio"
"progresión","progression","anticipation","0.48","0.124","0.6","medio"
"progresión","progression","joy","0.48","0.124","0.6","medio"
"progresión","progression","sadness","0.48","0.124","0.6","medio"
"progresión","progression","trust","0.48","0.124","0.6","medio"
"progresivo","creeping","anticipation","-0.416","0.226","-0.436","medio"
"Progreso","progress","anticipation","0.635","0.284","0.754","medio"
"Progreso","progress","joy","0.635","0.284","0.754","medio"
"prohibido","prohibited","anger","-0.77","0.54","-0.036","alto"
"prohibido","prohibited","disgust","-0.77","0.54","-0.036","alto"
"prohibido","prohibited","fear","-0.77","0.54","-0.036","alto"
"prohibir","forbid","sadness","-0.77","0.372","0.196","alto"
"prólogo","prologue","anticipation","0.142","-0.216","0.092","medio"
"prolongar","prolong","disgust","0.146","0.134","0.07","medio"
"promesa","pledge","joy","0.438","-0.02","0.528","medio"
"promesa","promise","joy","0.646","0","0.408","medio"
"promesa","promise","trust","0.646","0","0.408","medio"
"promesa","pledge","trust","0.438","-0.02","0.528","medio"
"prometido","betrothed","anticipation","0.666","0.26","0.334","medio"
"prometido","betrothed","joy","0.666","0.26","0.334","medio"
"prometido","betrothed","trust","0.666","0.26","0.334","medio"
"pronóstico","prognostic","anticipation","0.292","0.208","0.408","medio"
"pronóstico","forecast","anticipation","0.566","-0.162","0.396","medio"
"pronóstico","prognosis","anticipation","0","0.012","0.258","medio"
"pronóstico","prognosis","fear","0","0.012","0.258","medio"
"pronóstico","forecast","trust","0.566","-0.162","0.396","medio"
"propensión","leaning","trust","-0.04","-0.182","-0.296","medio"
"propicio","auspicious","anticipation","0.124","0.27","0.338","medio"
"propicio","auspicious","joy","0.124","0.27","0.338","medio"
"Proporcionar","providing","anticipation","0.632","0.1","0.792","medio"
"Proporcionar","providing","joy","0.632","0.1","0.792","medio"
"Proporcionar","providing","trust","0.632","0.1","0.792","medio"
"prospectivamente","prospectively","anticipation","0.52","0.24","0.358","medio"
"prosperando","thriving","anticipation","0.73","0.042","0.558","medio"
"prosperando","thriving","joy","0.73","0.042","0.558","medio"
"prosperar","prosper","anticipation","0.87","0.266","0.714","medio"
"prosperar","prosper","joy","0.87","0.266","0.714","medio"
"próspero","prosperous","joy","0.896","0.254","0.78","medio"
"prostitución","prostitution","disgust","-0.75","0.686","-0.05","alto"
"prostitución","prostitution","sadness","-0.75","0.686","-0.05","alto"
"prostituta","prostitute","disgust","-0.666","0.72","-0.146","alto"
"protector","protector","trust","0.558","-0.28","0.648","medio"
"proteger","protecting","trust","0.756","0.116","0.664","medio"
"protegido","protected","trust","0.708","-0.244","0.418","medio"
"proveer","provide","trust","0.666","0.034","0.408","medio"
"provisional","interim","anticipation","0.208","-0.2","0.048","medio"
"provocación","provocation","anger","-0.58","0.786","0.41","alto"
"provocador","provoking","anger","-0.324","0.84","0.434","alto"
"provocador","provoking","disgust","-0.324","0.84","0.434","alto"
"proyectil","projectile","fear","-0.448","0.73","0.548","alto"
"proyectiles","projectiles","fear","-0.5","0.696","0.736","alto"
"prudente","prudent","trust","0.412","-0.5","0.314","bajo"
"prueba","ordeal","anger","-0.312","0.078","0.058","medio"
"prueba","ordeal","surprise","-0.312","0.078","0.058","medio"
"prueba","proof","trust","-0.124","0.018","0.238","medio"
"psicosis","psychosis","anger","-0.666","0.718","-0.376","alto"
"psicosis","psychosis","fear","-0.666","0.718","-0.376","alto"
"psicosis","psychosis","sadness","-0.666","0.718","-0.376","alto"
"público","public","anticipation","0.184","0.02","0.328","medio"
"puerta","gateway","trust","0.184","-0.248","0.058","medio"
"puerto","harbor","trust","0.188","-0.288","0.268","medio"
"puesta de sol","sunset","anticipation","0.564","-0.663","-0.404","bajo"
"pulga","flea","disgust","-0.428","-0.294","-0.564","medio"
"pulla","taunt","anger","-0.834","0.392","-0.29","alto"
"pulla","taunt","fear","-0.834","0.392","-0.29","alto"
"pulla","taunt","sadness","-0.834","0.392","-0.29","alto"
"pulpo","octopus","disgust","0.426","-0.244","-0.178","medio"
"puma","puma","fear","0.23","0.408","0.122","alto"
"puma","puma","surprise","0.23","0.408","0.122","alto"
"punitivo","punitive","anger","-0.438","0.152","0.21","medio"
"punitivo","punitive","fear","-0.438","0.152","0.21","medio"
"punitivo","punitive","sadness","-0.438","0.152","0.21","medio"
"puntaje","score","anticipation","0.34","-0.224","0.178","medio"
"puntaje","score","joy","0.34","-0.224","0.178","medio"
"puntaje","score","surprise","0.34","-0.224","0.178","medio"
"punteado","dashed","anger","-0.448","-0.214","-0.324","medio"
"punteado","dashed","fear","-0.448","-0.214","-0.324","medio"
"punteado","dashed","sadness","-0.448","-0.214","-0.324","medio"
"punto de referencia","landmark","trust","0.388","-0.29","0.362","medio"
"punto muerto","standoff","anger","-0.334","0.68","0.116","alto"
"punto muerto","standoff","fear","-0.334","0.68","0.116","alto"
"puntual","punctual","anticipation","0.49","-0.326","0.272","medio"
"puntual","punctual","trust","0.49","-0.326","0.272","medio"
"puñalada","stab","anger","-0.666","0.764","0.19","alto"
"puñalada","stab","fear","-0.666","0.764","0.19","alto"
"puñalada","stab","sadness","-0.666","0.764","0.19","alto"
"puñalada","stab","surprise","-0.666","0.764","0.19","alto"
"puñetazo","punch","anger","-0.542","0.574","0.216","alto"
"puñetazo","punch","fear","-0.542","0.574","0.216","alto"
"puñetazo","punch","sadness","-0.542","0.574","0.216","alto"
"puñetazo","punch","surprise","-0.542","0.574","0.216","alto"
"puramente","purely","trust","0.368","-0.118","0.072","medio"
"pureza","purity","surprise","0.646","-0.59","0.424","bajo"
"purga","purge","fear","-0.75","0.132","-0.346","medio"
"purgatorio","purgatory","disgust","-0.49","0.41","-0.174","alto"
"purgatorio","purgatory","fear","-0.49","0.41","-0.174","alto"
"purificación","purification","trust","0.694","-0.096","0.548","medio"
"purificar","purify","joy","0.646","-0.392","0.492","bajo"
"purificar","purify","trust","0.646","-0.392","0.492","bajo"
"pus","pus","disgust","-0.73","-0.138","-0.548","medio"
"puta","slut","anger","-0.858","0.616","-0.382","alto"
"puta","whore","disgust","-0.73","0.76","-0.334","alto"
"puta","slut","disgust","-0.858","0.616","-0.382","alto"
"putativo","putative","trust","0.02","-0.04","-0.18","medio"
"putrefacción","rot","disgust","-0.938","0.116","-0.398","medio"
"putrefacción","rot","fear","-0.938","0.116","-0.398","medio"
"putrefacción","rot","sadness","-0.938","0.116","-0.398","medio"
"qué","wot","trust","0.04","-0.04","-0.286","medio"
"que se acerca","approaching","anticipation","0.48","0.114","-0.018","medio"
"queja","grievance","anger","-0.816","0.27","-0.272","medio"
"queja","grumble","anger","-0.798","0.5","-0.334","alto"
"queja","complaint","anger","-0.714","0.212","-0.438","medio"
"queja","grumble","disgust","-0.798","0.5","-0.334","alto"
"queja","grievance","disgust","-0.816","0.27","-0.272","medio"
"queja","grievance","sadness","-0.816","0.27","-0.272","medio"
"quejarse","complain","anger","-0.714","0.364","-0.28","alto"
"quejarse","complain","sadness","-0.714","0.364","-0.28","alto"
"quemado","burnt","disgust","-0.836","0.426","-0.288","alto"
"querida","darling","joy","0.77","-0.26","0.216","medio"
"querida","darling","trust","0.77","-0.26","0.216","medio"
"queroseno","kerosene","fear","-0.396","0.046","-0.146","medio"
"quietud","stillness","fear","0.458","-0.75","-0.322","bajo"
"quietud","stillness","sadness","0.458","-0.75","-0.322","bajo"
"quimera","chimera","fear","-0.416","0.164","-0.256","medio"
"quimera","chimera","surprise","-0.416","0.164","-0.256","medio"
"químico","chemist","trust","-0.184","0.15","0.22","medio"
"quisquilloso","touchy","anger","-0.354","0.02","-0.314","medio"
"quisquilloso","touchy","sadness","-0.354","0.02","-0.314","medio"
"quiste","cyst","fear","-0.654","0.156","-0.376","medio"
"quiste","cyst","sadness","-0.654","0.156","-0.376","medio"
"rabia","rage","anger","-0.836","0.776","0.316","alto"
"rabioso","rabid","anger","-0.822","0.654","-0.092","alto"
"rabioso","rabid","anticipation","-0.822","0.654","-0.092","alto"
"rabioso","rabid","disgust","-0.822","0.654","-0.092","alto"
"rabioso","rabid","fear","-0.822","0.654","-0.092","alto"
"rabioso","rabid","sadness","-0.822","0.654","-0.092","alto"
"racional","rational","trust","0.55","-0.306","0.264","medio"
"Radar","radar","trust","0.042","0.23","0.158","medio"
"radiación","radiation","fear","-0.666","0.482","0.072","alto"
"radiante","beaming","anticipation","0.784","0.308","0.174","medio"
"radiante","beaming","joy","0.784","0.308","0.174","medio"
"radiante","radiant","joy","0.602","0.434","0.582","alto"
"radioactivo","radioactive","fear","-0.62","0.596","0.482","alto"
"radón","radon","fear","-0.354","-0.164","-0.25","medio"
"raído","frayed","sadness","-0.376","-0.274","-0.386","medio"
"rallado","grated","anger","-0.286","-0.076","-0.278","medio"
"RAM","ram","anger","-0.188","-0.096","-0.224","medio"
"RAM","ram","anticipation","-0.188","-0.096","-0.224","medio"
"ramera","harlot","disgust","-0.604","0.596","-0.34","alto"
"ramo","bouquet","joy","0.448","-0.296","-0.388","medio"
"ramo","bouquet","trust","0.448","-0.296","-0.388","medio"
"rancio","rancid","disgust","-0.688","-0.098","-0.572","medio"
"rancio","musty","disgust","-0.292","-0.266","-0.466","medio"
"ranura","sloth","disgust","-0.604","-0.72","-0.75","bajo"
"rapaces","raptors","fear","-0.44","0.13","0.182","medio"
"rapidez","quickness","surprise","0.548","0.27","0.48","medio"
"rápido","rapid","surprise","0.334","0.576","0.536","alto"
"rapto","rapture","anticipation","-0.122","0.766","0.134","alto"
"rapto","rapture","joy","-0.122","0.766","0.134","alto"
"rareza","oddity","disgust","-0.376","0.114","-0.228","medio"
"rareza","oddity","sadness","-0.376","0.114","-0.228","medio"
"rareza","oddity","surprise","-0.376","0.114","-0.228","medio"
"rareza","rarity","surprise","0.292","0.096","-0.272","medio"
"rata","rat","disgust","-0.458","0.134","-0.49","medio"
"rata","rat","fear","-0.458","0.134","-0.49","medio"
"ratificar","ratify","trust","0.5","-0.076","0.432","medio"
"reaccionar","react","anger","0","0.432","0.434","alto"
"reaccionar","react","fear","0","0.432","0.434","alto"
"reacio","reluctant","fear","-0.416","0.26","-0.136","medio"
"real","regal","trust","0.286","-0.082","0.112","medio"
"real","real","trust","0.438","0.02","0.434","medio"
"realizar","accomplish","joy","0.858","0.346","0.632","alto"
"realizar","fulfill","joy","0.568","-0.078","0.154","medio"
"reanimar","revive","anticipation","0.352","0.56","0.556","alto"
"reaparecer","reappear","surprise","0.376","0.25","0.264","medio"
"reavivar","rekindle","anticipation","0.312","0.04","0.576","medio"
"reavivar","rekindle","fear","0.312","0.04","0.576","medio"
"reavivar","rekindle","joy","0.312","0.04","0.576","medio"
"reavivar","rekindle","surprise","0.312","0.04","0.576","medio"
"rebelde","rebel","anger","-0.53","0.66","0.11","alto"
"rebelde","rebel","fear","-0.53","0.66","0.11","alto"
"rebelión","rebellion","anger","-0.51","0.686","0.492","alto"
"rebelión","rebellion","disgust","-0.51","0.686","0.492","alto"
"rebelión","rebellion","fear","-0.51","0.686","0.492","alto"
"recado","errand","anticipation","-0.23","0.038","-0.036","medio"
"recado","errand","trust","-0.23","0.038","-0.036","medio"
"recaída","relapse","fear","-0.654","-0.08","-0.394","medio"
"recaída","relapse","sadness","-0.654","-0.08","-0.394","medio"
"recalcitrante","recalcitrant","anger","-0.286","0.248","0.16","medio"
"recalcitrante","recalcitrant","disgust","-0.286","0.248","0.16","medio"
"recargo","surcharge","anger","-0.25","0.056","0","medio"
"recepción","receiving","anticipation","0.438","0.124","0.246","medio"
"recepción","receiving","joy","0.438","0.124","0.246","medio"
"recepción","receiving","surprise","0.438","0.124","0.246","medio"
"recesión","recession","anger","-0.264","-0.204","-0.254","medio"
"recesión","recession","disgust","-0.264","-0.204","-0.254","medio"
"recesión","recession","fear","-0.264","-0.204","-0.254","medio"
"recesión","recession","sadness","-0.264","-0.204","-0.254","medio"
"rechaza","rejects","anger","-0.834","0.274","-0.156","medio"
"rechaza","rejects","fear","-0.834","0.274","-0.156","medio"
"rechaza","rejects","sadness","-0.834","0.274","-0.156","medio"
"rechazado","refused","sadness","-0.674","-0.05","-0.624","medio"
"rechazar","reject","anger","-0.88","0.294","-0.26","medio"
"rechazar","reject","fear","-0.88","0.294","-0.26","medio"
"rechazar","reject","sadness","-0.88","0.294","-0.26","medio"
"rechazo","rejection","anger","-0.84","0.408","-0.34","alto"
"rechazo","rejection","disgust","-0.84","0.408","-0.34","alto"
"rechazo","rejection","fear","-0.84","0.408","-0.34","alto"
"rechazo","rejection","sadness","-0.84","0.408","-0.34","alto"
"rechoncho","plump","anticipation","-0.23","-0.04","-0.226","medio"
"recién llegado","newcomer","fear","0.244","-0.24","-0.208","medio"
"recién llegado","newcomer","surprise","0.244","-0.24","-0.208","medio"
"recipiente","recipient","anticipation","0.208","-0.352","0.358","bajo"
"reclinar","recline","trust","-0.08","-0.192","-0.164","medio"
"reclusión","seclusion","fear","-0.54","0.116","0.01","medio"
"reclutar","draft","anticipation","-0.124","-0.28","-0.298","medio"
"reclutas","recruits","trust","-0.208","0.306","0.186","medio"
"recombinación","recombination","anticipation","0.02","-0.016","0.204","medio"
"recomendable","commendable","joy","0.572","0.14","0.11","medio"
"recomendable","commendable","trust","0.572","0.14","0.11","medio"
"recomendar","recommend","trust","0.624","-0.122","0.344","medio"
"reconciliación","reconciliation","anticipation","0.792","0.14","0.208","medio"
"reconciliación","reconciliation","joy","0.792","0.14","0.208","medio"
"reconciliación","reconciliation","trust","0.792","0.14","0.208","medio"
"reconocible","recognizable","anticipation","0.25","-0.2","0.218","medio"
"reconsideración","reconsideration","trust","0.044","-0.082","0.222","medio"
"reconstrucción","reconstruction","anticipation","0.25","0.438","0.334","alto"
"reconstruir","reconstruct","anticipation","0.48","0.236","0.436","medio"
"recreación","recreation","anticipation","0.761","0.428","0.181","alto"
"recreación","recreation","joy","0.761","0.428","0.181","alto"
"recreativo","recreational","anticipation","0.792","0.372","-0.042","alto"
"recreativo","recreational","joy","0.792","0.372","-0.042","alto"
"recuperación de la inversión","payback","anger","-0.082","0","0.134","medio"
"recurrente","recurrent","anticipation","0.104","0","0.122","medio"
"recurso","remedy","anticipation","0.25","-0.434","-0.018","bajo"
"recurso","remedy","joy","0.25","-0.434","-0.018","bajo"
"recurso","remedy","trust","0.25","-0.434","-0.018","bajo"
"recursos","resources","joy","0.208","-0.304","0.254","medio"
"recursos","resources","trust","0.208","-0.304","0.254","medio"
"Redada","raid","anger","-0.3","0.452","0.12","alto"
"Redada","raid","fear","-0.3","0.452","0.12","alto"
"Redada","raid","surprise","-0.3","0.452","0.12","alto"
"reducción","retrenchment","fear","-0.54","0.3","-0.232","medio"
"reembolso","reimbursement","trust","0.306","0.22","0.134","medio"
"reflejo","reflex","surprise","0.166","-0.08","0.076","medio"
"reflexivo","thoughtful","trust","0.334","-0.42","0.054","bajo"
"reflujo","reflux","disgust","-0.438","0.118","-0.306","medio"
"reforzamiento","reinforcement","trust","0.458","0.404","0.804","alto"
"refuerzos","reinforcements","trust","0.292","0.438","0.75","alto"
"refugiado","refugee","sadness","-0.242","0.214","-0.346","medio"
"refugio","haven","trust","0.368","-0.47","0.094","bajo"
"refugio","shelter","trust","0.408","-0.542","0.138","bajo"
"refutación","refutation","fear","-0.376","0.452","0.132","alto"
"regalo","gift","anticipation","0.76","0.078","-0.034","medio"
"regalo","gift","joy","0.76","0.078","-0.034","medio"
"regalo","gift","surprise","0.76","0.078","-0.034","medio"
"regañar","scold","anger","-0.612","0.51","0.252","alto"
"regañar","scold","disgust","-0.612","0.51","0.252","alto"
"regañar","scold","fear","-0.612","0.51","0.252","alto"
"regañar","scold","sadness","-0.612","0.51","0.252","alto"
"regaño","scolding","anger","-0.858","0.666","-0.166","alto"
"regata","regatta","anticipation","0.48","-0.058","-0.13","medio"
"regente","regent","trust","0.36","0.058","0.35","medio"
"regimiento","regiment","fear","-0.062","0.444","0.51","alto"
"regir","govern","trust","0.146","0.404","0.98","alto"
"registro","registry","trust","0.146","-0.36","0.166","bajo"
"regla","rule","fear","0.134","-0.146","0.186","medio"
"regla","rule","trust","0.134","-0.146","0.186","medio"
"regocijo","exhilaration","joy","0.792","0.736","0.566","alto"
"regocijo","exhilaration","surprise","0.792","0.736","0.566","alto"
"regulador","regulatory","fear","0.062","-0.104","0.056","medio"
"regularidad","regularity","anticipation","0.326","-0.326","0.17","medio"
"regularidad","regularity","trust","0.326","-0.326","0.17","medio"
"regurgitación","regurgitation","disgust","-0.68","0.294","-0.37","medio"
"rehabilitación","rehabilitation","anticipation","-0.188","0.056","0.212","medio"
"rehén","hostage","anger","-0.674","0.846","-0.35","alto"
"rehén","hostage","fear","-0.674","0.846","-0.35","alto"
"rehuir","shun","anger","-0.164","0.208","-0.222","medio"
"rehuir","shun","disgust","-0.164","0.208","-0.222","medio"
"rehuir","shun","sadness","-0.164","0.208","-0.222","medio"
"reincidencia","recidivism","anger","-0.51","0.04","0.116","medio"
"reincidencia","recidivism","disgust","-0.51","0.04","0.116","medio"
"reincidencia","recidivism","sadness","-0.51","0.04","0.116","medio"
"reír","laughing","joy","0.812","0.192","0.068","medio"
"rejilla","grating","anger","0.024","-0.326","-0.436","medio"
"rejilla","grating","disgust","0.024","-0.326","-0.436","medio"
"relacionado","related","trust","0.354","-0.27","0.038","medio"
"relámpago","lightning","anger","-0.142","0.366","0.19","alto"
"relámpago","lightning","fear","-0.142","0.366","0.19","alto"
"relámpago","lightning","surprise","-0.142","0.366","0.19","alto"
"religión","religion","trust","0.292","-0.36","0.51","bajo"
"reliquias","relics","sadness","0.438","0.16","0.158","medio"
"reloj","watch","anticipation","0.062","-0.308","-0.154","medio"
"reloj","clock","anticipation","0.354","-0.654","-0.186","bajo"
"reloj","watch","fear","0.062","-0.308","-0.154","medio"
"reloj de sol","sundial","anticipation","0.286","-0.55","-0.188","bajo"
"reloj de sol","sundial","trust","0.286","-0.55","-0.188","bajo"
"remanso","backwater","sadness","-0.376","-0.18","-0.678","medio"
"remordimiento","remorse","sadness","-0.794","0.346","-0.246","alto"
"renacimiento","revival","anticipation","0.646","0.328","0.194","medio"
"renacimiento","revival","joy","0.646","0.328","0.194","medio"
"renacimiento","revival","trust","0.646","0.328","0.194","medio"
"Rendición","surrender","fear","-0.77","-0.208","-0.628","medio"
"Rendición","surrender","sadness","-0.77","-0.208","-0.628","medio"
"rendirse","surrendering","sadness","-0.604","-0.178","-0.742","medio"
"renegado","renegade","anger","-0.72","0.28","0.018","medio"
"renovación","renovation","anticipation","0.632","0.18","0.558","medio"
"renovación","renovation","joy","0.632","0.18","0.558","medio"
"renovar","renovate","anticipation","0.756","0.098","0.51","medio"
"renuncia","renounce","anger","-0.688","-0.02","0.104","medio"
"renunciar","resign","anger","-0.5","0.086","-0.454","medio"
"renunciar","resign","disgust","-0.5","0.086","-0.454","medio"
"renunciar","resign","fear","-0.5","0.086","-0.454","medio"
"renunciar","resigned","sadness","-0.52","-0.66","-0.464","bajo"
"renunciar","resign","sadness","-0.5","0.086","-0.454","medio"
"reparación","reparation","trust","0.062","0.23","0.464","medio"
"repelente","repellent","anger","-0.428","0","-0.018","medio"
"repelente","repellent","disgust","-0.428","0","-0.018","medio"
"repelente","repellant","disgust","-0.416","0.24","-0.148","medio"
"repelente","repellant","fear","-0.416","0.24","-0.148","medio"
"repelente","repellent","fear","-0.428","0","-0.018","medio"
"repeliendo","repelling","disgust","-0.632","0.266","-0.142","medio"
"repentino","sudden","surprise","-0.102","0.32","-0.13","medio"
"repleto","teeming","disgust","0.164","0.1","0.454","medio"
"reportero","reporter","trust","0.062","0.1","0.208","medio"
"represalia","reprisal","anger","-0.75","0.576","0.09","alto"
"represalia","reprisal","fear","-0.75","0.576","0.09","alto"
"represalia","reprisal","sadness","-0.75","0.576","0.09","alto"
"represalias","retaliation","anger","-0.688","0.624","-0.018","alto"
"represalias","retaliation","fear","-0.688","0.624","-0.018","alto"
"representando","representing","anticipation","0.592","-0.072","0.666","medio"
"represión","repression","fear","-0.572","0.528","-0.038","alto"
"reprimenda","reprimand","anger","-0.694","0.056","-0.07","medio"
"reprimir","suppress","anger","-0.438","0.118","0.018","medio"
"reprimir","suppress","fear","-0.438","0.118","0.018","medio"
"reprimir","repress","sadness","-0.584","0.224","0.072","medio"
"reprimir","suppress","sadness","-0.438","0.118","0.018","medio"
"reproche","reproach","anger","-0.52","0.51","-0.232","alto"
"reproche","reproach","disgust","-0.52","0.51","-0.232","alto"
"reproche","reproach","sadness","-0.52","0.51","-0.232","alto"
"reproductivo","reproductive","joy","0.54","0.208","0.712","medio"
"repudio","repudiation","anger","-0.666","0.372","-0.452","alto"
"repudio","repudiation","disgust","-0.666","0.372","-0.452","alto"
"repugnancia","revulsion","anger","-0.792","0.53","-0.314","alto"
"repugnancia","revulsion","disgust","-0.792","0.53","-0.314","alto"
"repugnancia","revulsion","fear","-0.792","0.53","-0.314","alto"
"repugnante","revolting","anger","-0.796","0.38","-0.4","alto"
"repugnante","loathsome","anger","-0.76","0.388","-0.314","alto"
"repugnante","loathsome","disgust","-0.76","0.388","-0.314","alto"
"repugnante","revolting","disgust","-0.796","0.38","-0.4","alto"
"repugnante","revolting","fear","-0.796","0.38","-0.4","alto"
"repulsión","repulsion","disgust","-0.506","0.346","-0.294","alto"
"repulsión","repulsion","fear","-0.506","0.346","-0.294","alto"
"réquiem","requiem","sadness","-0.05","-0.236","-0.148","medio"
"requisito previo","prerequisite","anticipation","-0.104","-0.152","-0.036","medio"
"rescate","ransom","anger","0.164","0.6","0.13","alto"
"rescate","rescue","anticipation","0.612","0.616","0.7","alto"
"rescate","ransom","fear","0.164","0.6","0.13","alto"
"rescate","rescue","joy","0.612","0.616","0.7","alto"
"rescate","rescue","surprise","0.612","0.616","0.7","alto"
"rescate","rescue","trust","0.612","0.616","0.7","alto"
"resección","resection","fear","-0.25","-0.036","0","medio"
"resentido","resentful","anger","-0.76","0.216","-0.352","medio"
"resentimiento","grudge","anger","-0.77","0.294","-0.172","medio"
"resentimiento","resentment","anger","-0.674","0.49","0.056","alto"
"resentimiento","resentment","disgust","-0.674","0.49","0.056","alto"
"resentimiento","resentment","sadness","-0.674","0.49","0.056","alto"
"resentirse de","resent","anger","-0.793","0.106","-0.674","medio"
"resignación","resignation","sadness","-0.71","-0.216","-0.38","medio"
"resignación","resignation","surprise","-0.71","-0.216","-0.38","medio"
"resistencia","resistance","anger","-0.146","0.388","0.592","alto"
"resistente","resistant","fear","0.184","0.17","0.63","medio"
"resistente","hardy","joy","0.142","0.138","0.552","medio"
"resistente","hardy","trust","0.142","0.138","0.552","medio"
"resistiendo","resisting","anger","-0.184","0.552","0.578","alto"
"resistiendo","resisting","fear","-0.184","0.552","0.578","alto"
"resistiendo","resisting","sadness","-0.184","0.552","0.578","alto"
"resistir a","withstand","anticipation","-0.26","0.096","0.142","medio"
"resistir a","withstand","fear","-0.26","0.096","0.142","medio"
"respetable","respectable","trust","0.7","-0.3","0.778","medio"
"respeto","respect","anticipation","0.927","-0.49","0.592","bajo"
"respeto","respect","joy","0.927","-0.49","0.592","bajo"
"respeto","respect","trust","0.927","-0.49","0.592","bajo"
"respetuoso","respectful","trust","0.902","-0.228","0.628","medio"
"respiradero","vent","anger","-0.042","0.038","0.058","medio"
"respiro","respite","joy","0.2","-0.254","-0.16","medio"
"respiro","respite","trust","0.2","-0.254","-0.16","medio"
"resplandeciente","resplendent","joy","0.905","0.346","0.568","alto"
"resplandor","blaze","anger","0.396","-0.066","0.316","medio"
"resplandor","radiance","anticipation","0.592","0.25","0.438","medio"
"resplandor","glow","anticipation","0.836","0","0.49","medio"
"resplandor","glow","joy","0.836","0","0.49","medio"
"resplandor","radiance","joy","0.592","0.25","0.438","medio"
"resplandor","radiance","trust","0.592","0.25","0.438","medio"
"resplandor","glow","trust","0.836","0","0.49","medio"
"responsabilidad","accountability","trust","0.51","0.074","0.666","medio"
"responsable","responsible","trust","0.674","0.054","0.666","medio"
"responsable","answerable","trust","0.416","-0.038","0.5","medio"
"responsable","accountable","trust","0.418","-0.436","0.554","bajo"
"restaurativo","restorative","anticipation","0.266","0.02","0.406","medio"
"restaurativo","restorative","joy","0.266","0.02","0.406","medio"
"restaurativo","restorative","trust","0.266","0.02","0.406","medio"
"restitución","restitution","anger","0.166","0.084","0.286","medio"
"restos","remains","disgust","0.22","-0.52","0.13","bajo"
"restos","remains","fear","0.22","-0.52","0.13","bajo"
"restos","remains","trust","0.22","-0.52","0.13","bajo"
"restricción","restriction","anger","-0.74","0.18","0.138","medio"
"restricción","constraint","anger","-0.354","0.1","-0.038","medio"
"restricción","restriction","fear","-0.74","0.18","0.138","medio"
"restricción","constraint","fear","-0.354","0.1","-0.038","medio"
"restricción","constraint","sadness","-0.354","0.1","-0.038","medio"
"restricción","restriction","sadness","-0.74","0.18","0.138","medio"
"restringir","restrict","sadness","-0.77","0.078","0.154","medio"
"resultado","result","anticipation","0.624","-0.02","0.304","medio"
"resultante","resultant","anticipation","0.34","-0.118","0.274","medio"
"retardar","retard","disgust","-0.612","-0.306","-0.556","medio"
"retardar","retard","fear","-0.612","-0.306","-0.556","medio"
"retardar","retard","sadness","-0.612","-0.306","-0.556","medio"
"retener","retain","trust","-0.266","-0.098","0.26","medio"
"reticente","reticent","fear","-0.208","0.038","0","medio"
"retirar","remove","anger","-0.416","0.078","-0.056","medio"
"retirar","remove","fear","-0.416","0.078","-0.056","medio"
"retirar","withdraw","sadness","-0.48","-0.15","-0.328","medio"
"retirar","remove","sadness","-0.416","0.078","-0.056","medio"
"retorcerse","squirm","disgust","-0.53","0.648","-0.254","alto"
"retozar","romp","joy","0.22","0.28","-0.166","medio"
"retozón","frisky","anticipation","0.4","0.264","0.05","medio"
"retozón","frisky","joy","0.4","0.264","0.05","medio"
"retozón","frisky","surprise","0.4","0.264","0.05","medio"
"retraer","retract","anger","-0.368","-0.114","-0.284","medio"
"retrasar","setback","sadness","-0.604","-0.098","-0.5","medio"
"retroceder","flinch","anticipation","-0.3","0.608","0.11","alto"
"retroceder","flinch","disgust","-0.3","0.608","0.11","alto"
"retroceder","flinch","fear","-0.3","0.608","0.11","alto"
"retroceder","flinch","sadness","-0.3","0.608","0.11","alto"
"retroceder","flinch","surprise","-0.3","0.608","0.11","alto"
"reumatismo","rheumatism","anger","-0.562","-0.056","-0.164","medio"
"reumatismo","rheumatism","fear","-0.562","-0.056","-0.164","medio"
"reumatismo","rheumatism","sadness","-0.562","-0.056","-0.164","medio"
"reunión","reunion","anticipation","0.674","0","0.344","medio"
"reunión","reunion","trust","0.674","0","0.344","medio"
"revelación","spoiler","sadness","-0.306","0.054","-0.24","medio"
"revelado","disclosed","trust","-0.458","0.15","0.092","medio"
"reverencia","reverence","joy","0.286","-0.306","0.032","medio"
"reverencia","reverence","trust","0.286","-0.306","0.032","medio"
"reverenciar","revere","anticipation","0.5","0.124","0.216","medio"
"reverenciar","revere","joy","0.5","0.124","0.216","medio"
"reverenciar","revere","trust","0.5","0.124","0.216","medio"
"reverendo","reverend","joy","0.3","-0.326","0.152","medio"
"revocar","revoke","anger","-0.498","0.392","0.474","alto"
"revocar","revoke","disgust","-0.498","0.392","0.474","alto"
"revocar","revoke","fear","-0.498","0.392","0.474","alto"
"revocar","revoke","sadness","-0.498","0.392","0.474","alto"
"revolcarse por","wallow","disgust","-0.428","0.756","-0.018","alto"
"revolcarse por","wallow","sadness","-0.428","0.756","-0.018","alto"
"revoltoso","unruly","anger","-0.52","0.49","0.094","alto"
"revoltoso","unruly","disgust","-0.52","0.49","0.094","alto"
"revoltoso","unruly","fear","-0.52","0.49","0.094","alto"
"revolución","revolution","anger","-0.166","0.804","0.596","alto"
"revolución","revolution","anticipation","-0.166","0.804","0.596","alto"
"revolución","revolution","fear","-0.166","0.804","0.596","alto"
"revolución","revolution","sadness","-0.166","0.804","0.596","alto"
"revolución","revolution","surprise","-0.166","0.804","0.596","alto"
"revólver","revolver","anger","-0.612","0.592","0.5","alto"
"revólver","revolver","fear","-0.612","0.592","0.5","alto"
"revólver","revolver","sadness","-0.612","0.592","0.5","alto"
"revuelta","revolt","anger","-0.314","0.756","0.316","alto"
"revuelta","revolt","surprise","-0.314","0.756","0.316","alto"
"rezagado","lagging","anger","-0.73","0.076","-0.446","medio"
"rezagado","lagging","anticipation","-0.73","0.076","-0.446","medio"
"rezagado","lagging","disgust","-0.73","0.076","-0.446","medio"
"rezagado","lagging","sadness","-0.73","0.076","-0.446","medio"
"rezar","pray","anticipation","0.428","-0.746","0.254","bajo"
"rezar","pray","fear","0.428","-0.746","0.254","bajo"
"rezar","pray","joy","0.428","-0.746","0.254","bajo"
"rezar","pray","surprise","0.428","-0.746","0.254","bajo"
"rezar","pray","trust","0.428","-0.746","0.254","bajo"
"rezumar","ooze","disgust","-0.312","0.154","-0.334","medio"
"ridículo","ridiculous","anger","-0.682","0.188","-0.51","medio"
"ridículo","ridicule","anger","-0.714","0.49","-0.49","alto"
"ridículo","ridicule","disgust","-0.714","0.49","-0.49","alto"
"ridículo","ridiculous","disgust","-0.682","0.188","-0.51","medio"
"ridículo","ridicule","sadness","-0.714","0.49","-0.49","alto"
"riesgo","risk","anticipation","-0.315","0.632","-0.124","alto"
"riesgo","risk","fear","-0.315","0.632","-0.124","alto"
"rifa","raffle","anticipation","0.28","0.02","-0.092","medio"
"rifa","raffle","surprise","0.28","0.02","-0.092","medio"
"rifle","rifle","anger","-0.342","0.8","0.436","alto"
"rifle","rifle","fear","-0.342","0.8","0.436","alto"
"rígido","stark","trust","-0.34","0.26","0.154","medio"
"rigor","rigor","disgust","-0.25","0.49","0.426","alto"
"rigor","rigor","fear","-0.25","0.49","0.426","alto"
"riqueza","wealth","joy","0.714","0.274","0.716","medio"
"riqueza","wealth","trust","0.714","0.274","0.716","medio"
"risa","laugh","joy","0.96","0.278","0.174","medio"
"risa","laugh","surprise","0.96","0.278","0.174","medio"
"risilla","giggle","joy","0.438","0.236","-0.28","medio"
"risita","chuckle","anticipation","0.526","0.472","-0.038","alto"
"risita","chuckle","joy","0.526","0.472","-0.038","alto"
"risita","chuckle","surprise","0.526","0.472","-0.038","alto"
"risita","chuckle","trust","0.526","0.472","-0.038","alto"
"rítmico","rhythmical","joy","0.688","0.388","0.264","alto"
"rítmico","rhythmical","surprise","0.688","0.388","0.264","alto"
"rivalidad","rivalry","anger","-0.616","0.53","0.076","alto"
"robado","stolen","anger","-0.688","0.292","-0.384","medio"
"robando","stealing","disgust","-0.828","0.826","-0.09","alto"
"robando","stealing","fear","-0.828","0.826","-0.09","alto"
"robar","rob","anger","-0.776","0.68","0","alto"
"robar","steal","anger","-0.958","0.712","0.056","alto"
"robar","rob","disgust","-0.776","0.68","0","alto"
"robar","steal","fear","-0.958","0.712","0.056","alto"
"robar","rob","fear","-0.776","0.68","0","alto"
"robar","steal","sadness","-0.958","0.712","0.056","alto"
"robar","rob","sadness","-0.776","0.68","0","alto"
"robo","robbery","anger","-0.734","0.686","-0.13","alto"
"robo","theft","anger","-0.73","0.734","-0.212","alto"
"robo","theft","disgust","-0.73","0.734","-0.212","alto"
"robo","robbery","disgust","-0.734","0.686","-0.13","alto"
"robo","theft","fear","-0.73","0.734","-0.212","alto"
"robo","robbery","fear","-0.734","0.686","-0.13","alto"
"robo","theft","sadness","-0.73","0.734","-0.212","alto"
"robo","robbery","sadness","-0.734","0.686","-0.13","alto"
"rocín","nag","anger","-0.458","-0.098","-0.056","medio"
"rodear","surround","anticipation","0.084","0.246","0.254","medio"
"romance","romance","anticipation","0.96","0.364","0.174","alto"
"romance","romance","fear","0.96","0.364","0.174","alto"
"romance","romance","joy","0.96","0.364","0.174","alto"
"romance","romance","sadness","0.96","0.364","0.174","alto"
"romance","romance","surprise","0.96","0.364","0.174","alto"
"romance","romance","trust","0.96","0.364","0.174","alto"
"romanticismo","romanticism","joy","0.708","0.042","0.186","medio"
"romántico","romantic","anticipation","0.872","0.062","0.196","medio"
"romántico","romantic","joy","0.872","0.062","0.196","medio"
"romántico","romantic","trust","0.872","0.062","0.196","medio"
"romper","shatter","anger","-0.784","0.642","-0.072","alto"
"romper","shatter","fear","-0.784","0.642","-0.072","alto"
"romper","shatter","sadness","-0.784","0.642","-0.072","alto"
"romper","shatter","surprise","-0.784","0.642","-0.072","alto"
"rompió","broke","fear","-0.51","0.18","-0.26","medio"
"rompió","broke","sadness","-0.51","0.18","-0.26","medio"
"ronroneo","purr","joy","0.208","-0.08","-0.396","medio"
"ronroneo","purr","trust","0.208","-0.08","-0.396","medio"
"roto","broken","anger","-0.876","0","-0.414","medio"
"roto","broken","fear","-0.876","0","-0.414","medio"
"roto","broken","sadness","-0.876","0","-0.414","medio"
"ruda","rue","sadness","-0.354","-0.212","-0.508","medio"
"rueda de andar","treadmill","anticipation","-0.082","0.272","-0.128","medio"
"ruidoso","noisy","anger","-0.458","0.624","0.122","alto"
"ruin","dastardly","anger","-0.584","0.376","-0.46","alto"
"ruin","dastardly","disgust","-0.584","0.376","-0.46","alto"
"ruin","dastardly","fear","-0.584","0.376","-0.46","alto"
"ruina","ruin","fear","-0.75","0.176","-0.616","medio"
"ruina","ruin","sadness","-0.75","0.176","-0.616","medio"
"ruinoso","ruinous","anger","-0.49","0.38","-0.45","alto"
"ruinoso","ruinous","disgust","-0.49","0.38","-0.45","alto"
"ruinoso","ruinous","fear","-0.49","0.38","-0.45","alto"
"ruinoso","ruinous","sadness","-0.49","0.38","-0.45","alto"
"ruleta","roulette","anticipation","-0.348","0.38","-0.156","alto"
"rumor","rumor","sadness","-0.49","0.164","-0.436","medio"
"ruptura","disruption","anger","-0.53","0.47","-0.128","alto"
"ruptura","disruption","fear","-0.53","0.47","-0.128","alto"
"ruptura","rupture","fear","-0.75","0.266","-0.14","medio"
"ruptura","breakup","sadness","-0.5","0.44","-0.286","alto"
"ruptura","rupture","sadness","-0.75","0.266","-0.14","medio"
"ruptura","severance","sadness","-0.208","0.24","0.082","medio"
"ruptura","rupture","surprise","-0.75","0.266","-0.14","medio"
"ruptura","disruption","surprise","-0.53","0.47","-0.128","alto"
"rutina","routine","trust","-0.27","-0.448","-0.334","bajo"
"sabiduría","wisdom","trust","0.86","-0.396","0.742","bajo"
"sabio","sage","trust","0.562","-0.346","0.386","bajo"
"sable","saber","anger","0.102","0.24","0.106","medio"
"sable","saber","fear","0.102","0.24","0.106","medio"
"saborear","savor","anticipation","0.733","0.104","0.052","medio"
"saborear","savor","disgust","0.733","0.104","0.052","medio"
"saborear","savor","joy","0.733","0.104","0.052","medio"
"saborear","savor","sadness","0.733","0.104","0.052","medio"
"saborear","savor","trust","0.733","0.104","0.052","medio"
"sabotaje","sabotage","anger","-0.73","0.812","0","alto"
"sabotaje","sabotage","disgust","-0.73","0.812","0","alto"
"sabotaje","sabotage","fear","-0.73","0.812","0","alto"
"sabotaje","sabotage","sadness","-0.73","0.812","0","alto"
"sabotaje","sabotage","surprise","-0.73","0.812","0","alto"
"sacerdocio","priesthood","anticipation","0.244","-0.392","0.298","bajo"
"sacerdocio","priesthood","joy","0.244","-0.392","0.298","bajo"
"sacerdocio","priesthood","sadness","0.244","-0.392","0.298","bajo"
"sacerdocio","priesthood","trust","0.244","-0.392","0.298","bajo"
"sacerdote","priest","trust","0.122","-0.352","0.296","bajo"
"sacrificio","slaughter","anger","-0.948","0.953","0.963","alto"
"sacrificio","slaughter","disgust","-0.948","0.953","0.963","alto"
"sacrificio","slaughter","fear","-0.948","0.953","0.963","alto"
"sacrificio","slaughter","sadness","-0.948","0.953","0.963","alto"
"sacrificio","slaughter","surprise","-0.948","0.953","0.963","alto"
"sacrificios","sacrifices","disgust","-0.438","0.434","0.076","alto"
"sacrificios","sacrifices","fear","-0.438","0.434","0.076","alto"
"sacrificios","sacrifices","sadness","-0.438","0.434","0.076","alto"
"sacudida","shaking","fear","-0.45","0.698","-0.49","alto"
"sacudida","jolt","surprise","-0.27","0.416","-0.284","alto"
"Sagrada Escritura","scripture","trust","0.49","-0.46","0.26","bajo"
"salario","salary","anticipation","0.572","-0.04","0.304","medio"
"salario","salary","joy","0.572","-0.04","0.304","medio"
"salario","salary","trust","0.572","-0.04","0.304","medio"
"salarios","wages","joy","0.552","-0.12","0.24","medio"
"salida","sortie","fear","-0.02","-0.1","-0.378","medio"
"salida","sally","surprise","0.208","-0.22","-0.098","medio"
"salido","departed","sadness","-0.51","0.072","-0.218","medio"
"salir","depart","anticipation","-0.204","-0.04","-0.112","medio"
"salir","depart","sadness","-0.204","-0.04","-0.112","medio"
"saliva","saliva","anticipation","-0.572","-0.47","-0.528","bajo"
"salón","saloon","anger","0.26","-0.4","-0.272","bajo"
"salto","jump","joy","0.25","0.73","0.222","alto"
"saludable","salutary","joy","0.77","-0.28","0.372","medio"
"saludable","salutary","trust","0.77","-0.28","0.372","medio"
"saludo","salute","joy","0.666","0.084","0.362","medio"
"saludo","greeting","surprise","0.708","0.112","0.02","medio"
"saludos","respects","trust","0.68","-0.226","0.648","medio"
"salvación","salvation","anticipation","0.714","-0.04","0.521","medio"
"salvación","salvation","joy","0.714","-0.04","0.521","medio"
"salvación","salvation","trust","0.714","-0.04","0.521","medio"
"salvado","bran","disgust","0.376","-0.134","-0.034","medio"
"salvaguardia","safeguard","trust","0.572","0.248","0.4","medio"
"salvaje","savage","anger","-0.592","0.862","0.21","alto"
"salvaje","savage","fear","-0.592","0.862","0.21","alto"
"salvaje","wild","surprise","-0.376","0.844","0.5","alto"
"salvajismo","savagery","anger","-0.562","0.814","0.422","alto"
"salvajismo","savagery","fear","-0.562","0.814","0.422","alto"
"samurai","samurai","fear","0.124","0.472","0.676","alto"
"sanar","heal","joy","0.53","-0.51","0.112","bajo"
"sanar","heal","trust","0.53","-0.51","0.112","bajo"
"sangrado","bleeding","disgust","-0.73","0.634","-0.184","alto"
"sangrado","bleeding","fear","-0.73","0.634","-0.184","alto"
"sangrado","bleeding","sadness","-0.73","0.634","-0.184","alto"
"sangrar","indent","trust","-0.042","-0.308","-0.242","medio"
"sangre","gore","anger","-0.48","0.216","0.036","medio"
"sangre","gore","disgust","-0.48","0.216","0.036","medio"
"sangre","gore","fear","-0.48","0.216","0.036","medio"
"sangre","gore","sadness","-0.48","0.216","0.036","medio"
"sangriento","bloody","anger","-0.938","0.82","0.036","alto"
"sangriento","gory","anger","-0.72","0.75","-0.09","alto"
"sangriento","bloody","disgust","-0.938","0.82","0.036","alto"
"sangriento","gory","disgust","-0.72","0.75","-0.09","alto"
"sangriento","gory","fear","-0.72","0.75","-0.09","alto"
"sangriento","bloody","fear","-0.938","0.82","0.036","alto"
"sangriento","bloody","sadness","-0.938","0.82","0.036","alto"
"sangriento","gory","sadness","-0.72","0.75","-0.09","alto"
"sanguijuelas","leeches","disgust","-0.77","0.396","-0.41","alto"
"sanguijuelas","leeches","fear","-0.77","0.396","-0.41","alto"
"sanguinario","bloodthirsty","anger","-0.896","0.608","0.288","alto"
"sanguinario","bloodthirsty","disgust","-0.896","0.608","0.288","alto"
"sanguinario","bloodthirsty","fear","-0.896","0.608","0.288","alto"
"sano","healthful","joy","0.86","-0.37","0.538","bajo"
"sano","wholesome","trust","0.776","-0.154","0.508","medio"
"santidad","holiness","anticipation","0.72","-0.472","0.484","bajo"
"santidad","holiness","fear","0.72","-0.472","0.484","bajo"
"santidad","holiness","joy","0.72","-0.472","0.484","bajo"
"santidad","holiness","surprise","0.72","-0.472","0.484","bajo"
"santidad","holiness","trust","0.72","-0.472","0.484","bajo"
"santificación","sanctification","joy","0.54","-0.138","0.632","medio"
"santificación","sanctification","trust","0.54","-0.138","0.632","medio"
"santificar","sanctify","anticipation","0.346","-0.114","0.566","medio"
"santificar","sanctify","joy","0.346","-0.114","0.566","medio"
"santificar","sanctify","sadness","0.346","-0.114","0.566","medio"
"santificar","sanctify","surprise","0.346","-0.114","0.566","medio"
"santificar","sanctify","trust","0.346","-0.114","0.566","medio"
"santo","saintly","anticipation","0.73","-0.428","0.182","bajo"
"santo","saintly","joy","0.73","-0.428","0.182","bajo"
"santo","saintly","surprise","0.73","-0.428","0.182","bajo"
"santo","saintly","trust","0.73","-0.428","0.182","bajo"
"santuario","sanctuary","anticipation","0.726","-0.548","0.15","bajo"
"santuario","sanctuary","joy","0.726","-0.548","0.15","bajo"
"santuario","sanctuary","trust","0.726","-0.548","0.15","bajo"
"sapo","toad","disgust","-0.396","-0.096","-0.608","medio"
"saquear","plunder","anger","-0.75","0.788","0.148","alto"
"saquear","plunder","disgust","-0.75","0.788","0.148","alto"
"saquear","plunder","fear","-0.75","0.788","0.148","alto"
"saquear","plunder","sadness","-0.75","0.788","0.148","alto"
"saquear","plunder","surprise","-0.75","0.788","0.148","alto"
"sarampión","measles","disgust","-0.805","0.27","-0.156","medio"
"sarampión","measles","fear","-0.805","0.27","-0.156","medio"
"sarampión","measles","sadness","-0.805","0.27","-0.156","medio"
"sarcasmo","sarcasm","anger","-0.75","0.37","-0.308","alto"
"sarcasmo","sarcasm","disgust","-0.75","0.37","-0.308","alto"
"sarcasmo","sarcasm","sadness","-0.75","0.37","-0.308","alto"
"sarcoma","sarcoma","fear","-0.48","0.038","-0.196","medio"
"sarcoma","sarcoma","sadness","-0.48","0.038","-0.196","medio"
"sarna","mange","disgust","-0.378","0.116","-0.304","medio"
"sarna","mange","fear","-0.378","0.116","-0.304","medio"
"sarpullido","rash","disgust","-0.562","0.506","-0.018","alto"
"satánico","satanic","anger","-0.876","0.686","0.44","alto"
"satisfacer","gratify","joy","0.674","0.078","0.588","medio"
"satisfacer","gratify","surprise","0.674","0.078","0.588","medio"
"satisfecho","satisfied","joy","0.918","0.02","0.37","medio"
"saturado","saturated","disgust","-0.052","0.4","-0.116","alto"
"savia","sap","sadness","-0.06","-0.404","-0.484","bajo"
"secreción","secretion","disgust","-0.292","0.164","0.058","medio"
"secretar","secrete","disgust","-0.146","0.134","0.036","medio"
"secreto","secrecy","surprise","-0.412","0.098","-0.05","medio"
"secreto","secrecy","trust","-0.412","0.098","-0.05","medio"
"secreto","secret","trust","-0.042","0.16","0.018","medio"
"sectario","sectarian","anger","-0.574","0.44","0.163","alto"
"sectario","sectarian","fear","-0.574","0.44","0.163","alto"
"secuelas","aftermath","anger","-0.376","-0.102","-0.112","medio"
"secuelas","aftermath","disgust","-0.376","-0.102","-0.112","medio"
"secuelas","aftermath","fear","-0.376","-0.102","-0.112","medio"
"secuelas","aftermath","sadness","-0.376","-0.102","-0.112","medio"
"secuestrar","kidnap","anger","-0.936","0.846","0.07","alto"
"secuestrar","kidnap","fear","-0.936","0.846","0.07","alto"
"secuestrar","kidnap","sadness","-0.936","0.846","0.07","alto"
"secuestrar","kidnap","surprise","-0.936","0.846","0.07","alto"
"secuestro","abduction","fear","-0.876","0.917","-0.276","alto"
"secuestro","abduction","sadness","-0.876","0.917","-0.276","alto"
"secuestro","sequestration","sadness","-0.646","0.72","0","alto"
"secuestro","abduction","surprise","-0.876","0.917","-0.276","alto"
"secular","secular","anticipation","-0.025","-0.078","0.04","medio"
"secundario","supporting","trust","0.268","-0.02","0.528","medio"
"sed","thirst","anticipation","-0.404","0.038","-0.386","medio"
"sed","thirst","sadness","-0.404","0.038","-0.386","medio"
"sed","thirst","surprise","-0.404","0.038","-0.386","medio"
"sedición","sedition","anger","-0.346","0.114","0.182","medio"
"sedición","sedition","sadness","-0.346","0.114","0.182","medio"
"seducir","allure","anticipation","0.608","0.17","0.372","medio"
"seducir","allure","joy","0.608","0.17","0.372","medio"
"seducir","allure","surprise","0.608","0.17","0.372","medio"
"seductor","seductive","anticipation","0.542","0.642","0.334","alto"
"segregar","segregate","anger","-0.42","0.254","-0.12","medio"
"segregar","segregate","disgust","-0.42","0.254","-0.12","medio"
"segregar","segregate","sadness","-0.42","0.254","-0.12","medio"
"seguidor","supporter","joy","0.442","0.02","0.396","medio"
"seguidor","supporter","trust","0.442","0.02","0.396","medio"
"seguidor","follower","trust","0.292","-0.024","-0.078","medio"
"Seguir","continue","anticipation","0.26","-0.146","0.224","medio"
"Seguir","continue","trust","0.26","-0.146","0.224","medio"
"seguridades","reassurance","trust","0.75","-0.746","0.186","bajo"
"seguro","safe","joy","0.796","-0.388","0.518","bajo"
"seguro","assured","trust","0.756","-0.346","0.508","bajo"
"seguro","safe","trust","0.796","-0.388","0.518","bajo"
"sello","seal","trust","-0.02","-0.564","0.036","bajo"
"selva","jungle","fear","0","0.02","-0.038","medio"
"senado","senate","trust","-0.02","-0.302","0.672","medio"
"senil","senile","fear","-0.44","-0.578","-0.39","bajo"
"senil","senile","sadness","-0.44","-0.578","-0.39","bajo"
"sensacional","sensational","joy","0.876","0.654","0.716","alto"
"sensibilidad","tenderness","joy","0.898","-0.448","-0.266","bajo"
"sensible","responsive","anticipation","0.632","0.138","0.146","medio"
"sensible","responsive","trust","0.632","0.138","0.146","medio"
"sensual","sensual","anticipation","0.46","0.58","0.284","alto"
"sensual","sensual","joy","0.46","0.58","0.284","alto"
"sensual","sensuous","joy","0.708","0.596","0.25","alto"
"sensual","sensual","surprise","0.46","0.58","0.284","alto"
"sensual","sensual","trust","0.46","0.58","0.284","alto"
"sensualidad","sensuality","anticipation","0.688","0.68","0.264","alto"
"sensualidad","sensuality","joy","0.688","0.68","0.264","alto"
"sentido","heartfelt","joy","0.808","-0.12","0.08","medio"
"sentido","heartfelt","sadness","0.808","-0.12","0.08","medio"
"sentido","heartfelt","trust","0.808","-0.12","0.08","medio"
"sentimiento","feeling","anger","0.612","-0.342","0.062","bajo"
"sentimiento","feeling","anticipation","0.612","-0.342","0.062","bajo"
"sentimiento","feeling","disgust","0.612","-0.342","0.062","bajo"
"sentimiento","feeling","fear","0.612","-0.342","0.062","bajo"
"sentimiento","feeling","joy","0.612","-0.342","0.062","bajo"
"sentimiento","feeling","sadness","0.612","-0.342","0.062","bajo"
"sentimiento","feeling","surprise","0.612","-0.342","0.062","bajo"
"sentimiento","feeling","trust","0.612","-0.342","0.062","bajo"
"señal","cue","anticipation","0.042","-0.134","-0.032","medio"
"señor","sir","trust","0.244","-0.388","0.556","bajo"
"señuelo","decoy","surprise","-0.702","-0.08","-0.34","medio"
"separatista","separatist","anger","-0.51","0.254","0.074","medio"
"separatista","separatist","disgust","-0.51","0.254","0.074","medio"
"septicemia","sepsis","fear","-0.542","-0.096","-0.346","medio"
"septicemia","sepsis","sadness","-0.542","-0.096","-0.346","medio"
"séptico","septic","disgust","-0.438","-0.076","-0.15","medio"
"serenidad","serenity","anticipation","0.8","-0.878","0.114","bajo"
"serenidad","serenity","joy","0.8","-0.878","0.114","bajo"
"serenidad","serenity","trust","0.8","-0.878","0.114","bajo"
"sereno","serene","trust","0.604","-0.736","-0.26","bajo"
"sereno","watchman","trust","0.02","0.018","0.666","medio"
"serie","series","trust","0.244","-0.138","-0.16","medio"
"sermón","sermon","trust","-0.166","0.014","0.23","medio"
"serpiente","snake","disgust","-0.448","0.5","0.098","alto"
"serpiente","serpent","disgust","-0.77","0.392","0.358","alto"
"serpiente","serpent","fear","-0.77","0.392","0.358","alto"
"serpiente","snake","fear","-0.448","0.5","0.098","alto"
"servicial","obliging","anger","0.48","-0.196","0.09","medio"
"servicial","obliging","anticipation","0.48","-0.196","0.09","medio"
"servicial","obliging","disgust","0.48","-0.196","0.09","medio"
"servicial","obliging","fear","0.48","-0.196","0.09","medio"
"servicial","obliging","joy","0.48","-0.196","0.09","medio"
"servicial","obliging","surprise","0.48","-0.196","0.09","medio"
"servicial","obliging","trust","0.48","-0.196","0.09","medio"
"servidor","servant","trust","-0.32","-0.184","-0.338","medio"
"servil","servile","disgust","-0.122","-0.346","-0.17","bajo"
"servil","servile","fear","-0.122","-0.346","-0.17","bajo"
"servil","servile","sadness","-0.122","-0.346","-0.17","bajo"
"servilleta","napkin","sadness","-0.062","-0.716","-0.582","bajo"
"sesgado","skewed","anger","-0.32","-0.04","-0.278","medio"
"sesgado","skewed","anticipation","-0.32","-0.04","-0.278","medio"
"severo","grim","anger","-0.38","-0.034","-0.404","medio"
"severo","grim","anticipation","-0.38","-0.034","-0.404","medio"
"severo","grim","disgust","-0.38","-0.034","-0.404","medio"
"severo","grim","fear","-0.38","-0.034","-0.404","medio"
"severo","grim","sadness","-0.38","-0.034","-0.404","medio"
"sexo","sex","anticipation","0.606","0.878","0.408","alto"
"sexo","sex","joy","0.606","0.878","0.408","alto"
"sexo","sex","trust","0.606","0.878","0.408","alto"
"siesta","nap","joy","0.32","-0.872","-0.444","bajo"
"sigilo","stealth","surprise","0.04","-0.46","-0.096","bajo"
"significar","signify","anticipation","-0.094","-0.156","0.268","medio"
"silbido","hiss","anger","-0.224","-0.04","-0.26","medio"
"silbido","hiss","fear","-0.224","-0.04","-0.26","medio"
"simetría","symmetry","joy","0.208","-0.452","0","bajo"
"simetría","symmetry","trust","0.208","-0.452","0","bajo"
"simpático","sympathetic","fear","0.592","-0.132","0.218","medio"
"simpático","sympathetic","joy","0.592","-0.132","0.218","medio"
"simpático","sympathetic","sadness","0.592","-0.132","0.218","medio"
"simpático","sympathetic","trust","0.592","-0.132","0.218","medio"
"simplificar","simplify","anticipation","0.13","-0.306","0.204","medio"
"simplificar","simplify","joy","0.13","-0.306","0.204","medio"
"simplificar","simplify","surprise","0.13","-0.306","0.204","medio"
"simplificar","simplify","trust","0.13","-0.306","0.204","medio"
"sin alguna duda","undoubted","anticipation","0.184","-0.078","0.48","medio"
"sin alguna duda","undoubted","disgust","0.184","-0.078","0.48","medio"
"sin defensa","unguarded","surprise","-0.688","0.156","-0.59","medio"
"sin descubrir","undiscovered","surprise","-0.124","-0.306","-0.478","medio"
"sin fin","endless","anger","-0.306","-0.076","-0.056","medio"
"sin fin","endless","fear","-0.306","-0.076","-0.056","medio"
"sin fin","endless","joy","-0.306","-0.076","-0.056","medio"
"sin fin","endless","sadness","-0.306","-0.076","-0.056","medio"
"sin fin","endless","trust","-0.306","-0.076","-0.056","medio"
"sin fondo","bottomless","fear","-0.38","-0.06","-0.264","medio"
"sin importancia","unimportant","sadness","-0.438","-0.52","-0.65","bajo"
"sin nombre","nameless","disgust","-0.312","-0.44","-0.672","bajo"
"sin precedentes","unprecedented","surprise","0","-0.018","0.316","medio"
"sin querer","unintentionally","surprise","-0.08","-0.02","-0.428","medio"
"sin restricciones","unconstrained","joy","0.306","0.28","0.27","medio"
"sin sentido","senseless","anger","-0.75","-0.224","-0.728","medio"
"sin sentido","senseless","disgust","-0.75","-0.224","-0.728","medio"
"sin sentido","senseless","fear","-0.75","-0.224","-0.728","medio"
"sin sentido","meaningless","sadness","-0.688","-0.372","-0.714","bajo"
"sin sentido","senseless","sadness","-0.75","-0.224","-0.728","medio"
"sin sentido","senseless","surprise","-0.75","-0.224","-0.728","medio"
"sin valor","worthless","anger","-0.834","-0.16","-0.694","medio"
"sin valor","worthless","disgust","-0.834","-0.16","-0.694","medio"
"sin valor","worthless","sadness","-0.834","-0.16","-0.694","medio"
"sin vida","lifeless","fear","-0.916","-0.334","-0.674","bajo"
"sin vida","lifeless","sadness","-0.916","-0.334","-0.674","bajo"
"sinceramente","heartily","joy","0.854","0.062","0.328","medio"
"sincero","candid","anticipation","0.334","-0.302","-0.084","medio"
"sincero","candid","joy","0.334","-0.302","-0.084","medio"
"sincero","candid","surprise","0.334","-0.302","-0.084","medio"
"sincero","candid","trust","0.334","-0.302","-0.084","medio"
"sincero","sincere","trust","0.836","-0.47","0.45","bajo"
"síncope","syncope","fear","-0.51","0.076","-0.204","medio"
"síncope","syncope","sadness","-0.51","0.076","-0.204","medio"
"síncope","syncope","surprise","-0.51","0.076","-0.204","medio"
"sincronizar","synchronize","anticipation","0.562","-0.278","0.308","medio"
"sincronizar","synchronize","joy","0.562","-0.278","0.308","medio"
"sincronizar","synchronize","surprise","0.562","-0.278","0.308","medio"
"sincronizar","synchronize","trust","0.562","-0.278","0.308","medio"
"sinérgico","synergistic","trust","0.142","0.1","0.094","medio"
"sinfonía","symphony","anticipation","0.53","-0.02","0.2","medio"
"sinfonía","symphony","joy","0.53","-0.02","0.2","medio"
"siniestro","sinister","anger","-0.75","0.792","0.162","alto"
"siniestro","sinister","disgust","-0.75","0.792","0.162","alto"
"siniestro","sinister","fear","-0.75","0.792","0.162","alto"
"sínodo","synod","trust","-0.062","-0.246","0.148","medio"
"sinónimo","synonymous","fear","-0.04","-0.354","-0.2","bajo"
"sinónimo","synonymous","trust","-0.04","-0.354","-0.2","bajo"
"sinvergüenza","scoundrel","anger","-0.812","0.48","-0.176","alto"
"sinvergüenza","scoundrel","disgust","-0.812","0.48","-0.176","alto"
"sinvergüenza","scoundrel","fear","-0.812","0.48","-0.176","alto"
"sinvergüenza","scoundrel","trust","-0.812","0.48","-0.176","alto"
"sirena","siren","fear","0.14","0.254","0","medio"
"sistema","system","trust","0.23","-0.308","0.528","medio"
"situación","plight","anticipation","-0.1","0.04","0.094","medio"
"situación","plight","disgust","-0.1","0.04","0.094","medio"
"situación","plight","fear","-0.1","0.04","0.094","medio"
"situación","plight","sadness","-0.1","0.04","0.094","medio"
"Smo","saint","anticipation","0.624","-0.52","0.386","bajo"
"Smo","saint","joy","0.624","-0.52","0.386","bajo"
"Smo","saint","surprise","0.624","-0.52","0.386","bajo"
"Smo","saint","trust","0.624","-0.52","0.386","bajo"
"soberano","sovereign","trust","0.396","0","0.77","medio"
"soborno","bribery","disgust","-0.73","0.55","0.17","alto"
"sobrecarga","overload","sadness","-0.238","0.38","0.304","alto"
"sobreestimar","overestimate","surprise","-0.266","0.592","-0.112","alto"
"sobresaliente","outstanding","joy","0.796","0.52","0.792","alto"
"sobresalir","excel","anticipation","0.122","-0.274","-0.068","medio"
"sobresalir","excel","joy","0.122","-0.274","-0.068","medio"
"sobresalir","excel","surprise","0.122","-0.274","-0.068","medio"
"sobresalir","excel","trust","0.122","-0.274","-0.068","medio"
"sobretensión","surge","surprise","-0.102","0.368","0","alto"
"sobriedad","sobriety","trust","0.36","-0.38","0.166","bajo"
"socialismo","socialism","disgust","0.02","0","0.12","medio"
"socialismo","socialism","fear","0.02","0","0.12","medio"
"socialista","socialist","anger","-0.104","-0.2","0.086","medio"
"socialista","socialist","disgust","-0.104","-0.2","0.086","medio"
"socialista","socialist","fear","-0.104","-0.2","0.086","medio"
"socialista","socialist","sadness","-0.104","-0.2","0.086","medio"
"sofá","couch","sadness","0.188","-0.836","-0.336","bajo"
"sofocado","stifled","anger","-0.542","0.462","-0.614","alto"
"sofocado","stifled","fear","-0.542","0.462","-0.614","alto"
"sofocado","stifled","sadness","-0.542","0.462","-0.614","alto"
"sofocante","suffocating","disgust","-0.734","0.548","-0.142","alto"
"sofocante","suffocating","fear","-0.734","0.548","-0.142","alto"
"sofocante","suffocating","sadness","-0.734","0.548","-0.142","alto"
"sol","sun","anticipation","0.754","-0.2","0.362","medio"
"sol","sun","joy","0.754","-0.2","0.362","medio"
"sol","sun","surprise","0.754","-0.2","0.362","medio"
"sol","sun","trust","0.754","-0.2","0.362","medio"
"soldado","soldier","anger","-0.216","0.416","0.536","alto"
"soldado","soldier","sadness","-0.216","0.416","0.536","alto"
"soleado","sunny","anticipation","0.48","-0.304","0.055","medio"
"soleado","sunny","joy","0.48","-0.304","0.055","medio"
"soleado","sunny","surprise","0.48","-0.304","0.055","medio"
"soledad","desolation","fear","-0.854","-0.038","-0.454","medio"
"soledad","loneliness","fear","-0.708","-0.636","-0.556","bajo"
"soledad","desolation","sadness","-0.854","-0.038","-0.454","medio"
"soledad","loneliness","sadness","-0.708","-0.636","-0.556","bajo"
"solicitante","applicant","anticipation","0.224","0.116","0.376","medio"
"solidaridad","solidarity","trust","0.584","-0.186","0.562","medio"
"solidez","solidity","trust","0.49","-0.112","0.7","medio"
"solitaria","lonely","anger","-0.5","-0.548","-0.524","bajo"
"solitaria","lonely","disgust","-0.5","-0.548","-0.524","bajo"
"solitaria","lonely","fear","-0.5","-0.548","-0.524","bajo"
"solitaria","lonely","sadness","-0.5","-0.548","-0.524","bajo"
"solitario","lone","sadness","-0.604","-0.592","-0.266","bajo"
"solitario","lonesome","sadness","-0.438","-0.574","-0.328","bajo"
"sollozo","sob","sadness","-0.77","-0.04","-0.576","medio"
"solterona","spinster","fear","-0.286","-0.264","-0.31","medio"
"solterona","spinster","sadness","-0.286","-0.264","-0.31","medio"
"solvencia","soundness","anticipation","0.56","-0.246","0.786","medio"
"solvencia","soundness","joy","0.56","-0.246","0.786","medio"
"solvencia","soundness","trust","0.56","-0.246","0.786","medio"
"somático","somatic","surprise","-0.124","-0.188","-0.112","medio"
"sombreado","shady","fear","-0.354","0.018","-0.25","medio"
"sombrío","gloomy","sadness","-0.786","-0.18","-0.426","medio"
"sombrío","somber","sadness","-0.632","-0.182","-0.24","medio"
"sombrío","glum","sadness","-0.512","-0.326","-0.754","medio"
"sometido","subjected","sadness","-0.428","0.04","-0.558","medio"
"somorgujo","loon","disgust","-0.142","-0.216","-0.35","medio"
"sonar","sonar","anticipation","0.082","-0.04","-0.172","medio"
"soneto","sonnet","joy","0.436","-0.412","-0.192","bajo"
"soneto","sonnet","sadness","0.436","-0.412","-0.192","bajo"
"sonoro","sonorous","joy","0.292","0.16","-0.116","medio"
"sonreír","smile","joy","0.812","0.196","0.236","medio"
"sonreír","smile","surprise","0.812","0.196","0.236","medio"
"sonreír","smile","trust","0.812","0.196","0.236","medio"
"sonriente","smiling","joy","0.962","0.155","0.286","medio"
"sonrisa","grin","anticipation","0.77","0.14","-0.018","medio"
"sonrisa","grin","joy","0.77","0.14","-0.018","medio"
"sonrisa","grin","surprise","0.77","0.14","-0.018","medio"
"sonrisa","grin","trust","0.77","0.14","-0.018","medio"
"sórdido","sordid","anger","-0.562","0.11","-0.106","medio"
"sórdido","sordid","disgust","-0.562","0.11","-0.106","medio"
"sórdido","sordid","fear","-0.562","0.11","-0.106","medio"
"sórdido","sordid","sadness","-0.562","0.11","-0.106","medio"
"sorprendente","surprising","surprise","0.776","0.58","0.384","alto"
"sorprendido","surprised","surprise","0.568","0.71","0.078","alto"
"sorpresa","surprise","fear","0.75","0.75","0.124","alto"
"sorpresa","surprise","joy","0.75","0.75","0.124","alto"
"sorpresa","surprise","surprise","0.75","0.75","0.124","alto"
"sospecha","suspicion","fear","-0.592","0.422","-0.246","alto"
"sospechar","suspect","fear","-0.734","0.5","0.018","alto"
"sospechoso","suspicious","anger","-0.694","0.49","-0.138","alto"
"sospechoso","suspicious","anticipation","-0.694","0.49","-0.138","alto"
"sospechoso","leery","surprise","-0.326","0.28","-0.18","medio"
"spa","spa","anticipation","0.244","-0.698","-0.228","bajo"
"spa","spa","joy","0.244","-0.698","-0.228","bajo"
"spa","spa","surprise","0.244","-0.698","-0.228","bajo"
"spa","spa","trust","0.244","-0.698","-0.228","bajo"
"spaniel","spaniel","joy","0.122","-0.13","-0.23","medio"
"spaniel","spaniel","trust","0.122","-0.13","-0.23","medio"
"subasta","auction","anticipation","0.188","0.404","0.038","alto"
"subestimar","underestimate","surprise","-0.174","-0.072","-0.614","medio"
"súbito","subito","surprise","-0.256","0.254","0.154","medio"
"sublimación","sublimation","joy","0.02","-0.22","0.076","medio"
"subordinar","subordinate","fear","-0.448","-0.216","-0.758","medio"
"subsiguiente","succeeding","anticipation","0.734","0.51","0.698","alto"
"subsiguiente","succeeding","joy","0.734","0.51","0.698","alto"
"subsiguiente","succeeding","trust","0.734","0.51","0.698","alto"
"subvención","subsidy","anger","0.146","-0.076","0.034","medio"
"subvención","subsidy","disgust","0.146","-0.076","0.034","medio"
"subversión","subversion","anger","-0.306","0.216","-0.17","medio"
"subversión","subversion","fear","-0.306","0.216","-0.17","medio"
"subversivo","subversive","anger","-0.604","0.53","0","alto"
"subversivo","subversive","surprise","-0.604","0.53","0","alto"
"subvertir","subvert","disgust","-0.286","0.114","0.072","medio"
"subvertir","subvert","fear","-0.286","0.114","0.072","medio"
"subvertir","subvert","sadness","-0.286","0.114","0.072","medio"
"subyugación","subjugation","anger","-0.44","0.22","-0.246","medio"
"subyugación","subjugation","disgust","-0.44","0.22","-0.246","medio"
"subyugación","subjugation","fear","-0.44","0.22","-0.246","medio"
"subyugación","subjugation","sadness","-0.44","0.22","-0.246","medio"
"suceder","happen","anticipation","0.354","0.34","0.102","alto"
"suciedad","dirt","disgust","-0.776","0","-0.528","medio"
"sucio","filthy","disgust","-0.77","0.428","-0.358","alto"
"sucio","dirty","disgust","-0.694","-0.08","-0.66","medio"
"sucio","unwashed","disgust","-0.27","-0.146","-0.28","medio"
"sucio","soiled","disgust","-0.788","0.058","-0.574","medio"
"sudario","shroud","sadness","-0.166","-0.086","-0.222","medio"
"sudor","sweat","fear","-0.224","0.158","-0.406","medio"
"suelo","soil","disgust","-0.3","-0.64","-0.288","bajo"
"suerte","luck","anticipation","0.708","-0.02","0.434","medio"
"suerte","luck","joy","0.708","-0.02","0.434","medio"
"suerte","luck","surprise","0.708","-0.02","0.434","medio"
"sufrimiento","suffering","disgust","-0.96","0.438","-0.53","alto"
"sufrimiento","suffering","fear","-0.96","0.438","-0.53","alto"
"sufrimiento","suffering","sadness","-0.96","0.438","-0.53","alto"
"sugerir","suggest","trust","0.146","-0.058","0.034","medio"
"suicida","suicidal","anger","-0.979","0.701","-1","alto"
"suicida","suicidal","disgust","-0.979","0.701","-1","alto"
"suicida","suicidal","fear","-0.979","0.701","-1","alto"
"suicida","suicidal","sadness","-0.979","0.701","-1","alto"
"suicidio","suicide","anger","-0.94","0.746","-0.142","alto"
"suicidio","suicide","fear","-0.94","0.746","-0.142","alto"
"suicidio","suicide","sadness","-0.94","0.746","-0.142","alto"
"sultán","sultan","fear","0.058","-0.154","0.642","medio"
"sumador","adder","anger","-0.224","-0.078","0.176","medio"
"sumador","adder","disgust","-0.224","-0.078","0.176","medio"
"sumador","adder","fear","-0.224","-0.078","0.176","medio"
"sumador","adder","sadness","-0.224","-0.078","0.176","medio"
"sumergir","engulf","anticipation","-0.204","0.146","0","medio"
"sumergirse","immerse","anticipation","0.02","0.154","0.018","medio"
"sumergirse","immerse","fear","0.02","0.154","0.018","medio"
"sumergirse","immerse","joy","0.02","0.154","0.018","medio"
"sumergirse","immerse","surprise","0.02","0.154","0.018","medio"
"sumergirse","immerse","trust","0.02","0.154","0.018","medio"
"sumidero","sump","disgust","-0.27","-0.098","-0.32","medio"
"superar","exceed","anticipation","0","0.654","0.172","alto"
"superar","exceed","joy","0","0.654","0.172","alto"
"superestrella","superstar","joy","0.77","0.72","0.76","alto"
"superestrella","superstar","trust","0.77","0.72","0.76","alto"
"superhombre","superman","joy","0.89","0.588","0.858","alto"
"superhombre","superman","trust","0.89","0.588","0.858","alto"
"superstición","superstition","fear","-0.646","0.28","-0.164","medio"
"supersticioso","superstitious","anticipation","-0.438","0.09","0.028","medio"
"supersticioso","superstitious","fear","-0.438","0.09","0.028","medio"
"súplica","supplication","trust","-0.062","0.14","-0.382","medio"
"suponer","expect","anticipation","-0.062","-0.346","-0.246","bajo"
"suponer","expect","surprise","-0.062","-0.346","-0.246","bajo"
"suponer","expect","trust","-0.062","-0.346","-0.246","bajo"
"supremacía","supremacy","anger","0.588","0.412","0.886","alto"
"supremacía","supremacy","anticipation","0.588","0.412","0.886","alto"
"supremacía","supremacy","fear","0.588","0.412","0.886","alto"
"supremacía","supremacy","joy","0.588","0.412","0.886","alto"
"supremacía","supremacy","surprise","0.588","0.412","0.886","alto"
"supremacía","supremacy","trust","0.588","0.412","0.886","alto"
"supresión","suppression","anger","-0.466","0.082","0.074","medio"
"supresión","suppression","disgust","-0.466","0.082","0.074","medio"
"supresión","suppression","fear","-0.466","0.082","0.074","medio"
"surco","furrow","sadness","-0.184","-0.16","-0.31","medio"
"suscribir","subscribe","anticipation","0.32","-0.312","0.182","medio"
"suscribir","underwrite","trust","-0.168","0.04","-0.154","medio"
"suspensión","suspension","fear","-0.424","0.06","-0.148","medio"
"suspenso","suspense","anticipation","-0.428","0.55","-0.196","alto"
"suspenso","suspense","fear","-0.428","0.55","-0.196","alto"
"suspenso","suspense","surprise","-0.428","0.55","-0.196","alto"
"Suspiro","huff","anger","-0.224","-0.018","-0.37","medio"
"Suspiro","huff","disgust","-0.224","-0.018","-0.37","medio"
"sustituto","surrogate","trust","-0.188","0.18","-0.056","medio"
"susto","scare","anger","-0.756","0.82","-0.472","alto"
"susto","scare","anticipation","-0.756","0.82","-0.472","alto"
"susto","fright","fear","-0.646","0.632","-0.618","alto"
"susto","scare","fear","-0.756","0.82","-0.472","alto"
"susto","fright","surprise","-0.646","0.632","-0.618","alto"
"susto","scare","surprise","-0.756","0.82","-0.472","alto"
"tabú","taboo","disgust","-0.604","0.588","-0.036","alto"
"tabú","taboo","fear","-0.604","0.588","-0.036","alto"
"tabular","tabulate","anticipation","-0.04","-0.194","0.196","medio"
"taburetes","stools","disgust","-0.082","-0.236","-0.346","medio"
"tacaño","stingy","anger","-0.812","0.096","-0.434","medio"
"tacaño","stingy","disgust","-0.812","0.096","-0.434","medio"
"tacaño","stingy","fear","-0.812","0.096","-0.434","medio"
"tacaño","stingy","sadness","-0.812","0.096","-0.434","medio"
"táctica","tactics","fear","0.166","0.352","0.548","alto"
"táctica","tactics","trust","0.166","0.352","0.548","alto"
"tajo","gash","fear","-0.142","0.12","-0.188","medio"
"tal vez","perchance","surprise","-0.04","-0.552","-0.404","bajo"
"tambalear","stagger","surprise","0.062","0.24","-0.084","medio"
"tamborileo","patter","anger","-0.376","0.27","-0.098","medio"
"tándem","tandem","trust","0.104","-0.188","-0.03","medio"
"tarde","late","sadness","-0.51","-0.284","-0.37","medio"
"tareas para el hogar","homework","fear","-0.208","-0.176","-0.082","medio"
"tarifa","fee","anger","-0.292","-0.228","0.112","medio"
"tazón","mug","anger","0.084","-0.572","-0.236","bajo"
"tazón","mug","fear","0.084","-0.572","-0.236","bajo"
"tazón","mug","sadness","0.084","-0.572","-0.236","bajo"
"teatro","playhouse","joy","0.438","0.458","-0.148","alto"
"tedioso","dull","sadness","-0.612","-0.76","-0.63","bajo"
"teísmo","theism","disgust","-0.08","-0.138","-0.038","medio"
"tejón","badger","anger","-0.312","-0.142","-0.286","medio"
"telar","loom","anticipation","0.062","-0.51","-0.35","bajo"
"telar","loom","fear","0.062","-0.51","-0.35","bajo"
"tembladera","scrapie","anger","-0.388","0.412","-0.538","alto"
"tembladera","scrapie","fear","-0.388","0.412","-0.538","alto"
"tembladera","scrapie","sadness","-0.388","0.412","-0.538","alto"
"temblar","shiver","anger","-0.48","0.53","-0.528","alto"
"temblar","shiver","anticipation","-0.48","0.53","-0.528","alto"
"temblar","shiver","fear","-0.48","0.53","-0.528","alto"
"temblar","shiver","sadness","-0.48","0.53","-0.528","alto"
"temblor","tremor","anger","-0.792","0.666","-0.09","alto"
"temblor","tremor","anticipation","-0.792","0.666","-0.09","alto"
"temblor","quivering","fear","-0.186","0.552","-0.316","alto"
"temblor","tremor","fear","-0.792","0.666","-0.09","alto"
"temblor","trembling","fear","-0.646","0.786","-0.352","alto"
"temblor","tremor","sadness","-0.792","0.666","-0.09","alto"
"tembloroso","shaky","anger","-0.48","0.468","-0.554","alto"
"tembloroso","shaky","anticipation","-0.48","0.468","-0.554","alto"
"tembloroso","shaky","fear","-0.48","0.468","-0.554","alto"
"temeroso","fearful","fear","-0.834","-0.036","-0.444","medio"
"temeroso","fearful","sadness","-0.834","-0.036","-0.444","medio"
"temiendo","fearing","fear","-0.75","0.132","-0.488","medio"
"temperamental","moody","anger","-0.51","0.622","0.19","alto"
"temperamental","moody","sadness","-0.51","0.622","0.19","alto"
"tempestad","tempest","anger","-0.51","0.686","0.306","alto"
"tempestad","tempest","anticipation","-0.51","0.686","0.306","alto"
"tempestad","tempest","fear","-0.51","0.686","0.306","alto"
"tempestad","tempest","sadness","-0.51","0.686","0.306","alto"
"tempestad","tempest","surprise","-0.51","0.686","0.306","alto"
"templado","temperate","trust","-0.062","-0.212","0.186","medio"
"tenacidad","toughness","anger","0.104","0.236","0.674","medio"
"tenacidad","toughness","fear","0.104","0.236","0.674","medio"
"tenacidad","toughness","trust","0.104","0.236","0.674","medio"
"tendero","shopkeeper","trust","0.354","0.02","0.46","medio"
"tendón de la corva","hamstring","anger","-0.188","-0.058","-0.114","medio"
"tendón de la corva","hamstring","sadness","-0.188","-0.058","-0.114","medio"
"tener cuidado","beware","anticipation","-0.698","0.192","0.036","medio"
"tener cuidado","beware","fear","-0.698","0.192","0.036","medio"
"tener puesto","wear","trust","-0.376","-0.26","-0.49","medio"
"tener suerte","hap","anticipation","0.006","-0.138","-0.094","medio"
"tener suerte","hap","surprise","0.006","-0.138","-0.094","medio"
"teniente","lieutenant","trust","0.188","0.224","0.84","medio"
"tensión","tension","anger","-0.392","0.62","0.058","alto"
"tenso","strained","anger","-0.756","0.312","0.16","medio"
"tenso","fraught","fear","-0.468","0.324","0.192","medio"
"tenso","fraught","sadness","-0.468","0.324","0.192","medio"
"tentador","tantalizing","anticipation","0.05","0.576","0.25","alto"
"tentador","tantalizing","joy","0.05","0.576","0.25","alto"
"tentador","tantalizing","surprise","0.05","0.576","0.25","alto"
"teocrático","theocratic","anger","-0.24","-0.04","0.21","medio"
"teocrático","theocratic","fear","-0.24","-0.04","0.21","medio"
"teocrático","theocratic","sadness","-0.24","-0.04","0.21","medio"
"teocrático","theocratic","trust","-0.24","-0.04","0.21","medio"
"teología","theology","anticipation","-0.104","-0.34","0.422","bajo"
"teológico","theological","trust","-0.04","-0.274","0.366","medio"
"teorema","theorem","trust","0","-0.408","0.23","bajo"
"teoría","theory","anticipation","0.166","-0.372","0.058","bajo"
"teoría","theory","trust","0.166","-0.372","0.058","bajo"
"terapéutico","therapeutic","joy","0.25","-0.45","0.36","bajo"
"terapéutico","therapeutic","trust","0.25","-0.45","0.36","bajo"
"terco","cussed","anger","-0.688","0.25","-0.092","medio"
"tergiversación","misrepresentation","sadness","-0.354","0.236","0.036","medio"
"tergiversado","misrepresented","anger","-0.916","0.038","-0.068","medio"
"terminación","completion","anticipation","0.312","-0.06","0.05","medio"
"terminación","completion","joy","0.312","-0.06","0.05","medio"
"terminación","termination","sadness","-0.312","-0.056","0.09","medio"
"Terminal","terminal","fear","-0.368","-0.132","-0.034","medio"
"Terminal","terminal","sadness","-0.368","-0.132","-0.034","medio"
"Terminar","terminate","sadness","-0.658","-0.18","-0.118","medio"
"termita","termite","disgust","-0.47","-0.04","-0.184","medio"
"termómetro","thermometer","trust","-0.2","-0.346","-0.054","bajo"
"ternera","veal","sadness","-0.124","-0.326","-0.18","medio"
"ternera","veal","trust","-0.124","-0.326","-0.18","medio"
"terremoto","earthquake","anger","-0.854","0.86","0.624","alto"
"terremoto","earthquake","fear","-0.854","0.86","0.624","alto"
"terremoto","quake","fear","-0.78","0.648","0.344","alto"
"terremoto","earthquake","sadness","-0.854","0.86","0.624","alto"
"terremoto","earthquake","surprise","-0.854","0.86","0.624","alto"
"terrestre","ground","trust","-0.204","-0.314","0.204","medio"
"terrible","dreadful","anger","-0.816","0.572","-0.304","alto"
"terrible","dreadful","anticipation","-0.816","0.572","-0.304","alto"
"terrible","dire","disgust","-0.572","0.32","-0.482","medio"
"terrible","dreadful","disgust","-0.816","0.572","-0.304","alto"
"terrible","dire","fear","-0.572","0.32","-0.482","medio"
"terrible","dreadful","fear","-0.816","0.572","-0.304","alto"
"terrible","splitting","sadness","-0.624","0.196","-0.25","medio"
"terrible","dire","sadness","-0.572","0.32","-0.482","medio"
"terrible","dreadful","sadness","-0.816","0.572","-0.304","alto"
"terrible","dire","surprise","-0.572","0.32","-0.482","medio"
"terriblemente","terribly","sadness","-0.878","0.462","-0.14","alto"
"terror","terror","fear","-0.862","0.804","-0.17","alto"
"terrorismo","terrorism","anger","-0.88","1","0.251","alto"
"terrorismo","terrorism","disgust","-0.88","1","0.251","alto"
"terrorismo","terrorism","fear","-0.88","1","0.251","alto"
"terrorismo","terrorism","sadness","-0.88","1","0.251","alto"
"terrorista","terrorist","anger","-0.981","0.86","0.162","alto"
"terrorista","terrorist","disgust","-0.981","0.86","0.162","alto"
"terrorista","terrorist","fear","-0.981","0.86","0.162","alto"
"terrorista","terrorist","sadness","-0.981","0.86","0.162","alto"
"terrorista","terrorist","surprise","-0.981","0.86","0.162","alto"
"tesorero","treasurer","trust","0.388","-0.088","0.51","medio"
"tesoro","treasure","anticipation","0.854","0.184","0.642","medio"
"tesoro","treasure","joy","0.854","0.184","0.642","medio"
"tesoro","treasure","trust","0.854","0.184","0.642","medio"
"testamento","testament","anticipation","0.188","-0.16","0.612","medio"
"testamento","testament","trust","0.188","-0.16","0.612","medio"
"testigo","witness","trust","0.124","0.138","0.186","medio"
"testigo ocular","eyewitness","trust","0.082","0.372","0.396","alto"
"testimonio","testimony","trust","0.23","0.156","0.286","medio"
"tétanos","tetanus","disgust","-0.734","0.154","-0.264","medio"
"tía","aunt","trust","0.334","-0.418","-0.16","bajo"
"tiempo","time","anticipation","0.208","-0.424","0.218","bajo"
"Tienda","store","anticipation","0.292","0.076","-0.186","medio"
"tierno","tender","joy","0.26","0.04","0.018","medio"
"tierno","tender","trust","0.26","0.04","0.018","medio"
"tifón","typhoon","fear","-0.354","0.592","0.394","alto"
"timidez","timidity","anticipation","-0.334","-0.284","-0.694","medio"
"timidez","timidity","fear","-0.334","-0.284","-0.694","medio"
"tímido","timid","fear","-0.346","-0.448","-0.736","bajo"
"tímido","coy","fear","-0.306","-0.34","-0.574","bajo"
"tímido","timid","sadness","-0.346","-0.448","-0.736","bajo"
"tipo","kind","joy","0.836","-0.52","0.236","bajo"
"tipo","kind","trust","0.836","-0.52","0.236","bajo"
"tirador","shooter","fear","-0.552","0.628","0.548","alto"
"tiranía","tyranny","fear","-0.776","0.584","0.41","alto"
"tiranía","tyranny","sadness","-0.776","0.584","0.41","alto"
"tiránico","tyrannical","anger","-0.666","0.72","0.462","alto"
"tiránico","tyrannical","disgust","-0.666","0.72","0.462","alto"
"tiránico","tyrannical","fear","-0.666","0.72","0.462","alto"
"tirano","tyrant","anger","-0.77","0.7","0.366","alto"
"tirano","tyrant","disgust","-0.77","0.7","0.366","alto"
"tirano","tyrant","fear","-0.77","0.7","0.366","alto"
"tirano","tyrant","sadness","-0.77","0.7","0.366","alto"
"tiroteo","shooting","anger","-0.448","0.862","0.204","alto"
"tiroteo","shooting","fear","-0.448","0.862","0.204","alto"
"título","title","trust","0.416","-0.288","0.148","medio"
"tizón","smut","disgust","-0.286","-0.28","-0.302","medio"
"tizón","smut","fear","-0.286","-0.28","-0.302","medio"
"tolerar","tolerate","anger","0.448","-0.14","0.176","medio"
"tolerar","tolerate","sadness","0.448","-0.14","0.176","medio"
"tomar","grab","anger","-0.104","0.412","0.076","alto"
"tomar represalias","retaliate","anger","-0.778","0.624","0.19","alto"
"tontería","nuisance","anger","-0.604","0.634","-0.546","alto"
"tonterías","crap","disgust","-0.834","0.288","-0.666","medio"
"tonto","silly","joy","-0.232","-0.302","-0.678","medio"
"toque de difuntos","knell","fear","-0.292","0","-0.246","medio"
"toque de difuntos","knell","sadness","-0.292","0","-0.246","medio"
"torbellino","whirlpool","fear","0.42","-0.17","-0.116","medio"
"torbellino","whirlwind","fear","-0.166","0.83","0.34","alto"
"tormenta","storm","anger","-0.624","0.88","0.086","alto"
"tormento","torment","anger","-0.886","0.5","-0.226","alto"
"tormento","torment","fear","-0.886","0.5","-0.226","alto"
"tormento","torment","sadness","-0.886","0.5","-0.226","alto"
"Tormentoso","stormy","fear","-0.708","0.74","0.124","alto"
"tornado","tornado","fear","-0.48","0.792","0.568","alto"
"torpedo","torpedo","anger","-0.562","0.588","0.414","alto"
"torpeza","awkwardness","disgust","-0.666","-0.092","-0.704","medio"
"torpeza","blunder","disgust","-0.73","0.27","-0.588","medio"
"torpeza","blunder","sadness","-0.73","0.27","-0.588","medio"
"torre","rook","anger","-0.24","-0.2","0.02","medio"
"torre","rook","disgust","-0.24","-0.2","0.02","medio"
"torrente","torrent","fear","0.082","0.49","0.352","alto"
"tortazo","smack","anger","-0.354","0.324","-0.238","medio"
"tortuoso","tortious","anger","-0.376","0.448","-0.018","alto"
"tortuoso","tortious","disgust","-0.376","0.448","-0.018","alto"
"tortura","torture","anger","-0.77","0.756","0.11","alto"
"tortura","torture","anticipation","-0.77","0.756","0.11","alto"
"tortura","torture","disgust","-0.77","0.756","0.11","alto"
"tortura","torture","fear","-0.77","0.756","0.11","alto"
"tortura","torture","sadness","-0.77","0.756","0.11","alto"
"tos","cough","disgust","-0.49","0.254","-0.518","medio"
"tostada","toast","joy","0.48","-0.236","-0.288","medio"
"tóxico","toxic","disgust","-0.908","0.77","-0.241","alto"
"toxina","toxin","fear","-0.77","0.308","-0.088","medio"
"trabajado","labored","sadness","0.292","-0.098","0.274","medio"
"tracto","tract","fear","-0.188","-0.156","-0.322","medio"
"traducción","translation","trust","0.266","-0.13","0.196","medio"
"tragedia","tragedy","fear","-0.896","0.686","-0.32","alto"
"tragedia","tragedy","sadness","-0.896","0.686","-0.32","alto"
"trago","swig","disgust","0.208","-0.038","-0.188","medio"
"trago","gulp","fear","0.102","0.32","-0.182","medio"
"trago","gulp","surprise","0.102","0.32","-0.182","medio"
"traición","treason","anger","-0.812","0.612","0.104","alto"
"traición","betrayal","anger","-0.917","0.438","-0.164","alto"
"traición","treachery","anger","-0.792","0.704","-0.104","alto"
"traición","betrayal","disgust","-0.917","0.438","-0.164","alto"
"traición","treason","disgust","-0.812","0.612","0.104","alto"
"traición","treason","fear","-0.812","0.612","0.104","alto"
"traición","treachery","fear","-0.792","0.704","-0.104","alto"
"traición","treachery","sadness","-0.792","0.704","-0.104","alto"
"traición","betrayal","sadness","-0.917","0.438","-0.164","alto"
"traición","treachery","surprise","-0.792","0.704","-0.104","alto"
"traición","treason","surprise","-0.812","0.612","0.104","alto"
"traicionar","betray","anger","-0.916","0.74","0.072","alto"
"traicionar","betray","disgust","-0.916","0.74","0.072","alto"
"traicionar","betray","sadness","-0.916","0.74","0.072","alto"
"traicionar","betray","surprise","-0.916","0.74","0.072","alto"
"traicionero","treacherous","anger","-0.776","0.63","-0.196","alto"
"traicionero","treacherous","disgust","-0.776","0.63","-0.196","alto"
"traicionero","treacherous","fear","-0.776","0.63","-0.196","alto"
"traidor","traitor","anger","-0.776","0.592","-0.018","alto"
"traidor","traitor","disgust","-0.776","0.592","-0.018","alto"
"traidor","traitor","fear","-0.776","0.592","-0.018","alto"
"traidor","traitor","sadness","-0.776","0.592","-0.018","alto"
"trampa","pitfall","anger","-0.646","0.55","0.016","alto"
"trampa","pitfall","disgust","-0.646","0.55","0.016","alto"
"trampa","snare","fear","-0.542","0.7","-0.068","alto"
"trampa","pitfall","fear","-0.646","0.55","0.016","alto"
"trampa","pitfall","sadness","-0.646","0.55","0.016","alto"
"trampa","pitfall","surprise","-0.646","0.55","0.016","alto"
"tranquilidad","tranquility","joy","0.68","-0.73","-0.116","bajo"
"tranquilidad","tranquility","trust","0.68","-0.73","-0.116","bajo"
"tranquilizar","reassure","trust","0.674","-0.388","0.26","bajo"
"tranquilo","tranquil","joy","0.917","-0.937","-0.321","bajo"
"tranquilo","quiet","sadness","0.584","-0.881","-0.167","bajo"
"transacción","transaction","trust","0.3","0.154","0.158","medio"
"transacciones","dealings","trust","0.2","-0.018","-0.04","medio"
"transcripción","transcript","trust","0.278","-0.204","0.056","medio"
"transicional","transitional","anticipation","0.146","-0.056","-0.018","medio"
"transpiración","perspiration","disgust","-0.23","0.334","-0.02","alto"
"transporte","conveyancing","trust","-0.25","-0.042","0.326","medio"
"trascendencia","transcendence","anticipation","0.312","0.216","0.508","medio"
"trascendencia","transcendence","joy","0.312","0.216","0.508","medio"
"trascendencia","transcendence","surprise","0.312","0.216","0.508","medio"
"trascendencia","transcendence","trust","0.312","0.216","0.508","medio"
"trastornado","deranged","anger","-0.248","0.736","-0.286","alto"
"trastornado","deranged","disgust","-0.248","0.736","-0.286","alto"
"trastornado","deranged","fear","-0.248","0.736","-0.286","alto"
"trastorno","disorder","fear","-0.77","0.632","-0.564","alto"
"tratar","treat","anger","0.146","0.142","-0.128","medio"
"tratar","treat","anticipation","0.146","0.142","-0.128","medio"
"tratar","treat","disgust","0.146","0.142","-0.128","medio"
"tratar","treat","fear","0.146","0.142","-0.128","medio"
"tratar","treat","joy","0.146","0.142","-0.128","medio"
"tratar","treat","sadness","0.146","0.142","-0.128","medio"
"tratar","treat","surprise","0.146","0.142","-0.128","medio"
"tratar","treat","trust","0.146","0.142","-0.128","medio"
"traumático","traumatic","anger","-0.876","0.77","-0.146","alto"
"traumático","traumatic","fear","-0.876","0.77","-0.146","alto"
"traumático","traumatic","sadness","-0.876","0.77","-0.146","alto"
"tregua","truce","joy","0.376","-0.118","-0.094","medio"
"tregua","truce","trust","0.376","-0.118","-0.094","medio"
"tremendo","thundering","anger","-0.326","0.556","0.4","alto"
"tremendo","thundering","fear","-0.326","0.556","0.4","alto"
"tribu","tribe","trust","0.328","-0.028","0.032","medio"
"tribulación","tribulation","fear","-0.104","0.224","-0.032","medio"
"tribulación","tribulation","sadness","-0.104","0.224","-0.032","medio"
"tribuna","tribune","trust","0.22","0.17","0.112","medio"
"tribunal","court","anger","-0.042","0.538","0.654","alto"
"tribunal","tribunal","anticipation","-0.18","0.34","0.594","alto"
"tribunal","court","anticipation","-0.042","0.538","0.654","alto"
"tribunal","tribunal","disgust","-0.18","0.34","0.594","alto"
"tribunal","tribunal","fear","-0.18","0.34","0.594","alto"
"tribunal","court","fear","-0.042","0.538","0.654","alto"
"tribunal","tribunal","trust","-0.18","0.34","0.594","alto"
"trillar","thresh","anger","-0.02","-0.166","0","medio"
"trillar","thresh","fear","-0.02","-0.166","0","medio"
"trillar","thresh","sadness","-0.02","-0.166","0","medio"
"tripulación","crew","trust","0.208","0.196","0.47","medio"
"triste","mournful","anger","-0.64","-0.118","-0.624","medio"
"triste","dismal","disgust","-0.612","-0.1","-0.616","medio"
"triste","dismal","fear","-0.612","-0.1","-0.616","medio"
"triste","mournful","fear","-0.64","-0.118","-0.624","medio"
"triste","sorrowful","sadness","-0.902","-0.156","-0.674","medio"
"triste","dismal","sadness","-0.612","-0.1","-0.616","medio"
"triste","dreary","sadness","-0.48","-0.02","-0.352","medio"
"triste","mournful","sadness","-0.64","-0.118","-0.624","medio"
"tristemente","miserably","sadness","-0.44","0.09","-0.7","medio"
"tristeza","sorrow","fear","-0.896","-0.53","-0.672","bajo"
"tristeza","sadness","sadness","-0.896","-0.424","-0.672","bajo"
"tristeza","sorrow","sadness","-0.896","-0.53","-0.672","bajo"
"tristeza","sadness","trust","-0.896","-0.424","-0.672","bajo"
"triunfante","triumphant","anticipation","0.898","0.674","0.972","alto"
"triunfante","triumphant","joy","0.898","0.674","0.972","alto"
"triunfante","triumphant","trust","0.898","0.674","0.972","alto"
"triunfar","succeed","anticipation","0.852","0.51","0.852","alto"
"triunfar","succeed","joy","0.852","0.51","0.852","alto"
"triunfar","succeed","surprise","0.852","0.51","0.852","alto"
"triunfar","succeed","trust","0.852","0.51","0.852","alto"
"triunfo","triumph","anticipation","0.938","0.596","0.852","alto"
"triunfo","triumph","joy","0.938","0.596","0.852","alto"
"triunfo","trump","surprise","0.28","0.432","0.796","alto"
"trofeo","trophy","anticipation","0.894","0.286","0.352","medio"
"trofeo","trophy","joy","0.894","0.286","0.352","medio"
"trofeo","trophy","surprise","0.894","0.286","0.352","medio"
"trofeo","trophy","trust","0.894","0.286","0.352","medio"
"Troll","troll","anger","-0.244","0.254","-0.346","medio"
"Troll","troll","fear","-0.244","0.254","-0.346","medio"
"trompeteo","fanfare","anticipation","0.312","0.28","-0.126","medio"
"trompeteo","fanfare","joy","0.312","0.28","-0.126","medio"
"trompeteo","fanfare","surprise","0.312","0.28","-0.126","medio"
"trono","throne","trust","0.448","0.212","0.774","medio"
"tropezando","tripping","anger","-0.448","0.188","-0.414","medio"
"tropezando","tripping","sadness","-0.448","0.188","-0.414","medio"
"trozo","gob","disgust","-0.44","-0.286","-0.106","medio"
"truco","trick","surprise","0.084","0.4","-0.182","alto"
"tumba","grave","fear","-0.694","-0.23","-0.228","medio"
"tumba","grave","sadness","-0.694","-0.23","-0.228","medio"
"tumba","tomb","sadness","-0.776","0","-0.314","medio"
"tumor","tumor","fear","-0.796","0.328","-0.352","medio"
"tumor","tumour","fear","-0.816","0.254","-0.072","medio"
"tumor","tumour","sadness","-0.816","0.254","-0.072","medio"
"tumulto","tumult","anger","-0.458","0.28","0.272","medio"
"tumulto","tumult","fear","-0.458","0.28","0.272","medio"
"tumulto","tumult","surprise","-0.458","0.28","0.272","medio"
"tumultuoso","tumultuous","anger","-0.625","1","0.312","alto"
"tumultuoso","tumultuous","fear","-0.625","1","0.312","alto"
"turbio","murky","disgust","-0.714","0.236","-0.26","medio"
"turbio","murky","sadness","-0.714","0.236","-0.26","medio"
"turbulencia","turbulence","anger","-0.876","0.844","0.064","alto"
"turbulencia","turbulence","fear","-0.876","0.844","0.064","alto"
"turbulento","turbulent","fear","-0.396","0.584","0.224","alto"
"tutela","guardianship","trust","0.184","-0.26","0.362","medio"
"tutela","tutelage","trust","-0.214","-0.116","0.218","medio"
"ujier","usher","trust","0.042","-0.12","0.038","medio"
"úlcera","ulcer","anger","-0.428","0.192","-0.246","medio"
"úlcera","ulcer","disgust","-0.428","0.192","-0.246","medio"
"úlcera","ulcer","fear","-0.428","0.192","-0.246","medio"
"úlcera","ulcer","sadness","-0.428","0.192","-0.246","medio"
"ultimátum","ultimatum","anger","-0.562","0.71","0.674","alto"
"ultimátum","ultimatum","fear","-0.562","0.71","0.674","alto"
"último","ultimate","anticipation","0.296","0.29","0.088","medio"
"último","ultimate","sadness","0.296","0.29","0.088","medio"
"ulular","hoot","anger","-0.102","0.12","-0.14","medio"
"ulular","hoot","disgust","-0.102","0.12","-0.14","medio"
"único","unique","surprise","0.646","-0.306","0.322","medio"
"unidad","unity","trust","0.674","-0.424","0.316","bajo"
"unido","united","trust","0.562","-0.138","0.566","medio"
"unificación","unification","anticipation","0.376","-0.31","0.576","medio"
"unificación","unification","joy","0.376","-0.31","0.576","medio"
"unificación","unification","trust","0.376","-0.31","0.576","medio"
"unir","merge","anticipation","0.52","-0.04","0.466","medio"
"Universidad","university","anticipation","0.47","0.148","0.482","medio"
"urgencia","urgency","anticipation","-0.142","0.816","0.086","alto"
"urgencia","urgency","fear","-0.142","0.816","0.086","alto"
"urgencia","urgency","surprise","-0.142","0.816","0.086","alto"
"urgente","urgent","anticipation","-0.346","0.836","0.246","alto"
"urgente","urgent","fear","-0.346","0.836","0.246","alto"
"urgente","urgent","surprise","-0.346","0.836","0.246","alto"
"urna","urn","sadness","-0.612","0.04","-0.41","medio"
"usurpado","usurped","anger","-0.416","0.56","-0.124","alto"
"usurpado","usurped","fear","-0.416","0.56","-0.124","alto"
"usurpar","usurp","anger","-0.75","0.636","-0.134","alto"
"útil","helpful","joy","0.632","-0.326","0.41","medio"
"útil","helpful","trust","0.632","-0.326","0.41","medio"
"utilización de tazas","cupping","disgust","-0.02","0.22","-0.196","medio"
"utilización de tazas","cupping","fear","-0.02","0.22","-0.196","medio"
"utilización de tazas","cupping","sadness","-0.02","0.22","-0.196","medio"
"utópico","utopian","anticipation","0.084","-0.346","0.104","bajo"
"utópico","utopian","joy","0.084","-0.346","0.104","bajo"
"utópico","utopian","trust","0.084","-0.346","0.104","bajo"
"vacaciones","vacation","anticipation","0.68","-0.02","0.196","medio"
"vacaciones","vacation","joy","0.68","-0.02","0.196","medio"
"vacilación","hesitation","fear","-0.428","-0.208","-0.566","medio"
"vacilante","halting","fear","-0.49","0.192","0.038","medio"
"vacilante","halting","sadness","-0.49","0.192","0.038","medio"
"vacilar","waver","fear","-0.148","0.26","-0.49","medio"
"vacío","vacuous","disgust","-0.292","-0.466","-0.392","bajo"
"vacío","emptiness","sadness","-0.646","-0.654","-0.632","bajo"
"vagabundo","tramp","disgust","-0.784","0.02","-0.636","medio"
"vagabundo","tramp","fear","-0.784","0.02","-0.636","medio"
"vagabundo","tramp","sadness","-0.784","0.02","-0.636","medio"
"Vagabundo","homeless","anger","-0.916","-0.1","-0.624","medio"
"Vagabundo","homeless","anticipation","-0.916","-0.1","-0.624","medio"
"Vagabundo","homeless","disgust","-0.916","-0.1","-0.624","medio"
"Vagabundo","homeless","fear","-0.916","-0.1","-0.624","medio"
"Vagabundo","homeless","sadness","-0.916","-0.1","-0.624","medio"
"vale","voucher","trust","0.244","-0.168","0.202","medio"
"validez","validity","fear","0.292","-0.06","0.412","medio"
"valiente","courageous","fear","0.836","0.174","0.758","medio"
"valioso","worthy","trust","0.624","-0.32","0.592","medio"
"valor","valor","trust","0.666","-0.116","0.526","medio"
"valorar","cherish","anticipation","0.792","-0.018","0.304","medio"
"valorar","cherish","joy","0.792","-0.018","0.304","medio"
"valorar","cherish","surprise","0.792","-0.018","0.304","medio"
"valorar","cherish","trust","0.792","-0.018","0.304","medio"
"valores","securities","trust","0.5","-0.392","0.704","bajo"
"vampiro","vampire","anger","-0.458","0.604","0.09","alto"
"vampiro","vampire","disgust","-0.458","0.604","0.09","alto"
"vampiro","vampire","fear","-0.458","0.604","0.09","alto"
"vanamente","vainly","disgust","-0.27","-0.434","-0.662","bajo"
"vanamente","vainly","sadness","-0.27","-0.434","-0.662","bajo"
"variable","variable","surprise","0.24","-0.186","-0.2","medio"
"varicela","varicella","disgust","-0.632","0.186","-0.372","medio"
"varicela","varicella","fear","-0.632","0.186","-0.372","medio"
"varicela","varicella","sadness","-0.632","0.186","-0.372","medio"
"varilla","rod","fear","-0.042","-0.362","-0.29","bajo"
"varilla","rod","trust","-0.042","-0.362","-0.29","bajo"
"vecindario","neighborhood","anticipation","-0.23","-0.062","-0.254","medio"
"Vecino","neighbor","anticipation","0.314","-0.104","-0.132","medio"
"Vecino","neighbor","trust","0.314","-0.104","-0.132","medio"
"vegetativo","vegetative","disgust","0","-0.46","-0.298","bajo"
"vegetativo","vegetative","sadness","0","-0.46","-0.298","bajo"
"vehemente","vehement","anger","0","0","0.15","medio"
"vehemente","vehement","fear","0","0","0.15","medio"
"venda","blindfold","anticipation","-0.104","0.368","-0.326","alto"
"venda","blindfold","fear","-0.104","0.368","-0.326","alto"
"venda","blindfold","surprise","-0.104","0.368","-0.326","alto"
"vendetta","vendetta","anger","-0.604","0.568","0.166","alto"
"vendetta","vendetta","fear","-0.604","0.568","0.166","alto"
"vendetta","vendetta","sadness","-0.604","0.568","0.166","alto"
"veneno","venom","anger","-0.75","0.54","-0.018","alto"
"veneno","poison","anger","-0.917","0.575","0.264","alto"
"veneno","venom","disgust","-0.75","0.54","-0.018","alto"
"veneno","poison","disgust","-0.917","0.575","0.264","alto"
"veneno","poison","fear","-0.917","0.575","0.264","alto"
"veneno","venom","fear","-0.75","0.54","-0.018","alto"
"veneno","poison","sadness","-0.917","0.575","0.264","alto"
"venenoso","poisonous","anger","-0.796","0.74","0.066","alto"
"venenoso","venomous","anger","-0.682","0.682","0.272","alto"
"venenoso","poisonous","disgust","-0.796","0.74","0.066","alto"
"venenoso","venomous","disgust","-0.682","0.682","0.272","alto"
"venenoso","venomous","fear","-0.682","0.682","0.272","alto"
"venenoso","poisonous","fear","-0.796","0.74","0.066","alto"
"venenoso","poisonous","sadness","-0.796","0.74","0.066","alto"
"venerable","venerable","anticipation","0.416","-0.262","0.2","medio"
"venerable","venerable","joy","0.416","-0.262","0.2","medio"
"venerable","venerable","trust","0.416","-0.262","0.2","medio"
"vengador","avenger","anger","-0.326","0.73","0.34","alto"
"venganza","retribution","anger","0.25","-0.02","0.416","medio"
"venganza","revenge","anger","-0.54","0.88","0.254","alto"
"venganza","vengeance","anger","-0.794","0.854","0.438","alto"
"venganza","revenge","anticipation","-0.54","0.88","0.254","alto"
"venganza","revenge","fear","-0.54","0.88","0.254","alto"
"venganza","retribution","fear","0.25","-0.02","0.416","medio"
"venganza","retribution","sadness","0.25","-0.02","0.416","medio"
"venganza","revenge","surprise","-0.54","0.88","0.254","alto"
"vengativo","vindictive","anger","-0.816","0.66","0","alto"
"vengativo","vengeful","anger","-0.7","0.68","0.122","alto"
"vengativo","retaliatory","anger","-0.612","0.73","0.196","alto"
"vengativo","vindictive","disgust","-0.816","0.66","0","alto"
"vengativo","vengeful","fear","-0.7","0.68","0.122","alto"
"ventaja","advance","anticipation","0.346","-0.056","0.716","medio"
"ventaja","advance","fear","0.346","-0.056","0.716","medio"
"ventaja","advance","joy","0.346","-0.056","0.716","medio"
"ventaja","advance","surprise","0.346","-0.056","0.716","medio"
"ventosa","sucker","anger","-0.47","-0.214","-0.592","medio"
"veracidad","veracity","anticipation","0.47","0.448","0.596","alto"
"veracidad","veracity","joy","0.47","0.448","0.596","alto"
"veracidad","veracity","surprise","0.47","0.448","0.596","alto"
"veracidad","veracity","trust","0.47","0.448","0.596","alto"
"veracidad","truthfulness","trust","0.84","0.098","0.616","medio"
"veraz","truthful","trust","0.416","-0.066","0.614","medio"
"verdad","truth","trust","0.942","-0.2","0.37","medio"
"verdadero","true","joy","0.792","-0.128","0.554","medio"
"verdadero","true","trust","0.792","-0.128","0.554","medio"
"verde","green","joy","0.26","-0.388","-0.334","bajo"
"verde","green","trust","0.26","-0.388","-0.334","bajo"
"verdugo","executioner","anger","-0.53","0.632","0.352","alto"
"verdugo","executioner","fear","-0.53","0.632","0.352","alto"
"verdugo","hangman","fear","-0.694","0.754","0.11","alto"
"verdugo","executioner","sadness","-0.53","0.632","0.352","alto"
"veredicto","verdict","fear","-0.35","0.378","0.6","alto"
"vergonzoso","disgraceful","anger","-0.836","0.404","-0.52","alto"
"vergonzoso","disgraceful","disgust","-0.836","0.404","-0.52","alto"
"vergonzoso","shameful","sadness","-0.92","0.36","-0.472","alto"
"verguenza","shame","disgust","-0.88","0.34","-0.69","alto"
"verguenza","shame","fear","-0.88","0.34","-0.69","alto"
"verguenza","shame","sadness","-0.88","0.34","-0.69","alto"
"vergüenza","embarrassment","fear","-0.714","0.37","-0.548","alto"
"vergüenza","embarrassment","sadness","-0.714","0.37","-0.548","alto"
"vergüenza","embarrassment","surprise","-0.714","0.37","-0.548","alto"
"verificación","verification","trust","0.5","-0.448","0.284","bajo"
"verificado","verified","trust","0.562","-0.266","0.354","medio"
"vernal","vernal","joy","0.106","-0.196","-0.098","medio"
"verruga","wart","disgust","-0.836","-0.372","-0.59","bajo"
"versus","versus","anger","-0.38","0","-0.106","medio"
"vertical","upright","trust","0.334","-0.254","0.2","medio"
"vértigo","vertigo","fear","-0.416","0.31","-0.11","medio"
"vesicular","vesicular","disgust","-0.572","-0.12","-0.034","medio"
"veterano","veteran","trust","0.12","-0.138","0.518","medio"
"veto","veto","anger","-0.458","-0.076","0.018","medio"
"viaje","voyage","anticipation","0.632","0.428","0.16","alto"
"viaje","journey","anticipation","0.82","0.404","0.25","alto"
"viaje","journey","fear","0.82","0.404","0.25","alto"
"viaje","journey","joy","0.82","0.404","0.25","alto"
"viaje","trip","surprise","0.75","0.286","0.076","medio"
"víbora","viper","fear","-0.681","0.53","1","alto"
"vicario","vicar","trust","0.062","-0.26","0.11","medio"
"vicioso","vicious","anger","-0.584","0.388","-0.186","alto"
"vicioso","vicious","disgust","-0.584","0.388","-0.186","alto"
"víctima","victim","anger","-0.77","0.352","-0.596","alto"
"víctima","casualty","anger","-0.53","-0.452","-0.736","bajo"
"víctima","sufferer","fear","-0.688","0.38","-0.444","alto"
"víctima","casualty","fear","-0.53","-0.452","-0.736","bajo"
"víctima","victim","fear","-0.77","0.352","-0.596","alto"
"víctima","victim","sadness","-0.77","0.352","-0.596","alto"
"víctima","casualty","sadness","-0.53","-0.452","-0.736","bajo"
"víctima","sufferer","sadness","-0.688","0.38","-0.444","alto"
"victimizado","victimized","anger","-0.77","0.288","-0.454","medio"
"victimizado","victimized","disgust","-0.77","0.288","-0.454","medio"
"victimizado","victimized","fear","-0.77","0.288","-0.454","medio"
"victimizado","victimized","sadness","-0.77","0.288","-0.454","medio"
"victimizado","victimized","surprise","-0.77","0.288","-0.454","medio"
"Víctor","victor","joy","0.604","0.174","0.592","medio"
"victoria","victory","anticipation","0.876","0.47","0.862","alto"
"victoria","victory","joy","0.876","0.47","0.862","alto"
"victoria","victory","trust","0.876","0.47","0.862","alto"
"victorioso","winning","anticipation","0.91","0.424","0.972","alto"
"victorioso","winning","disgust","0.91","0.424","0.972","alto"
"victorioso","victorious","joy","0.768","0.772","0.892","alto"
"victorioso","winning","joy","0.91","0.424","0.972","alto"
"victorioso","winning","sadness","0.91","0.424","0.972","alto"
"victorioso","winning","surprise","0.91","0.424","0.972","alto"
"victorioso","winning","trust","0.91","0.424","0.972","alto"
"viga","girder","trust","-0.224","-0.51","-0.096","bajo"
"vigilancia","vigilance","anticipation","-0.02","0.23","0.448","medio"
"vigilancia","alertness","anticipation","-0.25","0.75","0.5","alto"
"vigilancia","surveillance","fear","-0.27","0.44","0.436","alto"
"vigilancia","alertness","fear","-0.25","0.75","0.5","alto"
"vigilancia","alertness","surprise","-0.25","0.75","0.5","alto"
"vigilancia","vigilance","trust","-0.02","0.23","0.448","medio"
"vigilante","vigilant","fear","-0.062","0.286","0.582","medio"
"vigilante","vigilant","trust","-0.062","0.286","0.582","medio"
"vigilante","caretaker","trust","0.428","0.062","0.518","medio"
"vigilante","watchful","trust","-0.228","-0.02","0.35","medio"
"vigilia","vigil","anticipation","0.042","-0.04","-0.018","medio"
"vigoroso","vigorous","trust","0.714","0.54","0.794","alto"
"vil","nefarious","disgust","-0.632","0.44","0.056","alto"
"vil","nefarious","fear","-0.632","0.44","0.056","alto"
"vil","nefarious","sadness","-0.632","0.44","0.056","alto"
"vil","nefarious","surprise","-0.632","0.44","0.056","alto"
"villancico","carol","joy","0.346","-0.176","-0.128","medio"
"villancico","carol","trust","0.346","-0.176","-0.128","medio"
"villano","villainous","anger","-0.756","0.68","-0.06","alto"
"villano","villainous","disgust","-0.756","0.68","-0.06","alto"
"villano","villainous","fear","-0.756","0.68","-0.06","alto"
"villano","villain","fear","-0.646","0.784","0.18","alto"
"vindicación","vindication","anticipation","0.062","0.264","0.528","medio"
"vindicación","vindication","joy","0.062","0.264","0.528","medio"
"vindicación","vindication","trust","0.062","0.264","0.528","medio"
"vindicar","vindicate","anger","0.312","0.192","0.534","medio"
"viniendo","coming","anticipation","0.306","-0.166","0","medio"
"violación","rape","anger","-0.876","0.712","0.054","alto"
"violación","violation","anger","-0.834","0.784","-0.174","alto"
"violación","rape","disgust","-0.876","0.712","0.054","alto"
"violación","violation","fear","-0.834","0.784","-0.174","alto"
"violación","rape","fear","-0.876","0.712","0.054","alto"
"violación","violation","sadness","-0.834","0.784","-0.174","alto"
"violación","rape","sadness","-0.876","0.712","0.054","alto"
"violación","violation","surprise","-0.834","0.784","-0.174","alto"
"violencia","violence","anger","-0.878","0.866","0.438","alto"
"violencia","violence","fear","-0.878","0.866","0.438","alto"
"violencia","violence","sadness","-0.878","0.866","0.438","alto"
"violentamente","violently","anger","-0.76","0.97","0.011","alto"
"violentamente","violently","disgust","-0.76","0.97","0.011","alto"
"violentamente","violently","fear","-0.76","0.97","0.011","alto"
"violentamente","violently","sadness","-0.76","0.97","0.011","alto"
"violento","violent","anger","-0.776","0.836","0.232","alto"
"violento","violent","disgust","-0.776","0.836","0.232","alto"
"violento","violent","fear","-0.776","0.836","0.232","alto"
"violento","violent","surprise","-0.776","0.836","0.232","alto"
"viraje","swerve","fear","-0.448","0.224","-0.286","medio"
"viraje","swerve","surprise","-0.448","0.224","-0.286","medio"
"virar","veer","fear","-0.062","-0.14","-0.324","medio"
"virar","veer","surprise","-0.062","-0.14","-0.324","medio"
"virgen","virgin","trust","0.244","-0.134","-0.076","medio"
"virginidad","virginity","anticipation","0.42","0.352","0.152","alto"
"virtud","virtue","trust","0.792","-0.114","0.654","medio"
"virtuoso","virtuous","joy","0.78","0.06","0.644","medio"
"virtuoso","virtuous","trust","0.78","0.06","0.644","medio"
"virulencia","virulence","anger","-0.812","0.066","-0.124","medio"
"virulencia","virulence","fear","-0.812","0.066","-0.124","medio"
"virus del herpes","herpesvirus","disgust","-0.562","0.116","-0.13","medio"
"viscosidad","goo","disgust","-0.122","-0.208","-0.376","medio"
"visera","visor","anticipation","-0.208","-0.02","-0.47","medio"
"visera","visor","surprise","-0.208","-0.02","-0.47","medio"
"visión","vision","anticipation","0.416","-0.106","0.484","medio"
"visionario","visionary","anticipation","0.646","0.13","0.582","medio"
"visionario","visionary","joy","0.646","0.13","0.582","medio"
"visionario","visionary","trust","0.646","0.13","0.582","medio"
"visitante","visitor","anticipation","0.292","-0.04","-0.078","medio"
"visitante","visitor","joy","0.292","-0.04","-0.078","medio"
"visto el futuro","foreseen","anticipation","0.132","-0.278","0.124","medio"
"vitalidad","vitality","joy","0.846","0.13","0.738","medio"
"vitalidad","vitality","trust","0.846","0.13","0.738","medio"
"viuda","widow","sadness","-0.5","-0.1","-0.47","medio"
"viudo","widower","sadness","-0.632","-0.188","-0.35","medio"
"viva","alive","anticipation","0.511","0.274","0.462","medio"
"viva","alive","joy","0.511","0.274","0.462","medio"
"viva","alive","trust","0.511","0.274","0.462","medio"
"Viva","hail","trust","-0.082","0.254","-0.178","medio"
"vivaz","vivacious","joy","0.56","0.64","0.516","alto"
"vívido","vivid","joy","0.396","0.254","0.334","medio"
"volador","flying","fear","0.754","0.212","0.392","medio"
"volatilidad","volatility","anger","-0.438","0.51","0.106","alto"
"volatilidad","volatility","anticipation","-0.438","0.51","0.106","alto"
"volatilidad","volatility","fear","-0.438","0.51","0.106","alto"
"volatilidad","volatility","surprise","-0.438","0.51","0.106","alto"
"volcán","volcano","fear","-0.52","0.688","0.574","alto"
"volcán","volcano","surprise","-0.52","0.688","0.574","alto"
"volumen","loudness","anger","-0.3","0.164","0.24","medio"
"voluntario","volunteer","anticipation","0.776","-0.156","0.192","medio"
"voluntario","volunteer","fear","0.776","-0.156","0.192","medio"
"voluntario","volunteer","joy","0.776","-0.156","0.192","medio"
"voluntario","volunteer","trust","0.776","-0.156","0.192","medio"
"voluntarios","volunteers","trust","0.64","-0.104","0.26","medio"
"voluptuoso","voluptuous","anticipation","0.346","0.438","0.584","alto"
"voluptuoso","voluptuous","joy","0.346","0.438","0.584","alto"
"vomitar","barf","disgust","-0.32","-0.018","-0.212","medio"
"vómito","puke","disgust","-0.592","0.09","-0.416","medio"
"vómito","vomit","disgust","-0.854","0.138","-0.624","medio"
"voraz","ravenous","anger","-0.188","0.4","0.018","alto"
"voraz","ravenous","fear","-0.188","0.4","0.018","alto"
"voraz","ravenous","sadness","-0.188","0.4","0.018","alto"
"votación","ballot","anticipation","0.042","-0.278","-0.284","medio"
"votación","ballot","trust","0.042","-0.278","-0.284","medio"
"votar","vote","anger","0.164","0","0.298","medio"
"votar","vote","anticipation","0.164","0","0.298","medio"
"votar","vote","joy","0.164","0","0.298","medio"
"votar","vote","sadness","0.164","0","0.298","medio"
"votar","vote","surprise","0.164","0","0.298","medio"
"votar","vote","trust","0.164","0","0.298","medio"
"votivo","votive","trust","-0.042","-0.08","-0.094","medio"
"voto","vow","anticipation","0.12","0.02","0.328","medio"
"voto","vow","joy","0.12","0.02","0.328","medio"
"voto","vow","trust","0.12","0.02","0.328","medio"
"vulgar","commonplace","anticipation","0.04","-0.326","-0.116","medio"
"vulgar","vulgar","disgust","-0.834","0.64","-0.11","alto"
"vulgar","commonplace","trust","0.04","-0.326","-0.116","medio"
"vulgaridad","vulgarity","anger","-0.792","0.74","-0.308","alto"
"vulgaridad","vulgarity","disgust","-0.792","0.74","-0.308","alto"
"vulgaridad","vulgarity","sadness","-0.792","0.74","-0.308","alto"
"vulnerabilidad","vulnerability","fear","-0.5","0.02","-0.466","medio"
"vulnerabilidad","vulnerability","sadness","-0.5","0.02","-0.466","medio"
"xenofobia","xenophobia","fear","-0.688","0.542","0","alto"
"zona de las calmas ecuatoriales","doldrums","sadness","-0.542","-0.15","-0.468","medio"
"zumbido","buzz","anticipation","-0.334","0.372","-0.25","alto"
"zumbido","buzz","fear","-0.334","0.372","-0.25","alto"
